الرمز الوطني (National Code),الاسم التجاري (Name),الاسم العلمي (Generic Name),الشكل الصيدلاني (Dosage Form),العيار / التركيز (Strength),الباركود (Barcode),الوحدة الكبرى (Main Unit),الوحدة الصغرى (Sub Unit),معامل التحويل (Sub Units Count),سعر التكلفة (Cost Price),سعر البيع كاش (Sale Price),سعر بيع الشريط (Sub Unit Sale Price),سعر الضمان الصحي (HI Price),مشمول بالضمان (Covered: 1 or 0)
01-AA0-004,digoxin 250mcg tab (Accord),digoxin 0.25mg/tab,حبوب,250mcg,,علبة,شريط,2,0,5500,2750,5500,1
01-AA0-004,Lanoxin 0.25mg tab (Aspen),digoxin 0.25mg/tab,حبوب,0.25mg,,علبة,شريط,4,0,7250,1812.5,7250,1
01-AA0-006,digoxin (Anafarm),digoxin amp,أمبول,,,علبة,أمبولة,6,0,5500,916.67,5500,1
01-B00-005,lasiphar 20mg solu. (pharonia pharmaceutical),furosemide 20mg/2ml,أمبول,20mg,,علبة,أمبولة,3,0,2000,666.67,2000,1
01-B00-005,hydroflux sol.for inj. (Intermed),furosemide 20mg/2ml,أمبول,20mg,,علبة,أمبولة,5,0,4000,800,4000,1
01-B00-005,Furosemide inj. IV&IM (Alborz Darou),furosemide 20mg/2ml,أمبول,20mg,,علبة,أمبولة,10,0,4500,450,4500,1
01-B00-005,Furosemide inj. (Gland pharma),furosemide 20mg/2ml,أمبول,20mg,,علبة,أمبولة,10,0,4500,450,4500,1
01-B00-005,Diusemide 20mg/2ml (amp) (APM),furosemide 20mg/2ml,أمبول,20mg,,علبة,أمبولة,5,0,4500,900,4500,1
01-B00-005,piozex 20mg/2ml amp (Pioneer),furosemide 20mg/2ml,أمبول,20mg,,علبة,أمبولة,5,0,5000,1000,5000,1
01-B00-005,Lasix amp (Delpharm Dijon),furosemide 20mg/2ml,أمبول,20mg,,علبة,أمبولة,5,0,6750,1350,6750,1
01-B00-007,lasimex - 40mg tab (SDI),furosemide 40MG,حبوب,40mg,,علبة,شريط,1,0,500,500,500,1
01-B00-007,kinemide 40mg (Al kindi co.),furosemide 40MG,حبوب,40mg,,علبة,شريط,2,0,1000,500,1000,1
01-B00-007,Lasexam 40mg tab ((ةرﻮﻄﺘﻤﻟا) مﺎﻌﻧﻻا),furosemide 40MG,حبوب,40mg,,علبة,شريط,3,0,1250,416.67,1250,1
01-B00-007,Salurin - 40mg tablet (Julphar),furosemide 40MG,حبوب,40mg,,علبة,شريط,1,0,1500,1500,1500,1
01-B00-007,furosemide-MDI tab,furosemide 40MG,حبوب,40MG,,علبة,شريط,3,0,1500,500,1500,1
01-B00-007,Lasix 40mg (Opella healthcare),furosemide 40MG,حبوب,40mg,,علبة,شريط,2,0,2750,1375,2750,1
01-B00-007,furosemide 40mg tab (Accord),furosemide 40MG,حبوب,40mg,,علبة,شريط,2,0,3000,1500,3000,1
01-B00-007,desal 40mg tab (Biofarma),furosemide 40MG,حبوب,40mg,,علبة,شريط,2,0,5000,2500,5000,1
01-B00-007,lasimex - 40mg tab (SDI),furosemide 40MG,حبوب,40mg,,علبة,شريط,50,0,21500,430,21500,1
01-B00-007,furosemide-MDI tab,furosemide 40MG,حبوب,40MG,,علبة,شريط,100,0,31000,310,31000,1
01-B00-007,lasimex - 40mg tab (SDI),furosemide 40MG,حبوب,40mg,,علبة,شريط,840,0,274000,326.19,274000,1
01-B00-013,diuzid tab (al safa),Hydrochlorothiazide 50mg,حبوب,50mg,,علبة,شريط,3,0,1750,583.33,1750,1
01-B00-013,urozide 50mg tab (Pioneer),Hydrochlorothiazide 50mg,حبوب,50mg,,علبة,شريط,3,0,3000,1000,3000,1
01-B00-013,Hydrochlorothiazide-50 (Advanced pharma industries),Hydrochlorothiazide 50mg,حبوب,50mg,,علبة,شريط,5,0,3750,750,3750,1
01-B00-016,Rolactone 25mg tab (Sama Al fayhaa),Spironolactone 25mg tab,حبوب,25mg,,علبة,شريط,3,0,4000,1333.33,4000,1
01-B00-016,SPIRONOLACTONE - 25 MG TAB (Accord health care),Spironolactone 25mg tab,حبوب,25 MG,,علبة,شريط,2,0,7750,3875,7750,1
01-B00-016,spironolactone 25mg tab (Bristol lab),Spironolactone 25mg tab,حبوب,25mg,,علبة,شريط,2,0,8750,4375,8750,1
01-B00-020,Rolactone 50mg tab (Al fayhaa),Spironolactone 50mg tab,حبوب,50mg,,علبة,شريط,3,0,5750,1916.67,5750,1
01-B00-017,SPIRONOLACTONE (accord),Spironolactone 100mg tab,حبوب,100mg,,علبة,شريط,2,0,10000,5000,10000,1
01-C00-008,Alphabeta - 6.25 mg tablet (Ajanta),Carvedilol 6.25mg,حبوب,6.25 mg,,علبة,شريط,2,0,1750,875,1750,1
01-C00-008,Karvedol 6.25mg (Al-Kindi co.),Carvedilol 6.25mg,حبوب,6.25mg,,علبة,شريط,3,0,3000,1000,3000,1
01-C00-008,Awacarvedol 6.25 mg (Awamedica),Carvedilol 6.25mg,حبوب,6.25 mg,,علبة,شريط,3,0,4250,1416.67,4250,1
01-C00-008,Coronis 6.25 mg tab. (bilim),Carvedilol 6.25mg,حبوب,6.25 mg,,علبة,شريط,2,0,5500,2750,5500,1
01-C00-008,Carvidol - 6.25mg tab (Pharma international),Carvedilol 6.25mg,حبوب,6.25mg,,علبة,شريط,3,0,5500,1833.33,5500,1
01-C00-008,Unidil 6.25 mg tab (UPM),Carvedilol 6.25mg,حبوب,6.25 mg,,علبة,شريط,3,0,5500,1833.33,5500,1
01-C00-008,Megacard 6.25mg tab (Pioneer),Carvedilol 6.25mg,حبوب,6.25mg,,علبة,شريط,3,0,5750,1916.67,5750,1
01-C00-008,Carvedilol Hexal 6.25mg tab (Salutuspharma GMBH),Carvedilol 6.25mg,حبوب,6.25mg,,علبة,شريط,3,0,8250,2750,8250,1
01-C00-008,carvedi-Denk 6.25 (Denk pharma),Carvedilol 6.25mg,حبوب,6.25mg,,علبة,شريط,3,0,8500,2833.33,8500,1
01-C00-025,becardin - 40mg tab (SDI),Propranolol hydrochloride 40mg Tablet or scored Tablet,حبوب,40mg,,علبة,شريط,1,0,750,750,750,1
01-C00-025,becardin - 40mg tab (SDI),Propranolol hydrochloride 40mg Tablet or scored Tablet,حبوب,40mg,,علبة,شريط,3,0,1750,583.33,1750,1
01-C00-025,procard 40 (Pioneer),Propranolol hydrochloride 40mg Tablet or scored Tablet,حبوب,40mg,,علبة,شريط,3,0,2500,833.33,2500,1
01-C00-025,Pranol Awa - 40mg tablet (Awamedica),Propranolol hydrochloride 40mg Tablet or scored Tablet,حبوب,40mg,,علبة,شريط,3,0,2500,833.33,2500,1
01-C00-025,Indicardin - 40mg Tab (APM),Propranolol hydrochloride 40mg Tablet or scored Tablet,حبوب,40mg,,علبة,شريط,5,0,3500,700,3500,1
01-C00-025,becardin 40mg tab (SDI),Propranolol hydrochloride 40mg Tablet or scored Tablet,حبوب,40mg,,علبة,شريط,50,0,24250,485,24250,1
01-C00-025,becardin - 40mg tab (SDI),Propranolol hydrochloride 40mg Tablet or scored Tablet,حبوب,40mg,,علبة,شريط,480,0,174000,362.5,174000,1
01-C00-012,labetalol solu. For inj (Omega laboratories LTD),Labetalol hydrochloride 5mg/ml (20ml Ampoule) or Vial,فيال,5mg,,علبة,فيال,1,0,38000,38000,38000,1
01-C00-017,Metoral 5mg/5ml (Alborz Darou),Metoprolol tartrate 1mg/1ml (5ml Ampoule) I.V,أمبول,5mg,,علبة,أمبولة,5,0,5000,1000,5000,1
01-C00-017,Betaloc liquid 1mg/1ml amp (Cenexi),Metoprolol tartrate 1mg/1ml (5ml Ampoule) I.V,أمبول,1mg,,علبة,أمبولة,5,0,21750,4350,21750,1
01-C00-019,Betablok SDK - 50mg CR film coated tablet (Ilko),Metoprolol Succinate 47.5mg ( Eq. Metoprolol tartrate 50mg),حبوب,50mg,,علبة,شريط,2,0,3000,1500,3000,1
01-C00-019,metracin - 50mg retard tab (Acino),Metoprolol Succinate 47.5mg ( Eq. Metoprolol tartrate 50mg),حبوب,50mg,,علبة,شريط,3,0,9500,3166.67,9500,1
01-C00-015,Metoprolol Awa - 50mg (Awamedica),Metoprolol tartrate 50mg Tablet,حبوب,50mg,,علبة,شريط,3,0,3000,1000,3000,1
01-C00-015,Met xl - 50mg tab (Ajanta),Metoprolol tartrate 50mg Tablet,حبوب,50mg,,علبة,شريط,3,0,3250,1083.33,3250,1
01-C00-015,Metoprolol-Kindi - 50mg tab. (Al kindi co.),Metoprolol tartrate 50mg Tablet,حبوب,50mg,,علبة,شريط,3,0,3750,1250,3750,1
01-C00-015,betablok SDK 50MG C.R. F.C.tab (Ilko ilac),Metoprolol tartrate 50mg Tablet,حبوب,50MG,,علبة,شريط,3,0,4250,1416.67,4250,1
01-C00-015,Metolok 50 - tablet (Sama Al fayhaa),Metoprolol tartrate 50mg Tablet,حبوب,50mg,,علبة,شريط,3,0,4500,1500,4500,1
01-C00-015,Metoprolol tartrate - 50 mg film coated tablet. (Bristol),Metoprolol tartrate 50mg Tablet,حبوب,50 mg,,علبة,شريط,2,0,7250,3625,7250,1
01-C00-015,Metohexal 50 mg tab.,Metoprolol tartrate 50mg Tablet,حبوب,50 mg,,علبة,شريط,5,0,8000,1600,8000,1
01-C00-015,adipressor 50mg tab (Adipharm EAD),Metoprolol tartrate 50mg Tablet,حبوب,50mg,,علبة,شريط,3,0,9000,3000,9000,1
01-C00-015,Betaloc Zok - 50 mg Tablet. (Astra zeneca),Metoprolol tartrate 50mg Tablet,حبوب,50 mg,,علبة,شريط,1,0,13000,13000,13000,1
01-C00-038,Met xl - 100mg tab (ajanta),Metoprolol succinate 95mg (Eq.Metoprolol tartrate 100mg ),حبوب,100mg,,علبة,شريط,3,0,5000,1666.67,5000,1
01-C00-038,betablok SDK - 100MG C.R. F.C.tab (ilko),Metoprolol succinate 95mg (Eq.Metoprolol tartrate 100mg ),حبوب,100MG,,علبة,شريط,2,0,7000,3500,7000,1
01-C00-038,metracin - 100mg retard tab (Acino),Metoprolol succinate 95mg (Eq.Metoprolol tartrate 100mg ),حبوب,100mg,,علبة,شريط,3,0,13250,4416.67,13250,1
01-C00-038,Betaloc Zok 100mg (Astra zeneca),Metoprolol succinate 95mg (Eq.Metoprolol tartrate 100mg ),حبوب,100mg,,علبة,شريط,1,0,17250,17250,17250,1
01-C00-006,Bisoprolol 5mg tab (Chanelle medical),Bisoprolol fumarate 5mg,حبوب,5mg,,علبة,شريط,2,0,3000,1500,3000,1
01-C00-006,bisodac 5mg tab (Aurobindo),Bisoprolol fumarate 5mg,حبوب,5mg,,علبة,شريط,2,0,3500,1750,3500,1
01-C00-006,BISOPROLOL - 5 MG F.C TAB (Accord),Bisoprolol fumarate 5mg,حبوب,5 MG,,علبة,شريط,2,0,4500,2250,4500,1
01-C00-006,Bisoprol 5 mg tab (UPM),Bisoprolol fumarate 5mg,حبوب,5 mg,,علبة,شريط,3,0,4750,1583.33,4750,1
01-C00-006,cardiosafe 5 (The Jordanian pharmaceutical),Bisoprolol fumarate 5mg,حبوب,5mg,,علبة,شريط,3,0,5000,1666.67,5000,1
01-C00-006,Rizoprol - 5mg film coated tablet (World medicine ilac),Bisoprolol fumarate 5mg,حبوب,5mg,,علبة,شريط,3,0,5000,1666.67,5000,1
01-C00-006,B-Cor - 5mg tab (Joswe),Bisoprolol fumarate 5mg,حبوب,5mg,,علبة,شريط,2,0,5000,2500,5000,1
01-C00-006,Cardex - 5 mg film coated tablet (Tabuk),Bisoprolol fumarate 5mg,حبوب,5 mg,,علبة,شريط,3,0,6000,2000,6000,1
01-C00-006,bisnor 5mg (Laboratorios Normon),Bisoprolol fumarate 5mg,حبوب,5mg,,علبة,شريط,2,0,6000,3000,6000,1
01-C00-006,bisolek 5mg tab (replek farm ltd),Bisoprolol fumarate 5mg,حبوب,5mg,,علبة,شريط,3,0,6750,2250,6750,1
01-C00-006,Bisoprolol-TAD - 5mg f.c.t (Krka dd),Bisoprolol fumarate 5mg,حبوب,5mg,,علبة,شريط,2,0,7500,3750,7500,1
01-C00-006,Concor - 5 mg Film-coated tablets (Merck serono),Bisoprolol fumarate 5mg,حبوب,5 mg,,علبة,شريط,2,0,11000,5500,11000,1
01-C00-041,B-Cor - 2.5mg tab (Joswe),Bisoprolol fumarate 2.5mg,حبوب,2.5mg,,علبة,شريط,3,0,3500,1166.67,3500,1
01-C00-041,BISOPROLOL 2.5 MG (Intas pharmaceutical),Bisoprolol fumarate 2.5mg,حبوب,2.5 MG,,علبة,شريط,2,0,4000,2000,4000,1
01-C00-041,Cardex 2.5 mg (Tabuk pharma),Bisoprolol fumarate 2.5mg,حبوب,2.5 mg,,علبة,شريط,3,0,4250,1416.67,4250,1
01-C00-041,bisnor 2.5mg (Laboratorios Normon),Bisoprolol fumarate 2.5mg,حبوب,2.5mg,,علبة,شريط,2,0,4250,2125,4250,1
01-C00-041,bisoprolol-TAD 2.5mg tab (Krka dd),Bisoprolol fumarate 2.5mg,حبوب,2.5mg,,علبة,شريط,2,0,4750,2375,4750,1
01-C00-041,Concor cor - 2.5 mg Film coated tablet (Merck),Bisoprolol fumarate 2.5mg,حبوب,2.5 mg,,علبة,شريط,2,0,7500,3750,7500,1
01-C00-010,carvedisam 25mg (SDI),Carvedilol 25mg Tablet,حبوب,25mg,,علبة,شريط,2,0,3000,1500,3000,1
01-C00-010,Karvedol 25mg (Al kindi co.),Carvedilol 25mg Tablet,حبوب,25mg,,علبة,شريط,3,0,4000,1333.33,4000,1
01-C00-010,Awacarvedol - 25mg tab (Awamedica),Carvedilol 25mg Tablet,حبوب,25mg,,علبة,شريط,3,0,4250,1416.67,4250,1
01-C00-010,CARVIDOL-MDI 25 Tablets,Carvedilol 25mg Tablet,حبوب,25mg,,علبة,شريط,2,0,4250,2125,4250,1
01-C00-010,Carvidol - 25mg tab. (Pharma international),Carvedilol 25mg Tablet,حبوب,25mg,,علبة,شريط,3,0,6500,2166.67,6500,1
01-C00-010,Unidil 25 mg tab (UPM),Carvedilol 25mg Tablet,حبوب,25 mg,,علبة,شريط,3,0,8250,2750,8250,1
01-C00-010,Megacard 25mg tab (Pioneer),Carvedilol 25mg Tablet,حبوب,25mg,,علبة,شريط,3,0,8500,2833.33,8500,1
01-C00-010,carvedi-Denk - 25mg tab (Denkpharma),Carvedilol 25mg Tablet,حبوب,25mg,,علبة,شريط,3,0,10500,3500,10500,1
01-C00-010,Carvedilol Hexal 25mg (Salutuspharma GMBH),Carvedilol 25mg Tablet,حبوب,25mg,,علبة,شريط,3,0,12250,4083.33,12250,1
01-C00-010,CARVIDOL-MDI - film coated tablets,Carvedilol 25mg Tablet,حبوب,25mg,,علبة,شريط,1800,0,1132000,628.89,1132000,1
01-D00-027,adozin 3mg/ml amp (Vem ilac),Adenosine 3mg/ml (2ml )Vial or Ampoule,أمبول,3mg,,علبة,أمبولة,1,0,3500,3500,3500,1
01-D00-027,EMERGCINE - ampoule (Pioneer),Adenosine 3mg/ml (2ml )Vial or Ampoule,أمبول,3mg,,علبة,أمبولة,5,0,17250,3450,17250,1
01-D00-027,xoria 6mg/2ml solu. For inj. (Hikma),Adenosine 3mg/ml (2ml )Vial or Ampoule,أمبول,6mg,,علبة,أمبولة,6,0,18500,3083.33,18500,1
01-D00-027,revardia 6mg/2ml solu. i.v inj (Tabuk),Adenosine 3mg/ml (2ml )Vial or Ampoule,فيال,6mg,,علبة,فيال,6,0,18500,3083.33,18500,1
01-D00-027,cardesine 6mg/2ml solu (MS pharma),Adenosine 3mg/ml (2ml )Vial or Ampoule,فيال,6mg,,علبة,فيال,6,0,23000,3833.33,23000,1
01-D00-027,Adenorythm sol. For inj. 3mg/ml (2ml) (Vianex),Adenosine 3mg/ml (2ml )Vial or Ampoule,فيال,3mg,,علبة,فيال,6,0,27750,4625,27750,1
01-D00-001,amiocord 150mg/3ml amp (Pioneer),Amiodarone hydrochloride 50mg/ml (3ml) Ampoule,أمبول,150mg,,علبة,أمبولة,5,0,10500,2100,10500,1
01-D00-001,Amiodarone Labatec 150 mg/3ml sol. For inj. (hikma farmacetica),Amiodarone hydrochloride 50mg/ml (3ml) Ampoule,أمبول,150 mg,,علبة,أمبولة,10,0,15250,1525,15250,1
01-D00-002,Amiocard tab (Sama Alfayhaa),Amiodarone hydrochloride 200mg Tablet,حبوب,200mg,,علبة,شريط,3,0,4000,1333.33,4000,1
01-D00-002,amiocord 200mg tab (Pioneer),Amiodarone hydrochloride 200mg Tablet,حبوب,200mg,,علبة,شريط,3,0,6500,2166.67,6500,1
01-D00-002,AMIOCORD - 200mg tab (Awamedica),Amiodarone hydrochloride 200mg Tablet,حبوب,200mg,,علبة,شريط,3,0,6500,2166.67,6500,1
01-D00-002,Cordarone - 200mg scored tab (Sanofi Aventis),Amiodarone hydrochloride 200mg Tablet,حبوب,200mg,,علبة,شريط,3,0,13500,4500,13500,1
01-D00-022,isoptin 2.5mg/ml sol.forbinj. (FAMAR health care spain),Verapamil hydrochloride 2.5mg/ml (2ml) Ampoule slow I.V,أمبول,2.5mg,,علبة,أمبولة,5,0,14500,2900,14500,1
01-D00-024,Isopamil 80mg tab (Sama Al fayhaa),Verapamil Hydrochloride 80mg,حبوب,80mg,,علبة,شريط,3,0,3000,1000,3000,1
01-D00-024,Isoptin 80mg tab. (Abbvie deutschland GmbH and CO.KG),Verapamil Hydrochloride 80mg,حبوب,80mg,,علبة,شريط,2,0,7500,3750,7500,1
01-D00-034,LIDOCAINE 2% - 2% inj. (Pioneer),Lidocaine hydrochloride 2% 20mg /ml 2ml Ampoule,أمبول,2%,,علبة,أمبولة,5,0,2000,400,2000,1
01-E00-003,CAPTOPRIL 25-KINDI - 25 mg tab (Al kindi co.),Captopril 25mg Tablet,حبوب,25 mg,,علبة,شريط,2,0,1000,500,1000,1
01-E00-003,Captosam 25 - 25 mg tablet (SDI),Captopril 25mg Tablet,حبوب,25 mg,,علبة,شريط,3,0,1000,333.33,1000,1
01-E00-003,Capotril 25mg tab (Eipico),Captopril 25mg Tablet,حبوب,25mg,,علبة,شريط,2,0,1500,750,1500,1
01-E00-003,captosaf-25 (alsafa),Captopril 25mg Tablet,حبوب,25mg,,علبة,شريط,2,0,1750,875,1750,1
01-E00-003,Rilcapton 25 mg (Medochemie),Captopril 25mg Tablet,حبوب,25 mg,,علبة,شريط,2,0,2250,1125,2250,1
01-E00-003,captopril-MDI 25mg tab,Captopril 25mg Tablet,حبوب,25mg,,علبة,شريط,3,0,2500,833.33,2500,1
01-E00-003,Captopril Awa 25mg tab (Awamedica),Captopril 25mg Tablet,حبوب,25mg,,علبة,شريط,3,0,2500,833.33,2500,1
01-E00-003,Captoneer 25mg (Pioneer),Captopril 25mg Tablet,حبوب,25mg,,علبة,شريط,3,0,2500,833.33,2500,1
01-E00-003,Caporil 25mg tab (Al furat),Captopril 25mg Tablet,حبوب,25mg,,علبة,شريط,10,0,3750,375,3750,1
01-E00-004,Caporil 50mg tab (Al furat),Captopril 50mg,حبوب,50mg,,علبة,شريط,1,0,500,500,500,1
01-E00-004,captosaf - 50mg (alsafa),Captopril 50mg,حبوب,50mg,,علبة,شريط,1,0,500,500,500,1
01-E00-004,Capotril 50mg tab (Eipico),Captopril 50mg,حبوب,50mg,,علبة,شريط,2,0,1250,625,1250,1
01-E00-004,CAPTOPRIL 50-KINDI - 50mg tab. (Al kindi co.),Captopril 50mg,حبوب,50mg,,علبة,شريط,2,0,1500,750,1500,1
01-E00-004,captopril-MDI 50mg tab,Captopril 50mg,حبوب,50mg,,علبة,شريط,3,0,1500,500,1500,1
01-E00-004,CAPTOPRIL 50-KINDI - 50mg tab. (SDI),Captopril 50mg,حبوب,50mg,,علبة,شريط,3,0,1500,500,1500,1
01-E00-004,Captopril Awa 50mg tab (Awamedica),Captopril 50mg,حبوب,50mg,,علبة,شريط,3,0,2750,916.67,2750,1
01-E00-004,Miniten 50mg tab (UPM),Captopril 50mg,حبوب,50mg,,علبة,شريط,2,0,3000,1500,3000,1
01-E00-004,Rilcapton 50 mg (Medochemie),Captopril 50mg,حبوب,50 mg,,علبة,شريط,2,0,3500,1750,3500,1
01-E00-004,Aceprotin 50mg tab (MEDOCHEMIE),Captopril 50mg,حبوب,50mg,,علبة,شريط,2,0,3500,1750,3500,1
01-E00-004,Caporil - 50mg tab (Al furat),Captopril 50mg,حبوب,50mg,,علبة,شريط,10,0,3750,375,3750,1
01-E00-004,Captoneer 50mg (Pioneer),Captopril 50mg,حبوب,50mg,,علبة,شريط,3,0,3750,1250,3750,1
01-E00-011,Safapril 5mg (Al safa),Enalapril maleate 5mg,حبوب,5mg,,علبة,شريط,1,0,750,750,750,1
01-E00-011,safapril-5 tab - (Al safa),Enalapril maleate 5mg,حبوب,5mg,,علبة,شريط,3,0,1750,583.33,1750,1
01-E00-011,safapril-5 tab - (alsafa),Enalapril maleate 5mg,حبوب,5mg,,علبة,شريط,50,0,23250,465,23250,1
01-E00-012,Enalapril 10mg (Middle east),Enalapril maleate 10mg,حبوب,10mg,,علبة,شريط,3,0,1750,583.33,1750,1
01-E00-013,enalapril - 20mg (Middle east),Enalapril maleate 20mg,حبوب,20mg,,علبة,شريط,3,0,2250,750,2250,1
01-E00-024,Aldosam tab - (SDI),Methyldopa 250mgTablet,حبوب,250mg,,علبة,شريط,1,0,1000,1000,1000,1
01-E00-024,alphamet film coated tab (AL mansor),Methyldopa 250mgTablet,حبوب,250mg,,علبة,شريط,3,0,3500,1166.67,3500,1
01-E00-024,As-aldamen (Aswar),Methyldopa 250mgTablet,حبوب,250mg,,علبة,شريط,3,0,3750,1250,3750,1
01-E00-024,Aldosam - tablet (SDI),Methyldopa 250mgTablet,حبوب,250mg,,علبة,شريط,3,0,4250,1416.67,4250,1
01-E00-024,Methyldopa - 250mg Tablets (Accord),Methyldopa 250mgTablet,حبوب,250mg,,علبة,شريط,4,0,19250,4812.5,19250,1
01-E00-024,aldosam tab - 250mg tab (SDI),Methyldopa 250mgTablet,حبوب,250mg,,علبة,شريط,50,0,55000,1100,55000,1
01-E00-024,ALDOSAM - film coated tablet (SDI),Methyldopa 250mgTablet,حبوب,250mg,,علبة,شريط,320,0,325000,1015.62,325000,1
01-E00-020,myotan 50mg tab (Unique),Losartan potassium 50mg Tablet,حبوب,50mg,,علبة,شريط,3,0,4500,1500,4500,1
01-E00-020,Saranto 50mg cap (Aurobindo),Losartan potassium 50mg Tablet,كبسول,50mg,,علبة,شريط,2,0,5250,2625,5250,1
01-E00-020,MDI-losartan 50 tab,Losartan potassium 50mg Tablet,حبوب,50mg,,علبة,شريط,2,0,5500,2750,5500,1
01-E00-020,L-Sartan 50mg (Al kindi co.),Losartan potassium 50mg Tablet,حبوب,50mg,,علبة,شريط,3,0,5750,1916.67,5750,1
01-E00-020,Losartan 50 - 50 mg FCT (Safa Pharma),Losartan potassium 50mg Tablet,حبوب,50 mg,,علبة,شريط,3,0,6500,2166.67,6500,1
01-E00-020,Losart 50mg (Pioneer),Losartan potassium 50mg Tablet,حبوب,50mg,,علبة,شريط,3,0,7500,2500,7500,1
01-E00-020,Angizaar- 50 - 50 mg tab (Micro Lab),Losartan potassium 50mg Tablet,حبوب,50 mg,,علبة,شريط,3,0,7500,2500,7500,1
01-E00-020,losanet 50mg (Pharmaline),Losartan potassium 50mg Tablet,حبوب,50mg,,علبة,شريط,3,0,8000,2666.67,8000,1
01-E00-020,losadrac 50mg f.c. tab (Iasis),Losartan potassium 50mg Tablet,حبوب,50mg,,علبة,شريط,2,0,9250,4625,9250,1
01-E00-020,Sartan - 50 mg (global pharma),Losartan potassium 50mg Tablet,حبوب,50 mg,,علبة,شريط,3,0,9250,3083.33,9250,1
01-E00-020,Losar-Denk - 50mg F.C. tab (Denk pharma),Losartan potassium 50mg Tablet,حبوب,50mg,,علبة,شريط,2,0,10500,5250,10500,1
01-E00-020,Losartan Hexal (Hexal AG),Losartan potassium 50mg Tablet,حبوب,50mg,,علبة,شريط,7,0,15000,2142.86,15000,1
01-E00-020,Cozaar 50mg tab (Merck sharp & Dohme),Losartan potassium 50mg Tablet,حبوب,50mg,,علبة,شريط,2,0,15250,7625,15250,1
01-E00-020,Cozaar - 50mg tab (Merck sharp & Dohme),Losartan potassium 50mg Tablet,حبوب,50mg,,علبة,شريط,3,0,16250,5416.67,16250,1
01-E00-020,Losartan 50 - tablet (Safa Pharma),Losartan potassium 50mg Tablet,حبوب,50mg,,علبة,شريط,50,0,76000,1520,76000,1
01-E00-088,bosmon 125mg tab (Hilton pharma),Bosentan (as monohydrate) 125mg tablet,حبوب,125mg,,علبة,شريط,2,0,57000,28500,57000,1
01-E00-088,bosentan Accord 125mg (Intas pharmaceutical),Bosentan (as monohydrate) 125mg tablet,حبوب,125mg,,علبة,شريط,4,0,212000,53000,212000,1
01-E00-088,Diamond - 125mg (Abdi Ibrahim),Bosentan (as monohydrate) 125mg tablet,حبوب,125mg,,علبة,شريط,4,0,212000,53000,212000,1
01-E00-088,RACEN - tablet (Pioneer),Bosentan (as monohydrate) 125mg tablet,حبوب,125mg,,علبة,شريط,3,0,326000,108666.67,326000,1
01-E00-088,Bozenta 125mg - tab (Safa Pharma),Bosentan (as monohydrate) 125mg tablet,حبوب,125mg,,علبة,شريط,3,0,544000,181333.33,544000,1
01-E00-088,tractam 125mg f.c.t (Pharmaactive),Bosentan (as monohydrate) 125mg tablet,حبوب,125mg,,علبة,شريط,4,0,655000,163750,655000,1
01-E00-088,gonista 125mg tab (UPM),Bosentan (as monohydrate) 125mg tablet,حبوب,125mg,,علبة,شريط,4,0,964000,241000,964000,1
01-E00-088,Pms-Bosentan 125mg (Pharma Science),Bosentan (as monohydrate) 125mg tablet,حبوب,125mg,,علبة,شريط,6,0,1446000,241000,1446000,1
01-E00-088,Tracleer 125 mg tab (Haupt pharma Wulfing GmbH),Bosentan (as monohydrate) 125mg tablet,حبوب,125 mg,,علبة,شريط,4,0,3189000,797250,3189000,1
01-E00-088,bozenta 125mg tab (Sama Al fayhaa),Bosentan (as monohydrate) 125mg tablet,حبوب,125mg,,علبة,شريط,50,0,8167000,163340,8167000,1
01-E00-018,LISNOP-10 - 10 mg tab (Ajanta pharma),"Lisinopril (as base or anhydrous or as dihydrate , the same drug with or without water of hydration) 10mg tablet",حبوب,10 mg,,علبة,شريط,2,0,3500,1750,3500,1
01-E00-018,Dapril 10mg tab (Medochemie),"Lisinopril (as base or anhydrous or as dihydrate , the same drug with or without water of hydration) 10mg tablet",حبوب,10mg,,علبة,شريط,3,0,5750,1916.67,5750,1
01-E00-018,Linopril 10mg (Pharma International),"Lisinopril (as base or anhydrous or as dihydrate , the same drug with or without water of hydration) 10mg tablet",حبوب,10mg,,علبة,شريط,2,0,5750,2875,5750,1
01-E00-018,lisino tab 10mg (Jamjoom),"Lisinopril (as base or anhydrous or as dihydrate , the same drug with or without water of hydration) 10mg tablet",حبوب,10mg,,علبة,شريط,3,0,6250,2083.33,6250,1
01-E00-018,Lisinopril - 10mg tab (Bristol),"Lisinopril (as base or anhydrous or as dihydrate , the same drug with or without water of hydration) 10mg tablet",حبوب,10mg,,علبة,شريط,2,0,7500,3750,7500,1
01-E00-018,Lisinopril - 10 mg tab (Accord),"Lisinopril (as base or anhydrous or as dihydrate , the same drug with or without water of hydration) 10mg tablet",حبوب,10 mg,,علبة,شريط,2,0,7500,3750,7500,1
01-E00-018,Zestril - 10mg tab (Rovi),"Lisinopril (as base or anhydrous or as dihydrate , the same drug with or without water of hydration) 10mg tablet",حبوب,10mg,,علبة,شريط,2,0,12750,6375,12750,1
01-E00-019,Linopril 20mg (Pharma International),Lisinopril 20mg,حبوب,20mg,,علبة,شريط,2,0,5750,2875,5750,1
01-E00-019,Dapril 20mg tab (Medochemie),Lisinopril 20mg,حبوب,20mg,,علبة,شريط,2,0,6250,3125,6250,1
01-E00-019,LISINOPRIL - 20mg tab (Bristol),Lisinopril 20mg,حبوب,20mg,,علبة,شريط,2,0,10000,5000,10000,1
01-E00-019,Zestril 20 mg tab. (Rovi),Lisinopril 20mg,حبوب,20 mg,,علبة,شريط,2,0,14250,7125,14250,1
01-E00-019,ecapril 20mg tab (Atral),Lisinopril 20mg,حبوب,20mg,,علبة,شريط,6,0,14250,2375,14250,1
01-E00-067,lastavin - 80mg fct (Ajanta),Valsartan 80mg,حبوب,80mg,,علبة,شريط,3,0,5750,1916.67,5750,1
01-E00-067,lova 80mg tab (Macleods pharmaceuticals),Valsartan 80mg,حبوب,80mg,,علبة,شريط,3,0,5750,1916.67,5750,1
01-E00-067,Valsartan - tablet (Wadi-Alrafidain),Valsartan 80mg,حبوب,80mg,,علبة,شريط,2,0,8000,4000,8000,1
01-E00-067,Tabuvan - 80mg F.C.T (Tabuk),Valsartan 80mg,حبوب,80mg,,علبة,شريط,3,0,8750,2916.67,8750,1
01-E00-067,vilasar 80mg F.c.t (DAD),Valsartan 80mg,حبوب,80mg,,علبة,شريط,3,0,8750,2916.67,8750,1
01-E00-067,Valsart 80mg (Pioneer),Valsartan 80mg,حبوب,80mg,,علبة,شريط,2,0,9250,4625,9250,1
01-E00-067,arbaval 80mg tab (Saja-saudi arabian japanese),Valsartan 80mg,حبوب,80mg,,علبة,شريط,2,0,9250,4625,9250,1
01-E00-067,Anginet 80 mg f.c tab (UPM),Valsartan 80mg,حبوب,80 mg,,علبة,شريط,3,0,9750,3250,9750,1
01-E00-067,valsaben 80 mg f.c.t (Bennett),Valsartan 80mg,حبوب,80 mg,,علبة,شريط,2,0,9750,4875,9750,1
01-E00-067,diotens 80mg f.c.tab (JPM),Valsartan 80mg,حبوب,80mg,,علبة,شريط,3,0,10000,3333.33,10000,1
01-E00-067,troval 80mg f.c.t (Delorbis),Valsartan 80mg,حبوب,80mg,,علبة,شريط,2,0,11000,5500,11000,1
01-E00-067,vanguard 80mg tab (Laboratories cinfa),Valsartan 80mg,حبوب,80mg,,علبة,شريط,4,0,11000,2750,11000,1
01-E00-067,Vapress 80 f.c.t (Medochemie),Valsartan 80mg,حبوب,80mg,,علبة,شريط,3,0,11500,3833.33,11500,1
01-E00-054,lova plus 80/12.5 f.c.tab (Macleods pharmaceuticals),Valsartan 80mg+hydrochlorthiazide 12.5mg,حبوب,80mg,,علبة,شريط,3,0,5750,1916.67,5750,1
01-E00-054,co-diotens 80/12.5 (JPM),Valsartan 80mg+hydrochlorthiazide 12.5mg,حبوب,80mg,,علبة,شريط,3,0,9000,3000,9000,1
01-E00-054,"Valsart plus 80/12,5 (Pioneer)",Valsartan 80mg+hydrochlorthiazide 12.5mg,حبوب,80mg,,علبة,شريط,2,0,9250,4625,9250,1
01-E00-054,diosartan 80/12.5mg (Co valsa) (Sama Al fayhaa),Valsartan 80mg+hydrochlorthiazide 12.5mg,حبوب,12.5mg,,علبة,شريط,3,0,9500,3166.67,9500,1
01-E00-054,Co - tabuvan 80 mg / 12.5 mg tab (Tabuk),Valsartan 80mg+hydrochlorthiazide 12.5mg,حبوب,80 mg,,علبة,شريط,3,0,9500,3166.67,9500,1
01-E00-054,Diostar-plus 80/12.5mg tab (Pharma international),Valsartan 80mg+hydrochlorthiazide 12.5mg,حبوب,12.5mg,,علبة,شريط,3,0,9750,3250,9750,1
01-E00-054,Vilasar plus 80/12.5mg (DAD),Valsartan 80mg+hydrochlorthiazide 12.5mg,حبوب,12.5mg,,علبة,شريط,3,0,9750,3250,9750,1
01-E00-054,Cotroval 80mg/12.5mg - tab (Delorbis pharmaceutical),Valsartan 80mg+hydrochlorthiazide 12.5mg,حبوب,80mg,,علبة,شريط,2,0,10750,5375,10750,1
01-E00-054,vanguard plus 80/12.5mg tab (Laboratories cinfa),Valsartan 80mg+hydrochlorthiazide 12.5mg,حبوب,12.5mg,,علبة,شريط,4,0,12250,3062.5,12250,1
01-E00-068,Diovasam 160mg tab (SDI),Valsartan 160mg,حبوب,160mg,,علبة,شريط,2,0,5500,2750,5500,1
01-E00-068,valsarmac 160mg (Macleods),Valsartan 160mg,حبوب,160mg,,علبة,شريط,3,0,6500,2166.67,6500,1
01-E00-068,lastavin 160mg f.c. tab (Ajanta),Valsartan 160mg,حبوب,160mg,,علبة,شريط,3,0,7250,2416.67,7250,1
01-E00-068,lova 160mg tab (Macleods pharmaceuticals),Valsartan 160mg,حبوب,160mg,,علبة,شريط,3,0,8000,2666.67,8000,1
01-E00-068,Valsartan - tablet (Wadi-Alrafidain),Valsartan 160mg,حبوب,160mg,,علبة,شريط,2,0,8500,4250,8500,1
01-E00-068,diosartan 160mg(valsa RX) (Sama Al fayhaa),Valsartan 160mg,حبوب,160mg,,علبة,شريط,3,0,9500,3166.67,9500,1
01-E00-068,valsartan Awa 160 (Awamedica),Valsartan 160mg,حبوب,160mg,,علبة,شريط,3,0,9750,3250,9750,1
01-E00-068,vilasar 160 mg (DAD),Valsartan 160mg,حبوب,160 mg,,علبة,شريط,3,0,11500,3833.33,11500,1
01-E00-068,arbaval 160mg tab (Saja),Valsartan 160mg,حبوب,160mg,,علبة,شريط,4,0,12000,3000,12000,1
01-E00-068,Anginet 160 mg f.c tab (UPM),Valsartan 160mg,حبوب,160 mg,,علبة,شريط,3,0,13000,4333.33,13000,1
01-E00-068,atenzio 160mg f.c.t (Zadapharma),Valsartan 160mg,حبوب,160mg,,علبة,شريط,3,0,13250,4416.67,13250,1
01-E00-068,valsaben 160 mg f.c.t (Bennett),Valsartan 160mg,حبوب,160 mg,,علبة,شريط,2,0,13250,6625,13250,1
01-E00-068,Vapress 160 mg tab (Medochemie),Valsartan 160mg,حبوب,160 mg,,علبة,شريط,3,0,13500,4500,13500,1
01-E00-068,Diotens 160 - 160mg tab (JPM),Valsartan 160mg,حبوب,160mg,,علبة,شريط,3,0,13750,4583.33,13750,1
01-E00-068,troval 160mg f.c.t (Delorbis),Valsartan 160mg,حبوب,160mg,,علبة,شريط,2,0,14250,7125,14250,1
01-E00-068,vanguard 160mg tab (Laboratories cinfa),Valsartan 160mg,حبوب,160mg,,علبة,شريط,4,0,14250,3562.5,14250,1
01-E00-068,Tabuvan - 160mg tab (Tabuk pharma),Valsartan 160mg,حبوب,160mg,,علبة,شريط,3,0,14500,4833.33,14500,1
01-E00-068,Angioval - 160mg f.c.tab (Bennett pharmaceuticals),Valsartan 160mg,حبوب,160mg,,علبة,شريط,3,0,17250,5750,17250,1
01-E00-068,valsartan TAD 160mg (Krka dd),Valsartan 160mg,حبوب,160mg,,علبة,شريط,2,0,17750,8875,17750,1
01-E00-085,lova plus 160/25 tab (Macleods pharmaceuticals),Valsartan 160mg + hydrochlorothiazide 25 mg,حبوب,160mg,,علبة,شريط,3,0,8000,2666.67,8000,1
01-E00-085,diosartan plus 160/25mg(Co valsa) (Sama Al fayhaa),Valsartan 160mg + hydrochlorothiazide 25 mg,حبوب,25mg,,علبة,شريط,3,0,10500,3500,10500,1
01-E00-085,Valsart plus 160/25 (Pioneer),Valsartan 160mg + hydrochlorothiazide 25 mg,حبوب,160mg,,علبة,شريط,2,0,11250,5625,11250,1
01-E00-085,arbaval plus160mg /25mg tab (Saja),Valsartan 160mg + hydrochlorothiazide 25 mg,حبوب,160mg,,علبة,شريط,2,0,12000,6000,12000,1
01-E00-085,Vilasar plus 160/25mg (DAD),Valsartan 160mg + hydrochlorothiazide 25 mg,حبوب,25mg,,علبة,شريط,3,0,12750,4250,12750,1
01-E00-085,co-diotens 160/25 (JPM),Valsartan 160mg + hydrochlorothiazide 25 mg,حبوب,160mg,,علبة,شريط,3,0,13250,4416.67,13250,1
01-E00-085,Arbiten plus 160/25mg (joswe),Valsartan 160mg + hydrochlorothiazide 25 mg,حبوب,25mg,,علبة,شريط,3,0,13250,4416.67,13250,1
01-E00-085,Co - Tabuvan 160 mg / 25 mg tab (Tabuk),Valsartan 160mg + hydrochlorothiazide 25 mg,حبوب,160 mg,,علبة,شريط,3,0,13500,4500,13500,1
01-E00-085,Diostar-plus 160/25mg tab (Pharma international),Valsartan 160mg + hydrochlorothiazide 25 mg,حبوب,25mg,,علبة,شريط,3,0,14500,4833.33,14500,1
01-E00-085,cotroval 160/25mg tab (Delorbis pharmaceutical),Valsartan 160mg + hydrochlorothiazide 25 mg,حبوب,25mg,,علبة,شريط,2,0,15500,7750,15500,1
01-E00-085,cotroval 160mg/25mg (Delorbis pharmaceutical),Valsartan 160mg + hydrochlorothiazide 25 mg,حبوب,160mg,,علبة,شريط,3,0,15500,5166.67,15500,1
01-E00-085,angioval H 160/25mg (Bennett pharmaceuticals),Valsartan 160mg + hydrochlorothiazide 25 mg,حبوب,25mg,,علبة,شريط,3,0,17250,5750,17250,1
01-E00-056,valsarmac H 160/12.5mg (Macleods),Valsartan 160mg+hydrochlorthiazide 12.5mg,حبوب,12.5mg,,علبة,شريط,3,0,6500,2166.67,6500,1
01-E00-056,lova plus 160/12.5 .tab (Macleods pharmaceuticals),Valsartan 160mg+hydrochlorthiazide 12.5mg,حبوب,160mg,,علبة,شريط,3,0,8000,2666.67,8000,1
01-E00-056,co-diovasam 160/12.5 - f.c.tab (SDI),Valsartan 160mg+hydrochlorthiazide 12.5mg,حبوب,160mg,,علبة,شريط,3,0,8500,2833.33,8500,1
01-E00-056,"Valsart plus 160/12,5 (Pioneer)",Valsartan 160mg+hydrochlorthiazide 12.5mg,حبوب,160mg,,علبة,شريط,2,0,10500,5250,10500,1
01-E00-056,diosartan 160/12.5mg (Co valsa) (Sama Al fayhaa),Valsartan 160mg+hydrochlorthiazide 12.5mg,حبوب,12.5mg,,علبة,شريط,3,0,11250,3750,11250,1
01-E00-056,arbaval plus160mg tab (Saja),Valsartan 160mg+hydrochlorthiazide 12.5mg,حبوب,160mg,,علبة,شريط,4,0,12000,3000,12000,1
01-E00-056,VALCOR PLUS - 160 mg/12.5 mg tab (ILKO ilac),Valsartan 160mg+hydrochlorthiazide 12.5mg,حبوب,160 mg,,علبة,شريط,2,0,12000,6000,12000,1
01-E00-056,Vilasar plus 160/12.5mg (DAD),Valsartan 160mg+hydrochlorthiazide 12.5mg,حبوب,12.5mg,,علبة,شريط,3,0,12750,4250,12750,1
01-E00-056,Co - Anginet - 160/12.5mg F.C.T (UPM),Valsartan 160mg+hydrochlorthiazide 12.5mg,حبوب,12.5mg,,علبة,شريط,3,0,13000,4333.33,13000,1
01-E00-056,co-diotens 160/12.5 (JPM),Valsartan 160mg+hydrochlorthiazide 12.5mg,حبوب,160mg,,علبة,شريط,3,0,13250,4416.67,13250,1
01-E00-056,Diostar-plus - 160/12.5mg f.c.t (Pharma international),Valsartan 160mg+hydrochlorthiazide 12.5mg,حبوب,12.5mg,,علبة,شريط,3,0,13250,4416.67,13250,1
01-E00-056,Co - Tabuvan - 160 mg / 25 mg tab (Tabuk),Valsartan 160mg+hydrochlorthiazide 12.5mg,حبوب,160 mg,,علبة,شريط,3,0,13500,4500,13500,1
01-E00-056,vanguard plus 160/12.5mg tab (Laboratories cinfa),Valsartan 160mg+hydrochlorthiazide 12.5mg,حبوب,12.5mg,,علبة,شريط,4,0,14250,3562.5,14250,1
01-E00-056,co troval 160/12.5mg f.c.t (Delorbis),Valsartan 160mg+hydrochlorthiazide 12.5mg,حبوب,12.5mg,,علبة,شريط,2,0,15250,7625,15250,1
01-E00-056,cotroval - 160mg/12.5mg tablet (Delorbis pharmaceutical),Valsartan 160mg+hydrochlorthiazide 12.5mg,حبوب,160mg,,علبة,شريط,3,0,16500,5500,16500,1
01-E00-056,angioval H 160/12.5mg (Bennett pharmaceuticals),Valsartan 160mg+hydrochlorthiazide 12.5mg,حبوب,12.5mg,,علبة,شريط,3,0,17250,5750,17250,1
01-F00-075,alkapress plus 5/160mg f.c. tab (Hikma),Amlodipine (as besilate) 5 mg +valsartan 160 mg,حبوب,160mg,,علبة,شريط,2,0,9250,4625,9250,1
01-F00-075,lodiva 5mg/160mg f.c tab (Macleods pharmaceuticals),Amlodipine (as besilate) 5 mg +valsartan 160 mg,حبوب,5mg,,علبة,شريط,3,0,13500,4500,13500,1
01-F00-075,Amloval 5/160 (Pioneer),Amlodipine (as besilate) 5 mg +valsartan 160 mg,حبوب,5 mg,,علبة,شريط,2,0,13750,6875,13750,1
01-F00-075,valcodin 5/160mg tab (Ilko),Amlodipine (as besilate) 5 mg +valsartan 160 mg,حبوب,160mg,,علبة,شريط,2,0,14500,7250,14500,1
01-F00-075,amlovas-vitapure 5/160mg tab (Genuone Science),Amlodipine (as besilate) 5 mg +valsartan 160 mg,حبوب,160mg,,علبة,شريط,2,0,14500,7250,14500,1
01-F00-075,Exartan tab (Aswar Al khaleej),Amlodipine (as besilate) 5 mg +valsartan 160 mg,حبوب,5 mg,,علبة,شريط,4,0,15250,3812.5,15250,1
01-F00-075,rovalpin 5mg/160mg tab (Pharmactive),Amlodipine (as besilate) 5 mg +valsartan 160 mg,حبوب,5mg,,علبة,شريط,2,0,15250,7625,15250,1
01-F00-075,Vittoria - 5/160mg f.c.t (Jamjoom),Amlodipine (as besilate) 5 mg +valsartan 160 mg,حبوب,160mg,,علبة,شريط,4,0,16500,4125,16500,1
01-F00-075,COMBISAR - 5mg/160mg f.c.t (Bilim),Amlodipine (as besilate) 5 mg +valsartan 160 mg,حبوب,5mg,,علبة,شريط,2,0,16500,8250,16500,1
01-F00-075,Senergy - 5/160 mg fct (UPM),Amlodipine (as besilate) 5 mg +valsartan 160 mg,حبوب,160 mg,,علبة,شريط,3,0,17750,5916.67,17750,1
01-F00-075,Angiosar 160/5 (DAD),Amlodipine (as besilate) 5 mg +valsartan 160 mg,حبوب,5 mg,,علبة,شريط,3,0,17750,5916.67,17750,1
01-F00-075,Matrixa - 160/5mg Film Coated Tablet (Bennett pharmaceuticals),Amlodipine (as besilate) 5 mg +valsartan 160 mg,حبوب,5mg,,علبة,شريط,3,0,21500,7166.67,21500,1
01-F00-075,ValNor Combi - 5mg/160mg tab (Laboratorios Norman),Amlodipine (as besilate) 5 mg +valsartan 160 mg,حبوب,5mg,,علبة,شريط,4,0,23000,5750,23000,1
01-F00-076,alkapress plus 10/160 tab (Hikma),Amlodipine (as besilate)10mg +valsartan 160 mg,حبوب,10mg,,علبة,شريط,2,0,8250,4125,8250,1
01-F00-076,valcodin 10/160mg tab (Ilko),Amlodipine (as besilate)10mg +valsartan 160 mg,حبوب,160mg,,علبة,شريط,2,0,13000,6500,13000,1
01-F00-076,lodiva 10/160mg tab (Macleodis),Amlodipine (as besilate)10mg +valsartan 160 mg,حبوب,160mg,,علبة,شريط,3,0,13500,4500,13500,1
01-F00-076,rovalpin 10mg/160mg tab (Pharmactive),Amlodipine (as besilate)10mg +valsartan 160 mg,حبوب,10mg,,علبة,شريط,2,0,15250,7625,15250,1
01-F00-076,wamlox - 10/160mg Tablet (Krka),Amlodipine (as besilate)10mg +valsartan 160 mg,حبوب,160mg,,علبة,شريط,3,0,16500,5500,16500,1
01-F00-076,Vittoria - 10/160mg f.c.t (Jamjoom),Amlodipine (as besilate)10mg +valsartan 160 mg,حبوب,160mg,,علبة,شريط,4,0,16500,4125,16500,1
01-F00-076,Senergy - 10/160 mg F.C.T (UPM),Amlodipine (as besilate)10mg +valsartan 160 mg,حبوب,160 mg,,علبة,شريط,3,0,17750,5916.67,17750,1
01-F00-076,Angiosar 160/10 (DAD),Amlodipine (as besilate)10mg +valsartan 160 mg,حبوب,10mg,,علبة,شريط,3,0,17750,5916.67,17750,1
01-F00-076,matrixa 160/10 (Bennett pharmaceuticals),Amlodipine (as besilate)10mg +valsartan 160 mg,حبوب,10mg,,علبة,شريط,3,0,21500,7166.67,21500,1
01-F00-076,Valnor combi 10mg/160mg (Lboratories Normon),Amlodipine (as besilate)10mg +valsartan 160 mg,حبوب,10mg,,علبة,شريط,4,0,23000,5750,23000,1
01-E00-078,angizasam 100mg tab (SDI),Losartan potassium 100mg,حبوب,100mg,,علبة,شريط,2,0,6250,3125,6250,1
01-E00-078,MDI-LOSARTAN - 100mg FCT,Losartan potassium 100mg,حبوب,100mg,,علبة,شريط,2,0,7000,3500,7000,1
01-E00-078,losartan Awa 100 (Awamedica),Losartan potassium 100mg,حبوب,100mg,,علبة,شريط,3,0,9000,3000,9000,1
01-E00-078,Losart 100mg (Pioneer),Losartan potassium 100mg,حبوب,100mg,,علبة,شريط,3,0,9750,3250,9750,1
01-E00-078,losadrac 100mg f.c. tab (Iasis),Losartan potassium 100mg,حبوب,100mg,,علبة,شريط,2,0,11250,5625,11250,1
01-E00-078,losar -Denk 100mg tab (Denk pharma),Losartan potassium 100mg,حبوب,100mg,,علبة,شريط,2,0,13250,6625,13250,1
01-E00-078,Sartan 100 mg (global pharma),Losartan potassium 100mg,حبوب,100 mg,,علبة,شريط,3,0,14500,4833.33,14500,1
01-E00-078,Stravis 100mg F.C tab (Riyadh pharma),Losartan potassium 100mg,حبوب,100mg,,علبة,شريط,2,0,15250,7625,15250,1
01-E00-078,Cozaar - 100mg tab (Merck sharp & Dohme),Losartan potassium 100mg,حبوب,100mg,,علبة,شريط,3,0,21750,7250,21750,1
01-E00-078,Cozaar - 100mg tab (Organon),Losartan potassium 100mg,حبوب,100mg,,علبة,شريط,3,0,21750,7250,21750,1
01-E00-114,Vasac 100 mg - (49+51)mg tab (Hilton),Sacubitril 49mg(48.6mg) +valsartan 51mg(51.4mg ),حبوب,100 mg,,علبة,شريط,3,0,31750,10583.33,31750,1
01-E00-114,sacuzac 100 (Ajanta),Sacubitril 49mg(48.6mg) +valsartan 51mg(51.4mg ),حبوب,49mg,,علبة,شريط,3,0,34000,11333.33,34000,1
01-E00-114,Diotril - 100mg F/C caplet (Sama Alfayhaa),Sacubitril 49mg(48.6mg) +valsartan 51mg(51.4mg ),حبوب,100mg,,علبة,شريط,3,0,44000,14666.67,44000,1
01-E00-114,Sacoplus49/51 (Ultra medica),Sacubitril 49mg(48.6mg) +valsartan 51mg(51.4mg ),حبوب,49mg,,علبة,شريط,3,0,47000,15666.67,47000,1
01-E00-114,entresto - 100 MG TABLET (Novartis farmaS.p.A.),Sacubitril 49mg(48.6mg) +valsartan 51mg(51.4mg ),حبوب,100 MG,,علبة,شريط,2,0,89000,44500,89000,1
01-E00-115,Vasac 200 mg tablet - 97+103 mg tab (Hilton pharma),Sacubitril 97mg(97.2mg )+valsartan103mg(102.8mg ),حبوب,200 mg,,علبة,شريط,3,0,33750,11250,33750,1
01-E00-115,Sacuzac 200 mg tablet (ajanta),Sacubitril 97mg(97.2mg )+valsartan103mg(102.8mg ),حبوب,200 mg,,علبة,شريط,3,0,34000,11333.33,34000,1
01-E00-115,Diotril 200mg caplet (Sama Al fayhaa),Sacubitril 97mg(97.2mg )+valsartan103mg(102.8mg ),حبوب,200mg,,علبة,شريط,3,0,48000,16000,48000,1
01-E00-115,Sacoplus97/103 (ultra medica),Sacubitril 97mg(97.2mg )+valsartan103mg(102.8mg ),حبوب,97mg,,علبة,شريط,3,0,55000,18333.33,55000,1
01-E00-115,entresto 200 mg (Novartis pharma),Sacubitril 97mg(97.2mg )+valsartan103mg(102.8mg ),حبوب,200 mg,,علبة,شريط,4,0,170000,42500,170000,1
01-E00-058,Telmiclar - 40mg tab (Ajanta),Telmisartan 40mg,حبوب,40mg,,علبة,شريط,3,0,6000,2000,6000,1
01-E00-058,nizortan 40mg tab (Tabuk),Telmisartan 40mg,حبوب,40mg,,علبة,شريط,4,0,10000,2500,10000,1
01-E00-058,Micardis 40mg tab (Rottendorf pharma GmbH),Telmisartan 40mg,حبوب,40mg,,علبة,شريط,4,0,17500,4375,17500,1
01-F00-080,AMLOSART-VITAPURE - 5/80mg tab (Genuone Sciences),Telmisartan 80mg + Amlodipine (as besilate) 5 mg,حبوب,80mg,,علبة,شريط,3,0,13000,4333.33,13000,1
01-F00-080,Tepresta 80/5 - Tab. (Sana pharmaceutical),Telmisartan 80mg + Amlodipine (as besilate) 5 mg,حبوب,80mg,,علبة,شريط,3,0,13500,4500,13500,1
01-F00-080,Covatel - 80/10mg tab (Tabuk),Telmisartan 80mg + Amlodipine (as besilate) 5 mg,حبوب,10mg,,علبة,شريط,4,0,13750,3437.5,13750,1
01-F00-080,telmo A tab (Zada pharmaceutical),Telmisartan 80mg + Amlodipine (as besilate) 5 mg,حبوب,80mg,,علبة,شريط,3,0,15500,5166.67,15500,1
01-F00-080,Twynsta 80/5 mg tab (Boehringer Ingelheim),Telmisartan 80mg + Amlodipine (as besilate) 5 mg,حبوب,5 mg,,علبة,شريط,4,0,28000,7000,28000,1
01-F00-081,Tepresta 80/10 - tab (Sana pharmaceutical),Telmisartan 80mg + Amlodipine (as besilate) 10 mg,حبوب,80mg,,علبة,شريط,3,0,13000,4333.33,13000,1
01-F00-081,Covatel - 80/10mg tab (Tabuk),Telmisartan 80mg + Amlodipine (as besilate) 10 mg,حبوب,10mg,,علبة,شريط,4,0,13750,3437.5,13750,1
01-F00-081,Twynsta - 80/10mg tab. (Boehringer Ingelheim),Telmisartan 80mg + Amlodipine (as besilate) 10 mg,حبوب,10mg,,علبة,شريط,4,0,28000,7000,28000,1
01-E00-070,Telmiclar HTZ - 40/12.5mg tab (Ajanta),Telmisartan 40mg +Hydrochlorthiazide 12.5mg,حبوب,12.5mg,,علبة,شريط,3,0,6750,2250,6750,1
01-E00-070,nizortan plus 40/12.5mg tab (Tabuk),Telmisartan 40mg +Hydrochlorthiazide 12.5mg,حبوب,12.5mg,,علبة,شريط,4,0,12500,3125,12500,1
01-E00-070,lisart plus 40mg/12.5mg (Riyadh pharma),Telmisartan 40mg +Hydrochlorthiazide 12.5mg,حبوب,40mg,,علبة,شريط,4,0,12500,3125,12500,1
01-E00-071,Telmiclar AM - 80/10mg tab (Ajanta),Telmisartan 80mg +Hydrochlorthiazide 12.5mg,حبوب,10mg,,علبة,شريط,3,0,8750,2916.67,8750,1
01-E00-071,lisart plus 80/12.5mg (Riyadh pharma),Telmisartan 80mg +Hydrochlorthiazide 12.5mg,حبوب,12.5mg,,علبة,شريط,4,0,12500,3125,12500,1
01-E00-071,nizortan plus 80/12.5mg tab (Tabuk),Telmisartan 80mg +Hydrochlorthiazide 12.5mg,حبوب,12.5mg,,علبة,شريط,4,0,12500,3125,12500,1
01-E00-071,Tenvia plus 80/12.5 mg tab (Neutic),Telmisartan 80mg +Hydrochlorthiazide 12.5mg,حبوب,12.5 mg,,علبة,شريط,4,0,13250,3312.5,13250,1
01-E00-071,telmisartan/hydrochlorothiazi de 80mg/12.5mg (Intas pharmaceutical),Telmisartan 80mg +Hydrochlorthiazide 12.5mg,حبوب,80mg,,علبة,شريط,4,0,13250,3312.5,13250,1
01-E00-071,Micardis plus 80/12.5mg (Boehringer),Telmisartan 80mg +Hydrochlorthiazide 12.5mg,حبوب,12.5mg,,علبة,شريط,4,0,23000,5750,23000,1
01-E00-059,Telmikindin - 80mg tab (Ajanta),Telmisartan 80mg,حبوب,80mg,,علبة,شريط,3,0,8500,2833.33,8500,1
01-E00-059,Telmikindin 80tab (Al kindi co.),Telmisartan 80mg,حبوب,80mg,,علبة,شريط,3,0,9500,3166.67,9500,1
01-E00-059,mycardio 80mg tab (Inventia health care),Telmisartan 80mg,حبوب,80mg,,علبة,شريط,3,0,11750,3916.67,11750,1
01-E00-059,nizortan 80mg tab (Tabuk),Telmisartan 80mg,حبوب,80mg,,علبة,شريط,4,0,14500,3625,14500,1
01-E00-059,Telmicard 80 mg (Benta),Telmisartan 80mg,حبوب,80 mg,,علبة,شريط,3,0,17000,5666.67,17000,1
01-E00-059,Temisal - 80mg Tablet (Atlantic pharma),Telmisartan 80mg,حبوب,80mg,,علبة,شريط,2,0,19000,9500,19000,1
01-E00-059,Micardis 80mg tab (Boehringer Ingelheim),Telmisartan 80mg,حبوب,80mg,,علبة,شريط,4,0,22000,5500,22000,1
01-E00-006,KANDESAT 8 - 8mg tab (Al kindi co.),Candesartan cilexetil 8mg,حبوب,8mg,,علبة,شريط,3,0,3750,1250,3750,1
01-E00-006,Aderan 8mg tablet (Ajanta),Candesartan cilexetil 8mg,حبوب,8mg,,علبة,شريط,3,0,5250,1750,5250,1
01-E00-006,Candelong-8 - 8 mg tab (micro),Candesartan cilexetil 8mg,حبوب,8 mg,,علبة,شريط,3,0,6500,2166.67,6500,1
01-E00-006,TENSART 8mg - 8mg tab. (Abdi Ibrahim),Candesartan cilexetil 8mg,حبوب,8mg,,علبة,شريط,2,0,7500,3750,7500,1
01-E00-006,Candesartan Awa - 8mg tab (Awamedica),Candesartan cilexetil 8mg,حبوب,8mg,,علبة,شريط,2,0,7500,3750,7500,1
01-E00-006,CANDASART - 8mg tab (Pioneer),Candesartan cilexetil 8mg,حبوب,8mg,,علبة,شريط,3,0,8000,2666.67,8000,1
01-E00-006,presscand 8 (Pharmacare laboratories),Candesartan cilexetil 8mg,حبوب,8mg,,علبة,شريط,3,0,8000,2666.67,8000,1
01-E00-006,presscand 8 (LAB. Pharmacare),Candesartan cilexetil 8mg,حبوب,8mg,,علبة,شريط,3,0,8000,2666.67,8000,1
01-E00-006,Gardia - 8mg tab (UPM),Candesartan cilexetil 8mg,حبوب,8mg,,علبة,شريط,3,0,8750,2916.67,8750,1
01-E00-006,Jocanda - 8mg tab (Joswe),Candesartan cilexetil 8mg,حبوب,8mg,,علبة,شريط,3,0,9750,3250,9750,1
01-E00-006,candegaran - 8mg scored tab (Bluepharma),Candesartan cilexetil 8mg,حبوب,8mg,,علبة,شريط,3,0,10750,3583.33,10750,1
01-E00-006,Candox - 8 mg tablet (armox),Candesartan cilexetil 8mg,حبوب,8 mg,,علبة,شريط,3,0,11500,3833.33,11500,1
01-E00-006,Atacand - 8mg tablet (Klocke verpackungs- Service GmbH),Candesartan cilexetil 8mg,حبوب,8mg,,علبة,شريط,2,0,13000,6500,13000,1
01-E00-006,Blopress 8mg (APM),Candesartan cilexetil 8mg,حبوب,8mg,,علبة,شريط,2,0,13250,6625,13250,1
01-E00-006,Atacand - 8mg tab (astrazenica),Candesartan cilexetil 8mg,حبوب,8mg,,علبة,شريط,2,0,16500,8250,16500,1
01-E00-060,KANDESAT 16 - 16mg tab (Al kindi co.),Candesartan cilexetil 16mg Tablet,حبوب,16mg,,علبة,شريط,2,0,7500,3750,7500,1
01-E00-060,Candelong-16 tab (micro),Candesartan cilexetil 16mg Tablet,حبوب,16mg,,علبة,شريط,3,0,7750,2583.33,7750,1
01-E00-060,MDISARTAN - 16 mg tablet,Candesartan cilexetil 16mg Tablet,حبوب,16 mg,,علبة,شريط,3,0,8000,2666.67,8000,1
01-E00-060,candesartan Awa 16tab (Awamedica),Candesartan cilexetil 16mg Tablet,حبوب,16mg,,علبة,شريط,2,0,8000,4000,8000,1
01-E00-060,candesaf 16 mg tab (alsafa),Candesartan cilexetil 16mg Tablet,حبوب,16 mg,,علبة,شريط,3,0,8750,2916.67,8750,1
01-E00-060,candan 16mg (Middle east pharmaceutical),Candesartan cilexetil 16mg Tablet,حبوب,16mg,,علبة,شريط,2,0,9500,4750,9500,1
01-E00-060,TENSART - 16mg tab. (Abdi Ibrahim),Candesartan cilexetil 16mg Tablet,حبوب,16mg,,علبة,شريط,2,0,9750,4875,9750,1
01-E00-060,presscand 16 - tab (Pharmacare laboratories),Candesartan cilexetil 16mg Tablet,حبوب,16mg,,علبة,شريط,3,0,9750,3250,9750,1
01-E00-060,jocanda 16mg tab (Joswe),Candesartan cilexetil 16mg Tablet,حبوب,16mg,,علبة,شريط,2,0,10500,5250,10500,1
01-E00-060,candegaran 16mg (Blue pharma),Candesartan cilexetil 16mg Tablet,حبوب,16mg,,علبة,شريط,3,0,11250,3750,11250,1
01-E00-060,Gardia 16mg tab (UPM),Candesartan cilexetil 16mg Tablet,حبوب,16mg,,علبة,شريط,3,0,11500,3833.33,11500,1
01-E00-060,CANDASART - 16mg tab (Pioneer),Candesartan cilexetil 16mg Tablet,حبوب,16mg,,علبة,شريط,3,0,11750,3916.67,11750,1
01-E00-060,andesart 16mg (JPM),Candesartan cilexetil 16mg Tablet,حبوب,16mg,,علبة,شريط,3,0,12750,4250,12750,1
01-E00-060,Blopress 16mg (APM),Candesartan cilexetil 16mg Tablet,حبوب,16mg,,علبة,شريط,2,0,15500,7750,15500,1
01-E00-060,Atacand 16mg (Klocke verpackungs- Service GmbH),Candesartan cilexetil 16mg Tablet,حبوب,16mg,,علبة,شريط,2,0,16500,8250,16500,1
01-E00-060,Atacand - 16mg tab (astrazenica),Candesartan cilexetil 16mg Tablet,حبوب,16mg,,علبة,شريط,2,0,21500,10750,21500,1
01-E00-060,MDISARTAN - 16mg tablet (Modern company),Candesartan cilexetil 16mg Tablet,حبوب,16mg,,علبة,شريط,800,0,1492000,1865,1492000,1
01-F00-002,Amlosaf 5mg (Al-Safa co.),Amlodipine ( as besylate ) 5 mg tablet or capsule,حبوب,5mg,,علبة,شريط,1,0,750,750,750,1
01-F00-002,Amaday 5mg tab (Ajanta),Amlodipine ( as besylate ) 5 mg tablet or capsule,حبوب,5mg,,علبة,شريط,2,0,1500,750,1500,1
01-F00-002,amlodepen 5mg (Al-Kindi co.),Amlodipine ( as besylate ) 5 mg tablet or capsule,حبوب,5mg,,علبة,شريط,3,0,3000,1000,3000,1
01-F00-002,Samadipine-5mg tab (SDI),Amlodipine ( as besylate ) 5 mg tablet or capsule,حبوب,5mg,,علبة,شريط,3,0,3000,1000,3000,1
01-F00-002,"amlodipine bluefish 5mg (Hetero Drugs Limited (Unit III) ,)",Amlodipine ( as besylate ) 5 mg tablet or capsule,حبوب,5mg,,علبة,شريط,2,0,3750,1875,3750,1
01-F00-002,nipidol 5mg tab (Biofarma ilac),Amlodipine ( as besylate ) 5 mg tablet or capsule,حبوب,5mg,,علبة,شريط,3,0,5000,1666.67,5000,1
01-F00-002,Amlophar 5mg cap (Julphar),Amlodipine ( as besylate ) 5 mg tablet or capsule,كبسول,5mg,,علبة,شريط,2,0,5000,2500,5000,1
01-F00-002,Amlo TAD Besilat - 5mg tab (Krka dd),Amlodipine ( as besylate ) 5 mg tablet or capsule,حبوب,5mg,,علبة,شريط,2,0,5000,2500,5000,1
01-F00-002,diplow 5mg tab (Joswe),Amlodipine ( as besylate ) 5 mg tablet or capsule,حبوب,5mg,,علبة,شريط,3,0,5000,1666.67,5000,1
01-F00-002,Vazkor 5mg (Deva),Amlodipine ( as besylate ) 5 mg tablet or capsule,حبوب,5mg,,علبة,شريط,3,0,5000,1666.67,5000,1
01-F00-002,Amline - 5 mg tablet (Pharmaline),Amlodipine ( as besylate ) 5 mg tablet or capsule,حبوب,5 mg,,علبة,شريط,3,0,5500,1833.33,5500,1
01-F00-002,lowrac 5mg cap (JPM),Amlodipine ( as besylate ) 5 mg tablet or capsule,كبسول,5mg,,علبة,شريط,4,0,5750,1437.5,5750,1
01-F00-002,duactin 5mg cap (Pharmainternational),Amlodipine ( as besylate ) 5 mg tablet or capsule,كبسول,5mg,,علبة,شريط,3,0,6750,2250,6750,1
01-F00-002,Amloneer 5mg (Pioneer),Amlodipine ( as besylate ) 5 mg tablet or capsule,كبسول,5mg,,علبة,شريط,3,0,7000,2333.33,7000,1
01-F00-002,AMLOGARAN - 5mg cap (Blue pharma),Amlodipine ( as besylate ) 5 mg tablet or capsule,كبسول,5mg,,علبة,شريط,3,0,7500,2500,7500,1
01-F00-002,Amlodipine - 5mg tab (Bristol laboratories),Amlodipine ( as besylate ) 5 mg tablet or capsule,حبوب,5mg,,علبة,شريط,2,0,7500,3750,7500,1
01-F00-002,LOWVASC - 5mg Cap (APM),Amlodipine ( as besylate ) 5 mg tablet or capsule,كبسول,5mg,,علبة,شريط,2,0,7500,3750,7500,1
01-F00-002,amlodipine 5mg tab (Siegfried),Amlodipine ( as besylate ) 5 mg tablet or capsule,حبوب,5mg,,علبة,شريط,2,0,7500,3750,7500,1
01-F00-002,amlodipine atral 5mg,Amlodipine ( as besylate ) 5 mg tablet or capsule,حبوب,5mg,,علبة,شريط,6,0,10250,1708.33,10250,1
01-F00-002,Amlo-Denk 5 (Denk pharma),Amlodipine ( as besylate ) 5 mg tablet or capsule,حبوب,5 mg,,علبة,شريط,5,0,10750,2150,10750,1
01-F00-002,Lofral 5mg tab (AcinoPharma AG),Amlodipine ( as besylate ) 5 mg tablet or capsule,حبوب,5mg,,علبة,شريط,3,0,10750,3583.33,10750,1
01-F00-002,samadipine 5mg tab (SDI),Amlodipine ( as besylate ) 5 mg tablet or capsule,حبوب,5mg,,علبة,شريط,760,0,529000,696.05,529000,1
01-F00-003,Amaday-10 - 10 mg tab. (Ajanta),Amlodipine (as besilate or as mesilat) 10mg,حبوب,10 mg,,علبة,شريط,2,0,1500,750,1500,1
01-F00-003,Awalodipin 10mg (Awamedica),Amlodipine (as besilate or as mesilat) 10mg,حبوب,10mg,,علبة,شريط,3,0,3750,1250,3750,1
01-F00-003,diplow 10mg tab (Joswe),Amlodipine (as besilate or as mesilat) 10mg,حبوب,10mg,,علبة,شريط,3,0,5000,1666.67,5000,1
01-F00-003,amline 10mg tab (Pharmaline),Amlodipine (as besilate or as mesilat) 10mg,حبوب,10mg,,علبة,شريط,3,0,5750,1916.67,5750,1
01-F00-003,"amlodipine bluefish 10mg (Hetero Drugs Limited (Unit III) ,)",Amlodipine (as besilate or as mesilat) 10mg,حبوب,10mg,,علبة,شريط,2,0,5750,2875,5750,1
01-F00-003,vazkor 10mg tab (Deva holding),Amlodipine (as besilate or as mesilat) 10mg,حبوب,10mg,,علبة,شريط,3,0,5750,1916.67,5750,1
01-F00-003,Amlo TAD Besilat - 10mg tab (Krka dd),Amlodipine (as besilate or as mesilat) 10mg,حبوب,10mg,,علبة,شريط,2,0,6500,3250,6500,1
01-F00-003,amlodipine 10mg (Bristol lab),Amlodipine (as besilate or as mesilat) 10mg,حبوب,10mg,,علبة,شريط,2,0,8000,4000,8000,1
01-F00-003,AMLODIPINE - 10mg tab (Siegfried),Amlodipine (as besilate or as mesilat) 10mg,حبوب,10mg,,علبة,شريط,2,0,8000,4000,8000,1
01-F00-003,Amlo-Denk 10 (Denkpharma),Amlodipine (as besilate or as mesilat) 10mg,حبوب,10mg,,علبة,شريط,5,0,13250,2650,13250,1
01-F00-003,Lofral 10 mg (AcinoPharma AG),Amlodipine (as besilate or as mesilat) 10mg,حبوب,10 mg,,علبة,شريط,3,0,13500,4500,13500,1
01-F00-007,Awadilazim 60mg tab (Awamedica),Diltiazem hydrochloride 60 mg tablet or capsule,حبوب,60mg,,علبة,شريط,3,0,1500,500,1500,1
01-F00-007,diazem 60 mg tab (Medochemie),Diltiazem hydrochloride 60 mg tablet or capsule,حبوب,60 mg,,علبة,شريط,10,0,13000,1300,13000,1
01-F00-024,glyceryl trinitrate 500mcg (Accord),Glyceryl trinitrate 0.5mg sublingual Tablet,حبوب,500mcg,,علبة,شريط,1,0,13250,13250,13250,1
01-F00-024,glyceryl trinitrate (GTN) (Bristol),Glyceryl trinitrate 0.5mg sublingual Tablet,حبوب,0.5mg,,علبة,شريط,1,0,13250,13250,13250,1
01-F00-060,Nimotop 30mg tab (Bayer pharma AG),Nimodipine 30mg Tablet,حبوب,30mg,,علبة,شريط,1,0,22750,22750,22750,1
01-F00-078,Adalat LA 30mg tab (Bayer pharma),Nifedipine 30mg,حبوب,30mg,,علبة,شريط,3,0,19250,6416.67,19250,1
01-F00-069,trinity 10mg/10ml i.v sol (Vem ilac),Glyceryl trinitrate 1mg/1ml (10ml) Ampoule,أمبول,10mg,,علبة,أمبولة,10,0,33000,3300,33000,1
01-F00-069,Glyceryl Trinitrate - hameln,Glyceryl trinitrate 1mg/1ml (10ml) Ampoule,أمبول,1mg,,علبة,أمبولة,10,0,44000,4400,44000,1
01-F00-034,vasordil tab (Al Furat),Isosorbide dinitrate 10mg Tablet,حبوب,10mg,,علبة,شريط,1,0,500,500,500,1
01-F00-034,vasordil tab (Al Furat),Isosorbide dinitrate 10mg Tablet,حبوب,10mg,,علبة,شريط,3,0,1250,416.67,1250,1
01-F00-034,Isordin Awa 10mg tab (Awamedica),Isosorbide dinitrate 10mg Tablet,حبوب,10mg,,علبة,شريط,3,0,2250,750,2250,1
01-F00-034,isosorbide dinitrate 10mg tab (Eipico),Isosorbide dinitrate 10mg Tablet,حبوب,10mg,,علبة,شريط,3,0,3500,1166.67,3500,1
01-F00-034,vasordil tab (Al Furat),Isosorbide dinitrate 10mg Tablet,حبوب,10mg,,علبة,شريط,10,0,3750,375,3750,1
01-F00-034,Isocard 10 mg (DAD),Isosorbide dinitrate 10mg Tablet,حبوب,10 mg,,علبة,شريط,10,0,5500,550,5500,1
01-F00-034,isosorbide dinitrate - 10mg tab (Accord),Isosorbide dinitrate 10mg Tablet,حبوب,10mg,,علبة,شريط,4,0,7000,1750,7000,1
01-G00-002,cardivive 40mg/ml (Pioneer),"Dopamine hydrochloride 40mg/ml, (5ml) Ampoule or vial",أمبول,40mg,,علبة,أمبولة,5,0,11500,2300,11500,1
01-G00-002,dopasel 200mg/5ml (Osel ilac),"Dopamine hydrochloride 40mg/ml, (5ml) Ampoule or vial",أمبول,200mg,,علبة,أمبولة,5,0,11500,2300,11500,1
01-G00-002,Dopadren - 200mg/5ml IV infusion (Vem ilac),"Dopamine hydrochloride 40mg/ml, (5ml) Ampoule or vial",أمبول,200mg,,علبة,أمبولة,5,0,16500,3300,16500,1
01-G00-002,Loxin - 200mg/5ml Amp (Duopharma),"Dopamine hydrochloride 40mg/ml, (5ml) Ampoule or vial",أمبول,200mg,,علبة,أمبولة,10,0,16500,1650,16500,1
01-G00-002,dopamine Hcl sterop (Laboratories Sterop),"Dopamine hydrochloride 40mg/ml, (5ml) Ampoule or vial",أمبول,40mg,,علبة,أمبولة,10,0,17500,1750,17500,1
01-G00-002,dopamine fresenius 200mg/5ml (Fresenius KABi),"Dopamine hydrochloride 40mg/ml, (5ml) Ampoule or vial",أمبول,200mg,,علبة,أمبولة,10,0,20750,2075,20750,1
01-G00-009,ephedrine Hcl 3% (Macarthys),Ephedrine hydrochloride 3% (30 mg / ml) 1ml ampoule slow I.V. injection,أمبول,3%,,علبة,أمبولة,10,0,13250,1325,13250,1
01-G00-009,Ephedrine Hcl monico - 30mg/ml amp (Monico spa),Ephedrine hydrochloride 3% (30 mg / ml) 1ml ampoule slow I.V. injection,أمبول,30mg,,علبة,أمبولة,5,0,14000,2800,14000,1
01-G00-009,ephedrine-hameln 30mg/ml solu. For inj (Hamlen),Ephedrine hydrochloride 3% (30 mg / ml) 1ml ampoule slow I.V. injection,أمبول,30mg,,علبة,أمبولة,10,0,19000,1900,19000,1
01-G00-009,EPHEDRINE AGUETTANT (Lab.Aguettant),Ephedrine hydrochloride 3% (30 mg / ml) 1ml ampoule slow I.V. injection,أمبول,3%,,علبة,أمبولة,10,0,28000,2800,28000,1
01-G00-014,norphed 4mg/4mlsolu. For i.v infusion (Tabuk),Noradrenaline 2mg/ml (2 ml or 4ml ampoule),أمبول,4mg,,علبة,أمبولة,10,0,25500,2550,25500,1
01-G00-014,Noradrenaline - 8mg/4ml I.V. inf amp. (Lab Aguttant),Noradrenaline 2mg/ml (2 ml or 4ml ampoule),أمبول,8mg,,علبة,أمبولة,10,0,41000,4100,41000,1
01-G00-014,norepine amp (Laboratories sterop),Noradrenaline 2mg/ml (2 ml or 4ml ampoule),أمبول,2mg,,علبة,أمبولة,10,0,56000,5600,56000,1
02-A00-003,Gasteredain mint ora - (WadiAlrafidain),Aluminium hydroxide 225mg +Magnesium hydroxide 200mg + Simethicone 25mg -30 /5ml Suspension,حقن,225mg,,علبة,حقنة,1,0,1500,1500,1500,1
02-A00-003,GASTEREDAIN PLUS - Oral suspension (WadiAlrafidain),Aluminium hydroxide 225mg +Magnesium hydroxide 200mg + Simethicone 25mg -30 /5ml Suspension,حقن,225mg,,علبة,حقنة,1,0,2000,2000,2000,1
02-A00-003,Gasteredain strawberry (WadiAlrafidain),Aluminium hydroxide 225mg +Magnesium hydroxide 200mg + Simethicone 25mg -30 /5ml Suspension,حقن,225mg,,علبة,حقنة,1,0,2250,2250,2250,1
02-A00-003,Gasteredain banana - oral susp. (WadiAlrafidain),Aluminium hydroxide 225mg +Magnesium hydroxide 200mg + Simethicone 25mg -30 /5ml Suspension,حقن,225mg,,علبة,حقنة,1,0,2250,2250,2250,1
02-A00-003,Acilox-plus oral suspension (Pioneer),Aluminium hydroxide 225mg +Magnesium hydroxide 200mg + Simethicone 25mg -30 /5ml Suspension,حقن,225mg,,علبة,حقنة,1,0,3250,3250,3250,1
02-B00-008,Spasmodain syrup (Wadi-Alrafidain),Hyoscine butylbromide 1mg/ml Syrup,شراب,1mg,,عبوة,عبوة,1,0,2000,2000,2000,1
02-B00-008,Spasmo-MDI syrup,Hyoscine butylbromide 1mg/ml Syrup,شراب,1mg,,عبوة,عبوة,1,0,2000,2000,2000,1
02-B00-008,hayacine syrup (Al Hayat),Hyoscine butylbromide 1mg/ml Syrup,شراب,1mg,,عبوة,عبوة,1,0,2500,2500,2500,1
02-B00-008,busconal oral syrup (Al-Mansour),Hyoscine butylbromide 1mg/ml Syrup,شراب,1mg,,عبوة,عبوة,1,0,2500,2500,2500,1
02-B00-008,spasmo-Kindi syrup (AL Kindi),Hyoscine butylbromide 1mg/ml Syrup,شراب,1mg,,عبوة,عبوة,1,0,2750,2750,2750,1
02-B00-008,Spasmosam syrup (SDI),Hyoscine butylbromide 1mg/ml Syrup,شراب,1mg,,عبوة,عبوة,1,0,2750,2750,2750,1
02-B00-008,spasmo syrup (Safa Pharma),Hyoscine butylbromide 1mg/ml Syrup,شراب,1mg,,عبوة,عبوة,1,0,3000,3000,3000,1
02-B00-008,Spasmostop - syrup (Sama Al-fayhaa),Hyoscine butylbromide 1mg/ml Syrup,شراب,1mg,,عبوة,عبوة,1,0,3500,3500,3500,1
02-B00-008,Scopinal syrup (Julphar),Hyoscine butylbromide 1mg/ml Syrup,شراب,1mg,,عبوة,عبوة,1,0,3500,3500,3500,1
02-B00-008,Biscolen - 20mg/ml ampI.M/Slow I.V. Use (Gland pharma),Hyoscine butylbromide 1mg/ml Syrup,أمبول,20mg,,علبة,أمبولة,5,0,3750,750,3750,1
02-B00-008,"hyomax amp i.m,i.v (Ultra medica)",Hyoscine butylbromide 1mg/ml Syrup,أمبول,1mg,,علبة,أمبولة,5,0,4500,900,4500,1
02-B00-008,Avotrin 20mg/ml (UNI –pharmakleonTsetis pharmaceutical Laboratories S.A.),Hyoscine butylbromide 1mg/ml Syrup,أمبول,20mg,,علبة,أمبولة,2,0,5000,2500,5000,1
02-B00-008,Spazmotek - 20 mg /ml IV/IM /S.CAmp. (Idol pharmaceuticals /),Hyoscine butylbromide 1mg/ml Syrup,أمبول,20 mg,,علبة,أمبولة,6,0,5250,875,5250,1
02-B00-008,antipan 20mg/ml inj. (Arwan),Hyoscine butylbromide 1mg/ml Syrup,أمبول,20mg,,علبة,أمبولة,5,0,5500,1100,5500,1
02-B00-008,No-Spasm Amp (Eipico),Hyoscine butylbromide 1mg/ml Syrup,أمبول,1mg,,علبة,أمبولة,5,0,5500,1100,5500,1
02-B00-008,Scopinal - 20mg /ml Ampoule IM/SLOW IV (Julphar),Hyoscine butylbromide 1mg/ml Syrup,أمبول,20mg,,علبة,أمبولة,5,0,5750,1150,5750,1
02-B00-008,Piocine - 20mg/ml amp (Pioneer),Hyoscine butylbromide 1mg/ml Syrup,أمبول,20mg,,علبة,أمبولة,100,0,79000,790,79000,1
02-B00-007,spasmo AS tab - (Aswar Alkhaleej),Hyoscine butylbromide 10mg Tablet,حبوب,10mg,,علبة,شريط,1,0,1000,1000,1000,1
02-B00-007,spasmosam tab (SDI),Hyoscine butylbromide 10mg Tablet,حبوب,10mg,,علبة,شريط,1,0,2000,2000,2000,1
02-B00-007,hyoscine-furat 10mg (Al Furat),Hyoscine butylbromide 10mg Tablet,حبوب,10mg,,علبة,شريط,1,0,2000,2000,2000,1
02-B00-007,Scopinal 10mg tab (Julphar),Hyoscine butylbromide 10mg Tablet,حبوب,10mg,,علبة,شريط,1,0,2750,2750,2750,1
02-B00-007,spasmo AS tab (Aswar Alkhaleej),Hyoscine butylbromide 10mg Tablet,حبوب,10mg,,علبة,شريط,3,0,3000,1000,3000,1
02-B00-007,HyosinAwa 10 - 10mg/tab. (Awamedica),Hyoscine butylbromide 10mg Tablet,حبوب,10mg,,علبة,شريط,2,0,3000,1500,3000,1
02-B00-007,Piocine 10mg (Pioneer),Hyoscine butylbromide 10mg Tablet,حبوب,10mg,,علبة,شريط,2,0,3750,1875,3750,1
02-B00-007,SPASMOTAB - 10mg S/C Tab. (Al kindi),Hyoscine butylbromide 10mg Tablet,حبوب,10mg,,علبة,شريط,2,0,3750,1875,3750,1
02-B00-007,Spasmostop - 10mg F/C tab. (Sama Al-fayhaa),Hyoscine butylbromide 10mg Tablet,حبوب,10mg,,علبة,شريط,2,0,3750,1875,3750,1
02-B00-007,hyosaf 10mg (Safa Pharma),Hyoscine butylbromide 10mg Tablet,حبوب,10mg,,علبة,شريط,2,0,3750,1875,3750,1
02-B00-007,busconal - f.c tab (Al Mansour),Hyoscine butylbromide 10mg Tablet,حبوب,10mg,,علبة,شريط,2,0,3750,1875,3750,1
02-B00-007,SPASMOBAN-DIJ - tablet (Dijla),Hyoscine butylbromide 10mg Tablet,حبوب,10mg,,علبة,شريط,3,0,4000,1333.33,4000,1
02-B00-007,spasmo-MDI tab,Hyoscine butylbromide 10mg Tablet,حبوب,10mg,,علبة,شريط,3,0,5750,1916.67,5750,1
02-B00-007,Buscopan ® Sugar Coated tablets (Delpharm Reims),Hyoscine butylbromide 10mg Tablet,حبوب,10mg,,علبة,شريط,2,0,7000,3500,7000,1
02-B00-007,Spasmodain - 10mg tab (Wadi-Alrafidain),Hyoscine butylbromide 10mg Tablet,حبوب,10mg,,علبة,شريط,10,0,13000,1300,13000,1
02-C00-035,omyl - injection 40mg (combi- pack) (Lyka Labs limited),Omeprazole 40mg vial for IV injection,فيال,40mg,,علبة,فيال,1,0,2250,2250,2250,1
02-C00-035,Omeprazole - vial (Strides Arcolab),Omeprazole 40mg vial for IV injection,فيال,40mg,,علبة,فيال,1,0,3750,3750,3750,1
02-C00-035,Omeprazole 40mg (Gland pharma),Omeprazole 40mg vial for IV injection,فيال,40mg,,علبة,فيال,1,0,4500,4500,4500,1
02-C00-035,omex 40mg vial (Centurion ilac),Omeprazole 40mg vial for IV injection,فيال,40mg,,علبة,فيال,1,0,4500,4500,4500,1
02-C00-035,Omepreful - 40 mg vial (Aroma ilac),Omeprazole 40mg vial for IV injection,فيال,40 mg,,علبة,فيال,1,0,5000,5000,5000,1
02-C00-035,Omisec - 40mg pwd for sol. I.V vial (MS pharma),Omeprazole 40mg vial for IV injection,فيال,40mg,,علبة,فيال,1,0,5500,5500,5500,1
02-C00-035,gastrovan 40mg vial (Psychotropic),Omeprazole 40mg vial for IV injection,فيال,40mg,,علبة,فيال,1,0,5750,5750,5750,1
02-C00-035,Risek - 40mg vial IV infusion (julphar),Omeprazole 40mg vial for IV injection,فيال,40mg,,علبة,فيال,1,0,5750,5750,5750,1
02-C00-035,Omeref - 40mg vial I.V. (Vem ilac san vetic),Omeprazole 40mg vial for IV injection,فيال,40mg,,علبة,فيال,1,0,5750,5750,5750,1
02-C00-035,ipproton 40mg vial (Les Laboratories MEDIS),Omeprazole 40mg vial for IV injection,فيال,40mg,,علبة,فيال,1,0,7250,7250,7250,1
02-C00-035,Ulcazal 40mg (Arwan),Omeprazole 40mg vial for IV injection,فيال,40mg,,علبة,فيال,1,0,8750,8750,8750,1
02-C00-035,Lordin 40mg I.V.INJ (Vianex),Omeprazole 40mg vial for IV injection,فيال,40mg,,علبة,فيال,1,0,8750,8750,8750,1
02-C00-035,Omep 40mg /100ml vial (Hexal),Omeprazole 40mg vial for IV injection,فيال,40mg,,علبة,فيال,1,0,10500,10500,10500,1
02-C00-035,omeprazole - (Hikma),Omeprazole 40mg vial for IV injection,فيال,40mg,,علبة,فيال,1,0,11000,11000,11000,1
02-C00-035,Omiz 40mg powder for inj. (Tabuk pharma),Omeprazole 40mg vial for IV injection,فيال,40mg,,علبة,فيال,5,0,24250,4850,24250,1
02-C00-035,ipproton 40mg vial (Medis),Omeprazole 40mg vial for IV injection,فيال,40mg,,علبة,فيال,10,0,57000,5700,57000,1
02-C00-035,Omeprazol Azevedos - 40mg vial (Sofarimex),Omeprazole 40mg vial for IV injection,فيال,40mg,,علبة,فيال,10,0,63000,6300,63000,1
02-C00-038,Esoblok - 40mg IV vial (Deva),Esomeprazole( as sodium) 40mg powder for solution vial IV or IV infusion,فيال,40mg,,علبة,فيال,1,0,6000,6000,6000,1
02-C00-038,Gordex 40mg vial (Julphar),Esomeprazole( as sodium) 40mg powder for solution vial IV or IV infusion,فيال,40mg,,علبة,فيال,1,0,6000,6000,6000,1
02-C00-038,esomeprazole azevedos40 mg vial (Sofarimex),Esomeprazole( as sodium) 40mg powder for solution vial IV or IV infusion,فيال,40 mg,,علبة,فيال,1,0,6400,6400,6400,1
02-C00-038,Nexus 40mg vial (Hikma),Esomeprazole( as sodium) 40mg powder for solution vial IV or IV infusion,فيال,40mg,,علبة,فيال,1,0,8750,8750,8750,1
02-C00-038,Esomeprazole Normon - 40mg IV infusion,Esomeprazole( as sodium) 40mg powder for solution vial IV or IV infusion,فيال,40mg,,علبة,فيال,1,0,8750,8750,8750,1
02-C00-038,kenzoprazole 40mg vial (MS Pharma),Esomeprazole( as sodium) 40mg powder for solution vial IV or IV infusion,فيال,40mg,,علبة,فيال,10,0,44000,4400,44000,1
02-C00-038,kenzoprazol 40mg vial I.V.inj.or inf. (Tabuk),Esomeprazole( as sodium) 40mg powder for solution vial IV or IV infusion,فيال,40mg,,علبة,فيال,10,0,44000,4400,44000,1
02-C00-038,esomeprazoleazevedos - 40 mg vial (Sofarimex),Esomeprazole( as sodium) 40mg powder for solution vial IV or IV infusion,فيال,40 mg,,علبة,فيال,10,0,64000,6400,64000,1
02-C00-038,Nexium - 40mg vial (astrazenica),Esomeprazole( as sodium) 40mg powder for solution vial IV or IV infusion,فيال,40mg,,علبة,فيال,10,0,91000,9100,91000,1
02-C00-015,oprazon - 20tab (Al kindi),Omeprazole 20mg Enteric Coated pellets in capsule or Enteric Coated Tablet,حبوب,20mg,,علبة,شريط,2,0,1500,750,1500,1
02-C00-015,Omlek 20 - 20mg delayed release cap (Unique),Omeprazole 20mg Enteric Coated pellets in capsule or Enteric Coated Tablet,كبسول,20mg,,علبة,شريط,1,0,1500,1500,1500,1
02-C00-015,OMEPROSAF 20 - 20mg cap. (Safa Pharma),Omeprazole 20mg Enteric Coated pellets in capsule or Enteric Coated Tablet,كبسول,20mg,,علبة,شريط,2,0,2000,1000,2000,1
02-C00-015,OMEPRAZOL-20 - 20mg cap. (Al-Furat co.),Omeprazole 20mg Enteric Coated pellets in capsule or Enteric Coated Tablet,كبسول,20mg,,علبة,شريط,2,0,2000,1000,2000,1
02-C00-015,omy-zol cap 20mg (Urok pharma),Omeprazole 20mg Enteric Coated pellets in capsule or Enteric Coated Tablet,كبسول,20mg,,علبة,شريط,2,0,2000,1000,2000,1
02-C00-015,oprazon - 20tab (Al kindi),Omeprazole 20mg Enteric Coated pellets in capsule or Enteric Coated Tablet,حبوب,20mg,,علبة,شريط,2,0,2000,1000,2000,1
02-C00-015,omeprosaf - 20 mg cap. (Safa Pharma),Omeprazole 20mg Enteric Coated pellets in capsule or Enteric Coated Tablet,كبسول,20 mg,,علبة,شريط,1,0,2500,2500,2500,1
02-C00-015,omeprazole al jazeera 20,Omeprazole 20mg Enteric Coated pellets in capsule or Enteric Coated Tablet,كبسول,20mg,,علبة,شريط,2,0,2500,1250,2500,1
02-C00-015,Epirazole cap 20 mg (Eipco),Omeprazole 20mg Enteric Coated pellets in capsule or Enteric Coated Tablet,كبسول,20 mg,,علبة,شريط,1,0,2750,2750,2750,1
02-C00-015,omeprazole al jazeer - 40 mg capsule (Awamedica),Omeprazole 20mg Enteric Coated pellets in capsule or Enteric Coated Tablet,كبسول,40 mg,,علبة,شريط,2,0,3000,1500,3000,1
02-C00-015,Pioprazole - 20mg cap. (Pioneer),Omeprazole 20mg Enteric Coated pellets in capsule or Enteric Coated Tablet,كبسول,20mg,,علبة,شريط,2,0,3250,1625,3250,1
02-C00-015,Demeprazol - 20mg cap (Deva),Omeprazole 20mg Enteric Coated pellets in capsule or Enteric Coated Tablet,كبسول,20mg,,علبة,شريط,1,0,4250,4250,4250,1
02-C00-015,omezole 20mg (SDI),Omeprazole 20mg Enteric Coated pellets in capsule or Enteric Coated Tablet,حبوب,20mg,,علبة,شريط,2,0,4750,2375,4750,1
02-C00-015,Omezyn 20 mg cap. (Zynova),Omeprazole 20mg Enteric Coated pellets in capsule or Enteric Coated Tablet,كبسول,20 mg,,علبة,شريط,1,0,5000,5000,5000,1
02-C00-015,oprazole - 20mg ECT (Hikma),Omeprazole 20mg Enteric Coated pellets in capsule or Enteric Coated Tablet,حبوب,20mg,,علبة,شريط,1,0,5250,5250,5250,1
02-C00-015,Omiz cap 20mg (Tabuk pharma),Omeprazole 20mg Enteric Coated pellets in capsule or Enteric Coated Tablet,كبسول,20mg,,علبة,شريط,1,0,5250,5250,5250,1
02-C00-015,Gastrimut - 20mg cap (Normon),Omeprazole 20mg Enteric Coated pellets in capsule or Enteric Coated Tablet,كبسول,20mg,,علبة,شريط,1,0,5250,5250,5250,1
02-C00-015,Risek 20mg cap (Julphar),Omeprazole 20mg Enteric Coated pellets in capsule or Enteric Coated Tablet,كبسول,20mg,,علبة,شريط,1,0,5750,5750,5750,1
02-C00-015,Ome TAD - 20mg cap (Laboratories Liconsa),Omeprazole 20mg Enteric Coated pellets in capsule or Enteric Coated Tablet,كبسول,20mg,,علبة,شريط,1,0,7500,7500,7500,1
02-C00-015,Emilok gastro resistant cap 20mg (Global pharma),Omeprazole 20mg Enteric Coated pellets in capsule or Enteric Coated Tablet,كبسول,20mg,,علبة,شريط,1,0,9250,9250,9250,1
02-C00-015,Gasec 20mg - cap (Acino),Omeprazole 20mg Enteric Coated pellets in capsule or Enteric Coated Tablet,كبسول,20mg,,علبة,شريط,1,0,13250,13250,13250,1
02-C00-015,Omeprosaf - 20cap (Safa Pharma),Omeprazole 20mg Enteric Coated pellets in capsule or Enteric Coated Tablet,كبسول,20mg,,علبة,شريط,50,0,35000,700,35000,1
02-D00-002,Entero-Stop - (SDI),Diphenoxylate hydrochloride 2.5mg + Atropine sulphate 25mcg Tablet,حبوب,2.5mg,,علبة,شريط,1,0,500,500,500,1
02-D00-002,Lomo-stop tab (Al-Kindi co.),Diphenoxylate hydrochloride 2.5mg + Atropine sulphate 25mcg Tablet,حبوب,2.5mg,,علبة,شريط,1,0,500,500,500,1
02-D00-002,Entero-Stop - (SDI),Diphenoxylate hydrochloride 2.5mg + Atropine sulphate 25mcg Tablet,حبوب,2.5mg,,علبة,شريط,2,0,750,375,750,1
02-D00-002,ANTORO-STOP- MDI tab,Diphenoxylate hydrochloride 2.5mg + Atropine sulphate 25mcg Tablet,حبوب,2.5mg,,علبة,شريط,3,0,1000,333.33,1000,1
02-D00-002,Dustop - tab (Dubai),Diphenoxylate hydrochloride 2.5mg + Atropine sulphate 25mcg Tablet,حبوب,2.5mg,,علبة,شريط,2,0,1000,500,1000,1
02-D00-002,Dustop tab (Dubai),Diphenoxylate hydrochloride 2.5mg + Atropine sulphate 25mcg Tablet,حبوب,2.5mg,,علبة,شريط,1,0,1000,1000,1000,1
02-D00-002,Lomodin Awa tab (Awamedica),Diphenoxylate hydrochloride 2.5mg + Atropine sulphate 25mcg Tablet,حبوب,2.5mg,,علبة,شريط,3,0,1500,500,1500,1
02-D00-002,Entero-Stop - tablet (SDI),Diphenoxylate hydrochloride 2.5mg + Atropine sulphate 25mcg Tablet,حبوب,2.5mg,,علبة,شريط,3,0,1750,583.33,1750,1
02-D00-002,Lomo-stop tab (Al-Kindi co.),Diphenoxylate hydrochloride 2.5mg + Atropine sulphate 25mcg Tablet,حبوب,2.5mg,,علبة,شريط,10,0,2500,250,2500,1
02-D00-002,ENTERO-STOP - tab. (SDI),Diphenoxylate hydrochloride 2.5mg + Atropine sulphate 25mcg Tablet,حبوب,2.5mg,,علبة,شريط,50,0,13250,265,13250,1
02-D00-002,Dustop tab (Dubai),Diphenoxylate hydrochloride 2.5mg + Atropine sulphate 25mcg Tablet,حبوب,2.5mg,,علبة,شريط,50,0,19500,390,19500,1
02-D00-002,antoro-stop MDI tab,Diphenoxylate hydrochloride 2.5mg + Atropine sulphate 25mcg Tablet,حبوب,2.5mg,,علبة,شريط,800,0,145000,181.25,145000,1
02-D00-008,Dextrolyte ORS 20.5 gm (SDI),Glucose anhydrous 13.5g + Sodium Chloride 2.6g+Tri sodium citrate dihydrate 2.9g + Potassium chloride 1.5g to be dissolved in Sufficient water to produce 1liter (providing Sodium Chloride 75 mmol + Potassium chloride 20 mmol+chloride 65 mmol +citrate 10 mmol +glucose 75 mmol /Litre) (Oral powder),أكياس فوار,20.5 gm,,علبة,كيس,1,0,500,500,500,1
02-D00-008,Dextro-Afra ORS (Al-Afrah co.),Glucose anhydrous 13.5g + Sodium Chloride 2.6g+Tri sodium citrate dihydrate 2.9g + Potassium chloride 1.5g to be dissolved in Sufficient water to produce 1liter (providing Sodium Chloride 75 mmol + Potassium chloride 20 mmol+chloride 65 mmol +citrate 10 mmol +glucose 75 mmol /Litre) (Oral powder),أكياس فوار,13.5g,,علبة,كيس,5,0,2250,450,2250,1
02-E00-011,"Pentasa 1g enema (Ferring leciva a.s. K Rybniku 475, 252 42 Jesenice prague)",Mesalazine enema (suspension 1gm/100ml or foam 1gm/application),تحاميل,1g,,علبة,تحميلة,7,0,55000,7857.14,55000,1
02-E00-006,mecolzine 500mg tab (FAES farma S.A),Mesalazine 500mg modified release tablet or extended release capsule,حبوب,500mg,,علبة,شريط,10,0,54000,5400,54000,1
02-E00-006,Pentasa - 500mg prolonged release tab (ferring international center s.a),Mesalazine 500mg modified release tablet or extended release capsule,حبوب,500mg,,علبة,شريط,10,0,80000,8000,80000,1
02-F00-002,Bisadyl - 10mg Rectal supp for adults (Amirya),Bisacodyl 10mg Suppository (adult),تحاميل,10mg,,علبة,تحميلة,1,0,1750,1750,1750,1
02-F00-002,LAXAMYAT 10mg (alhayat),Bisacodyl 10mg Suppository (adult),تحاميل,10mg,,علبة,تحميلة,1,0,1750,1750,1750,1
02-F00-002,Laxocodyl 10mg supp. (Julphar),Bisacodyl 10mg Suppository (adult),تحاميل,10mg,,علبة,تحميلة,2,0,2750,1375,2750,1
02-F00-003,Bisacodyl 5mg Gastro resistant (Medreich),Bisacodyl 5mg enteric coated Tablet,حبوب,5mg,,علبة,شريط,1,0,500,500,500,1
02-F00-003,Tolex Awa 5mg (Awamedica),Bisacodyl 5mg enteric coated Tablet,حبوب,5mg,,علبة,شريط,3,0,1500,500,1500,1
02-F00-003,LAXODYL - 5mg E/C Tab. (Al-Furat co.),Bisacodyl 5mg enteric coated Tablet,حبوب,5mg,,علبة,شريط,10,0,3000,300,3000,1
02-F00-003,bisacadyl 5mg gastroresist tab (Medreich limited),Bisacodyl 5mg enteric coated Tablet,حبوب,5mg,,علبة,شريط,10,0,4500,450,4500,1
02-F00-003,Bisacodyl - 5mg tab (Toliddaru pharma),Bisacodyl 5mg enteric coated Tablet,حبوب,5mg,,علبة,شريط,10,0,4750,475,4750,1
02-F00-003,Dulcolax - 5 mg coated tablets (Sanofi-aventis),Bisacodyl 5mg enteric coated Tablet,حبوب,5 mg,,علبة,شريط,3,0,5750,1916.67,5750,1
02-F00-003,Laxodyl tab (Al-Furat co.),Bisacodyl 5mg enteric coated Tablet,حبوب,5mg,,علبة,شريط,25,0,7000,280,7000,1
02-F00-014,Ezilax - SYRUP (Tabuk),"Lactulose 3.1- 3.7g/5ml, Syrup",شراب,3.7g,,عبوة,عبوة,1,0,2750,2750,2750,1
02-F00-014,sedalac syrup (Sedico),"Lactulose 3.1- 3.7g/5ml, Syrup",شراب,3.7g,,عبوة,عبوة,1,0,2750,2750,2750,1
02-F00-014,Piolac - syrup (Pioneer),"Lactulose 3.1- 3.7g/5ml, Syrup",شراب,3.7g,,عبوة,عبوة,1,0,3000,3000,3000,1
02-F00-014,Lactulakin - syrup (Al Kindi),"Lactulose 3.1- 3.7g/5ml, Syrup",شراب,3.7g,,عبوة,عبوة,1,0,3000,3000,3000,1
02-F00-014,Acelac (Sama Alfayhaa),"Lactulose 3.1- 3.7g/5ml, Syrup",شراب,3.7g,,عبوة,عبوة,1,0,3000,3000,3000,1
02-F00-014,Lactolac (Domina),"Lactulose 3.1- 3.7g/5ml, Syrup",شراب,3.7g,,عبوة,عبوة,1,0,3500,3500,3500,1
02-F00-014,lactulax syrup (Al-Jadeed),"Lactulose 3.1- 3.7g/5ml, Syrup",شراب,3.7g,,عبوة,عبوة,1,0,3500,3500,3500,1
02-F00-014,Laxolac - syrup (MUP),"Lactulose 3.1- 3.7g/5ml, Syrup",شراب,3.7g,,عبوة,عبوة,1,0,4000,4000,4000,1
02-F00-014,OSMOLAK (Biofarma ilac San),"Lactulose 3.1- 3.7g/5ml, Syrup",شراب,3.7g,,عبوة,عبوة,1,0,6500,6500,6500,1
02-F00-014,laevolac syrup (Sothema),"Lactulose 3.1- 3.7g/5ml, Syrup",شراب,3.7g,,عبوة,عبوة,1,0,6750,6750,6750,1
02-F00-014,Duphalac - 667 gm/l oral solution (Abbott health care),"Lactulose 3.1- 3.7g/5ml, Syrup",شراب,667 gm,,عبوة,عبوة,1,0,9750,9750,9750,1
02-F00-014,lactulakin syrup (Kindy),"Lactulose 3.1- 3.7g/5ml, Syrup",شراب,3.7g,,عبوة,عبوة,30,0,53000,1766.67,53000,1
02-H00-016,ursobil 300mg (ABC farmaceutici),Ursodeoxycholic acid 300mg Tablet or Capsule,حبوب,300mg,,علبة,شريط,2,0,10000,5000,10000,1
02-H00-016,ursoflor 300mg (SoSe pharm),Ursodeoxycholic acid 300mg Tablet or Capsule,كبسول,300mg,,علبة,شريط,2,0,16500,8250,16500,1
02-H00-016,URSOCHOLIN - 300mg F/C.tab. (Pioneer),Ursodeoxycholic acid 300mg Tablet or Capsule,حبوب,300mg,,علبة,شريط,6,0,20750,3458.33,20750,1
02-K00-002,Samapatalin - tablet (SDI),Mebeverine hydrochloride 135mg Tablet,حبوب,135mg,,علبة,شريط,1,0,1000,1000,1000,1
02-K00-002,mebeverine Hcl 135mg - 135 mg tablet (Al Furat),Mebeverine hydrochloride 135mg Tablet,حبوب,135mg,,علبة,شريط,1,0,1500,1500,1500,1
02-K00-002,dolospasmi MDI tab,Mebeverine hydrochloride 135mg Tablet,حبوب,135mg,,علبة,شريط,2,0,2000,1000,2000,1
02-K00-002,Samapatalin - tablet (SDI),Mebeverine hydrochloride 135mg Tablet,حبوب,135mg,,علبة,شريط,2,0,2000,1000,2000,1
02-K00-002,AS-PATALIN 135 - 135mg F/C tab. (Aswar Alkhaleej),Mebeverine hydrochloride 135mg Tablet,حبوب,135mg,,علبة,شريط,2,0,2000,1000,2000,1
02-K00-002,dolospasmi MDI tab,Mebeverine hydrochloride 135mg Tablet,حبوب,135mg,,علبة,شريط,2,0,2000,1000,2000,1
02-K00-002,Duspatamel 135 - 135mg F/C tab. (Middle east),Mebeverine hydrochloride 135mg Tablet,حبوب,135mg,,علبة,شريط,3,0,3000,1000,3000,1
02-K00-002,Duspatadain tab. - (Wadi-Alrafidain),Mebeverine hydrochloride 135mg Tablet,حبوب,135mg,,علبة,شريط,3,0,3500,1166.67,3500,1
02-K00-002,duspaline 135mg tab (Al kindi),Mebeverine hydrochloride 135mg Tablet,حبوب,135mg,,علبة,شريط,3,0,3750,1250,3750,1
02-K00-002,Duspaverin - 135mg F/C tab. (Sama Alfayhaa),Mebeverine hydrochloride 135mg Tablet,حبوب,135mg,,علبة,شريط,3,0,4250,1416.67,4250,1
02-K00-002,Dospa 135 mg (Aljazeera),Mebeverine hydrochloride 135mg Tablet,حبوب,135 mg,,علبة,شريط,3,0,4250,1416.67,4250,1
02-K00-002,colosaf - tablet (Safa Pharma),Mebeverine hydrochloride 135mg Tablet,حبوب,135mg,,علبة,شريط,3,0,4250,1416.67,4250,1
02-K00-002,duspamen 135mg tab (Jazeera pharma),Mebeverine hydrochloride 135mg Tablet,حبوب,135mg,,علبة,شريط,3,0,4500,1500,4500,1
02-K00-002,Meva - 135mg FCT (Jamjoom pharma),Mebeverine hydrochloride 135mg Tablet,حبوب,135mg,,علبة,شريط,3,0,4500,1500,4500,1
02-K00-002,duspatadain tab 135mg (Wadi-Alrafidain),Mebeverine hydrochloride 135mg Tablet,حبوب,135mg,,علبة,شريط,5,0,6000,1200,6000,1
02-K00-002,PiOVERIN 135 - 135mg F/C tab. (Pioneer),Mebeverine hydrochloride 135mg Tablet,حبوب,135mg,,علبة,شريط,5,0,7000,1400,7000,1
02-K00-002,Bevacol 135mg (Jpm),Mebeverine hydrochloride 135mg Tablet,حبوب,135mg,,علبة,شريط,4,0,8000,2000,8000,1
02-K00-002,mebeverine Hcl 135mg - 135 mg tablet (Al Furat),Mebeverine hydrochloride 135mg Tablet,حبوب,135mg,,علبة,شريط,10,0,13000,1300,13000,1
02-K00-002,samapatlin 135 mg tab (SDI),Mebeverine hydrochloride 135mg Tablet,حبوب,135 mg,,علبة,شريط,50,0,38000,760,38000,1
02-K00-002,Duspatadain tab. - (Wadi-Alrafidain),Mebeverine hydrochloride 135mg Tablet,حبوب,135mg,,علبة,شريط,50,0,42000,840,42000,1
02-K00-002,duspaverin tab (Sama Al Fayhaa),Mebeverine hydrochloride 135mg Tablet,حبوب,135mg,,علبة,شريط,50,0,51000,1020,51000,1
02-K00-002,colosaf - tablet (Safa Pharma),Mebeverine hydrochloride 135mg Tablet,حبوب,135mg,,علبة,شريط,50,0,51000,1020,51000,1
02-K00-002,duspatamel 135mg tab (Middle east),Mebeverine hydrochloride 135mg Tablet,حبوب,135mg,,علبة,شريط,100,0,68000,680,68000,1
02-K00-002,samapatalin 135 tab (SDI),Mebeverine hydrochloride 135mg Tablet,حبوب,135mg,,علبة,شريط,320,0,225000,703.12,225000,1
02-L00-001,Motiliufay - 10mg tab. (Sama Al Fayhaa),Domperidone as base or (as maleate) 10mg,حبوب,10mg,,علبة,شريط,2,0,2000,1000,2000,1
02-L00-001,MDI perdon 10mg,Domperidone as base or (as maleate) 10mg,حبوب,10mg,,علبة,شريط,3,0,2000,666.67,2000,1
02-L00-001,gastromotil 10mg (EIPICO),Domperidone as base or (as maleate) 10mg,حبوب,10mg,,علبة,شريط,2,0,2000,1000,2000,1
02-L00-001,Motidon 10mg (Pioneer),Domperidone as base or (as maleate) 10mg,حبوب,10mg,,علبة,شريط,2,0,3000,1500,3000,1
02-L00-001,Prokinin 10mg tab (Tabuk pharma),Domperidone as base or (as maleate) 10mg,حبوب,10mg,,علبة,شريط,3,0,3750,1250,3750,1
02-L00-001,domper tab (Opaliapharma),Domperidone as base or (as maleate) 10mg,حبوب,10mg,,علبة,شريط,4,0,4000,1000,4000,1
02-L00-001,Costi 10 mg tab. (Medochemie),Domperidone as base or (as maleate) 10mg,حبوب,10 mg,,علبة,شريط,3,0,4250,1416.67,4250,1
02-L00-001,Dompy 10mg tab (Jamjoom),Domperidone as base or (as maleate) 10mg,حبوب,10mg,,علبة,شريط,3,0,4500,1500,4500,1
02-L00-001,Motis - 10mg tab (Deva holding),Domperidone as base or (as maleate) 10mg,حبوب,10mg,,علبة,شريط,3,0,4500,1500,4500,1
02-L00-001,Domperidone ABC 10mg (ABC farma),Domperidone as base or (as maleate) 10mg,حبوب,10mg,,علبة,شريط,3,0,5250,1750,5250,1
02-L00-001,MDIperdon - 10mg tab,Domperidone as base or (as maleate) 10mg,حبوب,10mg,,علبة,شريط,10,0,6000,600,6000,1
02-L00-001,motilina 10mg (Inpharmasci),Domperidone as base or (as maleate) 10mg,حبوب,10mg,,علبة,شريط,3,0,6000,2000,6000,1
02-L00-001,Motilium 10 mg tab. (Lusomedica Sociadade tecnica farmaceutica S.A.),Domperidone as base or (as maleate) 10mg,حبوب,10 mg,,علبة,شريط,1,0,8500,8500,8500,1
02-L00-008,Meclodin Amp (sdi),"Metoclopramide 5mg/ml, (2ml) Ampoule IM, IV",أمبول,5mg,,علبة,أمبولة,1,0,500,500,500,1
02-L00-008,Metoclomid inj. (Shanghai Pharma Co. Ltd.(Shaphar)),"Metoclopramide 5mg/ml, (2ml) Ampoule IM, IV",أمبول,5mg,,علبة,أمبولة,5,0,500,100,500,1
02-L00-008,Metoclop Amp. - 10mg/2ml (Eipico),"Metoclopramide 5mg/ml, (2ml) Ampoule IM, IV",أمبول,10mg,,علبة,أمبولة,1,0,500,500,500,1
02-L00-008,Metamid Amp. (Ibn hayan),"Metoclopramide 5mg/ml, (2ml) Ampoule IM, IV",أمبول,5mg,,علبة,أمبولة,5,0,2250,450,2250,1
02-L00-008,Premosan inj (Julphar),"Metoclopramide 5mg/ml, (2ml) Ampoule IM, IV",أمبول,5mg,,علبة,أمبولة,5,0,4000,800,4000,1
02-L00-008,METOCOL - 10mg/2ml amp. (Pioneer),"Metoclopramide 5mg/ml, (2ml) Ampoule IM, IV",أمبول,10mg,,علبة,أمبولة,5,0,4500,900,4500,1
02-L00-008,Metoclopramide injBP - 5mg/ml amp IV/IM inj. (Gland pharma),"Metoclopramide 5mg/ml, (2ml) Ampoule IM, IV",أمبول,5mg,,علبة,أمبولة,10,0,4500,450,4500,1
02-L00-008,Antimid (Domina),"Metoclopramide 5mg/ml, (2ml) Ampoule IM, IV",أمبول,5mg,,علبة,أمبولة,5,0,4500,900,4500,1
02-L00-008,Metoram 10mg/2ml (Arwan),"Metoclopramide 5mg/ml, (2ml) Ampoule IM, IV",أمبول,10mg,,علبة,أمبولة,5,0,4500,900,4500,1
02-L00-008,clopram 10mg/2ml solu. Amp (Hikma),"Metoclopramide 5mg/ml, (2ml) Ampoule IM, IV",أمبول,10mg,,علبة,أمبولة,5,0,4500,900,4500,1
02-L00-008,elitan 10mg/2ml inj (Medochemie),"Metoclopramide 5mg/ml, (2ml) Ampoule IM, IV",أمبول,10mg,,علبة,أمبولة,10,0,5500,550,5500,1
02-L00-008,metoclopramide-pil 10mg/2ml (Brusseles lab),"Metoclopramide 5mg/ml, (2ml) Ampoule IM, IV",أمبول,10mg,,علبة,أمبولة,10,0,6500,650,6500,1
02-L00-008,Metoclop Amp. - 10mg/2ml (Eipico),"Metoclopramide 5mg/ml, (2ml) Ampoule IM, IV",أمبول,10mg,,علبة,أمبولة,50,0,14500,290,14500,1
02-L00-008,Metocol - 10mg/2ml amp (Pioneer),"Metoclopramide 5mg/ml, (2ml) Ampoule IM, IV",أمبول,10mg,,علبة,أمبولة,100,0,63000,630,63000,1
02-L00-005,meclodain - tab (Wadi-Alrafidain),Metoclopramide hydrochloride 10mg Tablet or Scored Tablet,حبوب,10mg,,علبة,شريط,1,0,500,500,500,1
02-L00-005,novosil tab (Al Mansour),Metoclopramide hydrochloride 10mg Tablet or Scored Tablet,حبوب,10mg,,علبة,شريط,2,0,750,375,750,1
02-L00-005,Meclodin tab - tablet (SDI),Metoclopramide hydrochloride 10mg Tablet or Scored Tablet,حبوب,10mg,,علبة,شريط,2,0,1000,500,1000,1
02-L00-005,MECLOKINDIN 5 - 5mg tab (AL kindi),Metoclopramide hydrochloride 10mg Tablet or Scored Tablet,حبوب,5mg,,علبة,شريط,2,0,1000,500,1000,1
02-L00-005,metopromid Awa tab tab (Wadi-Alrafidain),Metoclopramide hydrochloride 10mg Tablet or Scored Tablet,حبوب,10mg,,علبة,شريط,3,0,2000,666.67,2000,1
02-L00-005,metopramid Awa - 10 mg tab (Awamedica),Metoclopramide hydrochloride 10mg Tablet or Scored Tablet,حبوب,10 mg,,علبة,شريط,3,0,2000,666.67,2000,1
02-L00-005,Premosan 10mg tab. (Julphar),Metoclopramide hydrochloride 10mg Tablet or Scored Tablet,حبوب,10mg,,علبة,شريط,1,0,2000,2000,2000,1
02-L00-005,metoclopramide 10mg tab (Ajanta),Metoclopramide hydrochloride 10mg Tablet or Scored Tablet,حبوب,10mg,,علبة,شريط,50,0,8500,170,8500,1
02-L00-005,meclodain tab (Wadi-Alrafidain),Metoclopramide hydrochloride 10mg Tablet or Scored Tablet,حبوب,10mg,,علبة,شريط,100,0,28000,280,28000,1
03-A00-001,aminophyline monico inj (Monico spa),Aminophylline dihydrate 25mg/1ml ( 10 ml amp. ),أمبول,25mg,,علبة,أمبولة,1,0,2250,2250,2250,1
03-A00-001,aminophylline 250mg/10ml i.v. only Demo,Aminophylline dihydrate 25mg/1ml ( 10 ml amp. ),أمبول,250mg,,علبة,أمبولة,10,0,10000,1000,10000,1
03-A00-001,aminophyline monico 250mg/10ml (Monico spa),Aminophylline dihydrate 25mg/1ml ( 10 ml amp. ),أمبول,250mg,,علبة,أمبولة,5,0,10750,2150,10750,1
03-A00-024,VENTODAD (WadiAlrafidain),Salbutamol Nebules (Respirator solution)0.5% w/v 20ml or 30ml,محلول,0.50%,,عبوة,عبوة,1,0,3000,3000,3000,1
03-A00-024,Salutin Respirator Solution (Sama Alfayhaa),Salbutamol Nebules (Respirator solution)0.5% w/v 20ml or 30ml,محلول,0.50%,,عبوة,عبوة,1,0,3500,3500,3500,1
03-A00-024,Ventosaf Nebules 0.5% (Al safa),Salbutamol Nebules (Respirator solution)0.5% w/v 20ml or 30ml,محلول,0.50%,,عبوة,عبوة,1,0,3500,3500,3500,1
03-A00-024,farcolin respirator solu. (Pharco),Salbutamol Nebules (Respirator solution)0.5% w/v 20ml or 30ml,محلول,0.50%,,عبوة,عبوة,1,0,3500,3500,3500,1
03-A00-025,bronchosal syrup (Arabic drug co. (ADI)),Salbutamol (as sulphate ) 2mg/5ml Syrup,شراب,2mg,,عبوة,عبوة,1,0,750,750,750,1
03-A00-025,butamol syrup (Al furat),Salbutamol (as sulphate ) 2mg/5ml Syrup,شراب,2mg,,عبوة,عبوة,1,0,1000,1000,1000,1
03-A00-025,Ventodad syrup (Wadi-Alrafidain),Salbutamol (as sulphate ) 2mg/5ml Syrup,شراب,2mg,,عبوة,عبوة,1,0,1000,1000,1000,1
03-A00-025,Butaldam Syrup (API(Advanced pharmaindustry)),Salbutamol (as sulphate ) 2mg/5ml Syrup,شراب,2mg,,عبوة,عبوة,1,0,1000,1000,1000,1
03-A00-025,Butaphar (Dubai),Salbutamol (as sulphate ) 2mg/5ml Syrup,شراب,2mg,,عبوة,عبوة,1,0,1250,1250,1250,1
03-A00-025,Buetarin-D (Dijla),Salbutamol (as sulphate ) 2mg/5ml Syrup,شراب,2mg,,عبوة,عبوة,1,0,1250,1250,1250,1
03-A00-025,Nutadeen (Aswar alkhaleej),Salbutamol (as sulphate ) 2mg/5ml Syrup,شراب,2mg,,عبوة,عبوة,1,0,1250,1250,1250,1
03-A00-025,Salutin (Sama Alfayhaa),Salbutamol (as sulphate ) 2mg/5ml Syrup,شراب,2mg,,عبوة,عبوة,1,0,1500,1500,1500,1
03-A00-025,BUNOTADIM MDI,Salbutamol (as sulphate ) 2mg/5ml Syrup,شراب,2mg,,عبوة,عبوة,1,0,1500,1500,1500,1
03-A00-025,BUTADIN syrup (100ml) (SDI),Salbutamol (as sulphate ) 2mg/5ml Syrup,شراب,100ml,,عبوة,عبوة,1,0,1500,1500,1500,1
03-A00-025,salbutin syrup (Al kindi),Salbutamol (as sulphate ) 2mg/5ml Syrup,شراب,2mg,,عبوة,عبوة,1,0,1500,1500,1500,1
03-A00-025,VentoWay (Al mansour),Salbutamol (as sulphate ) 2mg/5ml Syrup,شراب,2mg,,عبوة,عبوة,1,0,1500,1500,1500,1
03-A00-025,Ventoyat (Al hayat),Salbutamol (as sulphate ) 2mg/5ml Syrup,شراب,2mg,,عبوة,عبوة,1,0,1500,1500,1500,1
03-A00-025,Ventomel Syrup (Middle east),Salbutamol (as sulphate ) 2mg/5ml Syrup,شراب,2mg,,عبوة,عبوة,1,0,1500,1500,1500,1
03-A00-044,Asthalin 100mcg inhaler (Cipla),Salbutamol aerosol (as a base) 100mcg / metered inhalation,بخاخ / منشقة,100mcg,,عبوة,عبوة,1,0,3000,3000,3000,1
03-A00-044,Butalin 100mcg/ dose inhaler (Laboratorio Aldo- Union S.L Barcelona /),Salbutamol aerosol (as a base) 100mcg / metered inhalation,بخاخ / منشقة,100mcg,,عبوة,عبوة,1,0,3000,3000,3000,1
03-A00-044,Vental inhaler (ADCO),Salbutamol aerosol (as a base) 100mcg / metered inhalation,بخاخ / منشقة,100mcg,,عبوة,عبوة,1,0,3500,3500,3500,1
03-A00-044,viasalmol aerosol inhal. (MDI pharma),Salbutamol aerosol (as a base) 100mcg / metered inhalation,بخاخ / منشقة,100mcg,,عبوة,عبوة,1,0,4250,4250,4250,1
03-A00-044,brecure 100mcg inhalation (Neutec),Salbutamol aerosol (as a base) 100mcg / metered inhalation,بخاخ / منشقة,100mcg,,عبوة,عبوة,1,0,5750,5750,5750,1
03-A00-044,Salres 100mcg /dose Aerosol Inhaler (Deva holding A.S),Salbutamol aerosol (as a base) 100mcg / metered inhalation,بخاخ / منشقة,100mcg,,عبوة,عبوة,1,0,5750,5750,5750,1
03-A00-044,Aerol 100 mcg/dose Aerosol (Berg),Salbutamol aerosol (as a base) 100mcg / metered inhalation,بخاخ / منشقة,100 mcg,,عبوة,عبوة,1,0,5750,5750,5750,1
03-A00-044,Buto-Asma Inhaler (Ferrer group),Salbutamol aerosol (as a base) 100mcg / metered inhalation,بخاخ / منشقة,100mcg,,عبوة,عبوة,1,0,7250,7250,7250,1
03-A00-044,ventolin evohaler 100mcg/1dose susp. For (GSK),Salbutamol aerosol (as a base) 100mcg / metered inhalation,بخاخ / منشقة,100mcg,,عبوة,عبوة,1,0,8750,8750,8750,1
03-B00-012,AIRTIDE 500/50mcg (Humanis saglik A.S / Turkey),salmetrol (as xinofoate) 50mcg + fluticasone propionate 500mcg/dose,كبسول,50mcg,,علبة,شريط,1,0,25500,25500,25500,1
03-B00-012,Pefsal 50mcg / 500mcg inhalation powder capsules (World medicine ilac San),salmetrol (as xinofoate) 50mcg + fluticasone propionate 500mcg/dose,بخاخ / منشقة,50mcg,,عبوة,عبوة,1,0,26500,26500,26500,1
03-B00-013,airest 50/250mcg capsair (Neutic inhaler ilac),Salmetrol (as xinofoate) 50mcg + fluticasone propionate 250mcg/ dose,بخاخ / منشقة,250mcg,,عبوة,عبوة,1,0,20250,20250,20250,1
03-B00-013,airtide 250mcg/50mcg (Pharma active),Salmetrol (as xinofoate) 50mcg + fluticasone propionate 250mcg/ dose,بخاخ / منشقة,250mcg,,عبوة,عبوة,1,0,20250,20250,20250,1
03-B00-013,"SALOMAX 50 mcg / 250 mcg Inhalation powder , Hard (ARIMED ILAC SAN. VE TIC. A.S)",Salmetrol (as xinofoate) 50mcg + fluticasone propionate 250mcg/ dose,بخاخ / منشقة,50 mcg,,عبوة,عبوة,1,0,25500,25500,25500,1
03-B00-015,beclocort meterd dose (API),Beclomethasone dipropionate 250mcg/ each actuation (For adults only) oral inhaler,بخاخ / منشقة,250mcg,,عبوة,عبوة,1,0,4500,4500,4500,1
03-B00-015,beclomedic pressurized inh. (D.A.S.T biotech),Beclomethasone dipropionate 250mcg/ each actuation (For adults only) oral inhaler,بخاخ / منشقة,250mcg,,عبوة,عبوة,1,0,7250,7250,7250,1
03-B00-015,Cortis 250 mcg inhaler (berg),Beclomethasone dipropionate 250mcg/ each actuation (For adults only) oral inhaler,بخاخ / منشقة,250 mcg,,عبوة,عبوة,1,0,10500,10500,10500,1
03-B00-019,Respivent Discair 4.5 / 160 mcg Inhalation powder (Neutec inhaler),Budesonide 200mcg+Formoterol fumarate dihydrate 6 mcg/1dose inhaler,بخاخ / منشقة,160 mcg,,عبوة,عبوة,1,0,21250,21250,21250,1
03-B00-019,Fornitin Combi Fix 160/4.5mcg Inhalation (ARIMED ILAC SAN. VE TIC. A.S),Budesonide 200mcg+Formoterol fumarate dihydrate 6 mcg/1dose inhaler,بخاخ / منشقة,4.5mcg,,عبوة,عبوة,1,0,21250,21250,21250,1
03-B00-019,Symbicort 160/4.5mcg/dose turbuhaler (Astra zeneca),Budesonide 200mcg+Formoterol fumarate dihydrate 6 mcg/1dose inhaler,بخاخ / منشقة,4.5mcg,,عبوة,عبوة,1,0,33500,33500,33500,1
03-B00-019,bufomix 160mcg/4.5mcg easyheler (Hikma/ Jordan),Budesonide 200mcg+Formoterol fumarate dihydrate 6 mcg/1dose inhaler,بخاخ / منشقة,160mcg,,عبوة,عبوة,1,0,36000,36000,36000,1
03-B00-019,bufomix 160mcg/4.5mcg easyheler (Hikma/ Jordan),Budesonide 200mcg+Formoterol fumarate dihydrate 6 mcg/1dose inhaler,بخاخ / منشقة,160mcg,,عبوة,عبوة,1,0,36000,36000,36000,1
03-B00-019,Symbicort 160/4.5mcg turbuhaler (Astra zeneca),Budesonide 200mcg+Formoterol fumarate dihydrate 6 mcg/1dose inhaler,بخاخ / منشقة,4.5mcg,,عبوة,عبوة,1,0,56000,56000,56000,1
03-B00-020,cortair 0.5mg/ml (Vem ilac),Budesonide 500mcg/ml,فيال,0.5mg,,علبة,فيال,20,0,20250,1012.5,20250,1
03-B00-020,Pulmicort (Astra zeneca),Budesonide 500mcg/ml,أمبول,500mcg,,علبة,أمبولة,20,0,39000,1950,39000,1
03-B00-031,respiramol 200/6mcg inhalation cap (Lab.Liconsa),budesonide 200 mcg + formoterol fumarate dihydrate 6 mcg inhaler,بخاخ / منشقة,6mcg,,عبوة,عبوة,1,0,27500,27500,27500,1
03-B00-031,pulmoton (200/6mg)/dose (Elpen),budesonide 200 mcg + formoterol fumarate dihydrate 6 mcg inhaler,بخاخ / منشقة,6mg,,عبوة,عبوة,1,0,36000,36000,36000,1
03-D00-003,ALERDAIN (WadiAlrafidain),Chlorpheniramine maleate 2 mg/5ml Syrup,شراب,2 mg,,عبوة,عبوة,1,0,1000,1000,1000,1
03-D00-003,HISTOFEN (Al_kindi),Chlorpheniramine maleate 2 mg/5ml Syrup,شراب,2 mg,,عبوة,عبوة,1,0,1250,1250,1250,1
03-D00-003,Allerjix syrup 2mg (Sama Al-Fayhaa),Chlorpheniramine maleate 2 mg/5ml Syrup,شراب,2mg,,عبوة,عبوة,1,0,1500,1500,1500,1
03-D00-003,PORAMINE (Middle east),Chlorpheniramine maleate 2 mg/5ml Syrup,شراب,2 mg,,عبوة,عبوة,1,0,1500,1500,1500,1
03-D00-003,Klofenamin Awa syrup (Awamedica),Chlorpheniramine maleate 2 mg/5ml Syrup,شراب,2 mg,,عبوة,عبوة,1,0,1500,1500,1500,1
03-D00-003,histadin syrup (SDI),Chlorpheniramine maleate 2 mg/5ml Syrup,شراب,2 mg,,عبوة,عبوة,1,0,1500,1500,1500,1
03-D00-003,SAFASTIN (Al safa),Chlorpheniramine maleate 2 mg/5ml Syrup,شراب,2 mg,,عبوة,عبوة,1,0,2000,2000,2000,1
03-D00-003,Chlomal 2mg/5ml (Pioneer),Chlorpheniramine maleate 2 mg/5ml Syrup,شراب,2mg,,عبوة,عبوة,1,0,2500,2500,2500,1
03-D00-003,Chlorohistol 2mg/5ml syrup (Julphar),Chlorpheniramine maleate 2 mg/5ml Syrup,شراب,2mg,,عبوة,عبوة,1,0,2500,2500,2500,1
03-D00-004,alerdain tab (Wadi-Alrafidain),Chlorpheniramine maleate 4mg Tablet,حبوب,4mg,,علبة,شريط,1,0,500,500,500,1
03-D00-004,Histadin tab (SDI),Chlorpheniramine maleate 4mg Tablet,حبوب,4mg,,علبة,شريط,1,0,500,500,500,1
03-D00-004,Safastin 4mg tab (alsafa),Chlorpheniramine maleate 4mg Tablet,حبوب,4mg,,علبة,شريط,2,0,500,250,500,1
03-D00-004,HISTOFEN 4mg (Al_kindi),Chlorpheniramine maleate 4mg Tablet,حبوب,4mg,,علبة,شريط,2,0,750,375,750,1
03-D00-004,Anallerge 4mg tab (Kahira Pharm Cairo),Chlorpheniramine maleate 4mg Tablet,حبوب,4mg,,علبة,شريط,2,0,750,375,750,1
03-D00-004,antihist tab 4mg (IPI),Chlorpheniramine maleate 4mg Tablet,حبوب,4mg,,علبة,شريط,3,0,1500,500,1500,1
03-D00-004,Klofenamin Awa 4 (Awamedica),Chlorpheniramine maleate 4mg Tablet,حبوب,4mg,,علبة,شريط,3,0,1500,500,1500,1
03-D00-004,Chlomal 4mg (Pioneer),Chlorpheniramine maleate 4mg Tablet,حبوب,4mg,,علبة,شريط,2,0,2000,1000,2000,1
03-D00-004,Chlorohistol 4mg tab (julphar),Chlorpheniramine maleate 4mg Tablet,حبوب,4mg,,علبة,شريط,2,0,2000,1000,2000,1
03-D00-004,Chlorohistol 4mg tab (Julphar),Chlorpheniramine maleate 4mg Tablet,حبوب,4mg,,علبة,شريط,1,0,2000,2000,2000,1
03-D00-004,allerjaz (Al jazeera),Chlorpheniramine maleate 4mg Tablet,حبوب,4mg,,علبة,شريط,10,0,3750,375,3750,1
03-D00-004,alerdain tab (Wadi-Alrafidain),Chlorpheniramine maleate 4mg Tablet,حبوب,4mg,,علبة,شريط,10,0,4750,475,4750,1
03-D00-004,histadin tab (SDI),Chlorpheniramine maleate 4mg Tablet,حبوب,4mg,,علبة,شريط,50,0,10000,200,10000,1
03-D00-004,Histapollen 4mg (Al mansour),Chlorpheniramine maleate 4mg Tablet,حبوب,4mg,,علبة,شريط,50,0,12250,245,12250,1
03-D00-004,Safastin 4mg tab (alsafa),Chlorpheniramine maleate 4mg Tablet,حبوب,4mg,,علبة,شريط,100,0,21500,215,21500,1
03-D00-004,HISTOFEN 4mg (Al_kindi),Chlorpheniramine maleate 4mg Tablet,حبوب,4mg,,علبة,شريط,100,0,27000,270,27000,1
03-D00-015,Allermine Amp (SDI),"Diphenhydramine hydrochloride 10mg/ml IM,IV(1ml)Ampoule",أمبول,10mg,,علبة,أمبولة,5,0,500,100,500,1
03-D00-015,Allermine Amp (SDI),"Diphenhydramine hydrochloride 10mg/ml IM,IV(1ml)Ampoule",أمبول,10mg,,علبة,أمبولة,5,0,2500,500,2500,1
03-D00-015,DIFEN 10mg (Pioneer),"Diphenhydramine hydrochloride 10mg/ml IM,IV(1ml)Ampoule",أمبول,10mg,,علبة,أمبولة,5,0,3250,650,3250,1
03-D00-015,Difen 10 mg/1ml glass amp (Pioneer),"Diphenhydramine hydrochloride 10mg/ml IM,IV(1ml)Ampoule",أمبول,10 mg,,علبة,أمبولة,100,0,53000,530,53000,1
03-D00-022,lorasam 10mg (SDI),loratadine 10mg,حبوب,10mg,,علبة,شريط,1,0,500,500,500,1
03-D00-022,loratadine tab (Dubai),loratadine 10mg,حبوب,10mg,,علبة,شريط,1,0,500,500,500,1
03-D00-022,Lorasaf 10mg tablet (Al safa),loratadine 10mg,حبوب,10mg,,علبة,شريط,1,0,750,750,750,1
03-D00-022,loratidin Awa 10mg (Awamedica),loratadine 10mg,حبوب,10mg,,علبة,شريط,2,0,1000,500,1000,1
03-D00-022,Lorax 10mg (sama alfayhaa),loratadine 10mg,حبوب,10mg,,علبة,شريط,1,0,1250,1250,1250,1
03-D00-022,Loratadine 10mg (Advanced),loratadine 10mg,حبوب,10mg,,علبة,شريط,2,0,1500,750,1500,1
03-D00-022,Loratyn 10 tab (Hovid),loratadine 10mg,حبوب,10mg,,علبة,شريط,2,0,1500,750,1500,1
03-D00-022,Medreich loratadine 10mg (Medreich Australia pty. Ltd. / Australia),loratadine 10mg,حبوب,10mg,,علبة,شريط,1,0,1750,1750,1750,1
03-D00-022,loratan 10 mg tab (Brawn Laboratories Ltd.),loratadine 10mg,حبوب,10 mg,,علبة,شريط,2,0,1750,875,1750,1
03-D00-022,Tidilor 10mg tab (pharma),loratadine 10mg,حبوب,10mg,,علبة,شريط,1,0,1750,1750,1750,1
03-D00-022,loraday tab (Kuwait Saudi pharmaceutical),loratadine 10mg,حبوب,10mg,,علبة,شريط,1,0,1750,1750,1750,1
03-D00-022,Loramax 10 mg tab (JPI),loratadine 10mg,حبوب,10 mg,,علبة,شريط,1,0,2250,2250,2250,1
03-D00-022,loratadine aljazeera (Al jazeera),loratadine 10mg,حبوب,10mg,,علبة,شريط,2,0,2500,1250,2500,1
03-D00-022,loratan 10 mg tab (DAD),loratadine 10mg,حبوب,10 mg,,علبة,شريط,1,0,2750,2750,2750,1
03-D00-022,Emilora 10 mg tab. (Global pharma),loratadine 10mg,حبوب,10 mg,,علبة,شريط,2,0,3250,1625,3250,1
03-D00-022,loranor 10mg tab (Laboratories Normon),loratadine 10mg,حبوب,10mg,,علبة,شريط,2,0,3500,1750,3500,1
03-D00-022,Ramitin (ram pharmaceutical industries),loratadine 10mg,حبوب,10mg,,علبة,شريط,3,0,3500,1166.67,3500,1
03-D00-022,Loratin 10mg (Julphar),loratadine 10mg,حبوب,10mg,,علبة,شريط,1,0,3500,3500,3500,1
03-D00-022,Allerazin 10 (TOCURA ILAC SAN),loratadine 10mg,حبوب,10mg,,علبة,شريط,3,0,3500,1166.67,3500,1
03-D00-022,Claritine tab (bayer),loratadine 10mg,حبوب,10mg,,علبة,شريط,3,0,19750,6583.33,19750,1
03-D00-022,lorasaf 10mg tablet (Al safa),loratadine 10mg,حبوب,10mg,,علبة,شريط,50,0,31000,620,31000,1
03-F00-002,ASOLVOREM (Aswar alkhaleej),Bromhexine hydrochloride 4mg/5ml Syrup,شراب,4mg,,عبوة,عبوة,1,0,1000,1000,1000,1
03-F00-002,Solvidine MDI,Bromhexine hydrochloride 4mg/5ml Syrup,شراب,4mg,,عبوة,عبوة,1,0,1250,1250,1250,1
03-F00-002,Solvocough syrup (Al_kindi),Bromhexine hydrochloride 4mg/5ml Syrup,شراب,4mg,,عبوة,عبوة,1,0,1500,1500,1500,1
03-F00-002,Solvodin Syrup (SDI),Bromhexine hydrochloride 4mg/5ml Syrup,شراب,4mg,,عبوة,عبوة,1,0,1500,1500,1500,1
03-F00-002,MucoAway (Al mansour),Bromhexine hydrochloride 4mg/5ml Syrup,شراب,4mg,,عبوة,عبوة,1,0,1500,1500,1500,1
03-F00-002,Silvodeen-D (Dijla),Bromhexine hydrochloride 4mg/5ml Syrup,شراب,4mg,,عبوة,عبوة,1,0,1500,1500,1500,1
03-F00-002,SOLVODAD (WadiAlrafidain),Bromhexine hydrochloride 4mg/5ml Syrup,شراب,4mg,,عبوة,عبوة,1,0,1500,1500,1500,1
03-F00-002,Mucolyte syrup (Julphar),Bromhexine hydrochloride 4mg/5ml Syrup,شراب,4mg,,عبوة,عبوة,1,0,2750,2750,2750,1
03-F00-002,Bromonio elixir (Med pharma),Bromhexine hydrochloride 4mg/5ml Syrup,شراب,4mg,,عبوة,عبوة,1,0,3000,3000,3000,1
03-F00-002,Bromonio elixir (Med pharma),Bromhexine hydrochloride 4mg/5ml Syrup,شراب,4mg,,عبوة,عبوة,1,0,3000,3000,3000,1
03-F00-002,Basiflux 0.8mg/ml syrup,Bromhexine hydrochloride 4mg/5ml Syrup,شراب,0.8mg,,عبوة,عبوة,1,0,3750,3750,3750,1
03-F00-002,mucoaway solu. (Al mansour),Bromhexine hydrochloride 4mg/5ml Syrup,شراب,4mg,,عبوة,عبوة,30,0,33000,1100,33000,1
03-G00-016,As-Tulet syrup 100ml (Aswar alkhaleej),Glyceryl guaiacolate 50mg+ Chlorpheniramine maleate 1mg+ Phenylephrine hydrochloride 2.5mg/5ml Syrup,شراب,100ml,,عبوة,عبوة,1,0,1000,1000,1000,1
03-G00-016,Tussidan oral syrup (Dijlah),Glyceryl guaiacolate 50mg+ Chlorpheniramine maleate 1mg+ Phenylephrine hydrochloride 2.5mg/5ml Syrup,شراب,50mg,,عبوة,عبوة,1,0,1750,1750,1750,1
03-G00-016,TUSICOUGH (Al_kindi),Glyceryl guaiacolate 50mg+ Chlorpheniramine maleate 1mg+ Phenylephrine hydrochloride 2.5mg/5ml Syrup,شراب,50mg,,عبوة,عبوة,1,0,2000,2000,2000,1
03-G00-016,Decopect (Pioneer),Glyceryl guaiacolate 50mg+ Chlorpheniramine maleate 1mg+ Phenylephrine hydrochloride 2.5mg/5ml Syrup,شراب,50mg,,عبوة,عبوة,1,0,2000,2000,2000,1
03-J00-002,M-Kast 4mg (Aurobindo),Montelukast (as sodium ) 4mg cheweble Tablet,حبوب,4mg,,علبة,شريط,3,0,9500,3166.67,9500,1
03-J00-002,mubact CT 4mg tab (Ajanta pharma),Montelukast (as sodium ) 4mg cheweble Tablet,حبوب,4mg,,علبة,شريط,3,0,9500,3166.67,9500,1
03-J00-002,Onceair 4mg chewable tab (ABDi iBRAHiM),Montelukast (as sodium ) 4mg cheweble Tablet,حبوب,4mg,,علبة,شريط,2,0,10500,5250,10500,1
03-J00-002,SIN-MONT 4 mg Chewable tablets (HUMANIS SAGLIK ANONIM SIRKETI/Turkey),Montelukast (as sodium ) 4mg cheweble Tablet,حبوب,4 mg,,علبة,شريط,2,0,11000,5500,11000,1
03-J00-002,lukra 4mg (neopharma),Montelukast (as sodium ) 4mg cheweble Tablet,حبوب,4mg,,علبة,شريط,3,0,11000,3666.67,11000,1
03-J00-002,Lukast 4mg chewable tablet (Pharma International),Montelukast (as sodium ) 4mg cheweble Tablet,حبوب,4mg,,علبة,شريط,3,0,11250,3750,11250,1
03-J00-002,EzeAir 4mg paediatric chewable tab (Global pharma),Montelukast (as sodium ) 4mg cheweble Tablet,حبوب,4mg,,علبة,شريط,3,0,11500,3833.33,11500,1
03-J00-002,Motrinex 4mg Chewable tab (DAD),Montelukast (as sodium ) 4mg cheweble Tablet,حبوب,4mg,,علبة,شريط,3,0,11500,3833.33,11500,1
03-J00-002,montal 4mg tab (Al taqaddom),Montelukast (as sodium ) 4mg cheweble Tablet,حبوب,4mg,,علبة,شريط,3,0,11500,3833.33,11500,1
03-J00-002,singument-S chewable tab 4mg (Medicair),Montelukast (as sodium ) 4mg cheweble Tablet,حبوب,4mg,,علبة,شريط,3,0,11500,3833.33,11500,1
03-J00-002,zespira (Bilim),Montelukast (as sodium ) 4mg cheweble Tablet,حبوب,4mg,,علبة,شريط,2,0,11500,5750,11500,1
03-J00-002,Airfast 4mg Chewable tab (Tabuk pharma),Montelukast (as sodium ) 4mg cheweble Tablet,حبوب,4mg,,علبة,شريط,3,0,12000,4000,12000,1
03-J00-002,allair 4mg chewable tab (Saja),Montelukast (as sodium ) 4mg cheweble Tablet,حبوب,4mg,,علبة,شريط,3,0,12750,4250,12750,1
03-J00-002,montix 4mg (Pioneer),Montelukast (as sodium ) 4mg cheweble Tablet,حبوب,4mg,,علبة,شريط,2,0,13250,6625,13250,1
03-J00-002,moncas 4mg chewable tab (Genepharma),Montelukast (as sodium ) 4mg cheweble Tablet,حبوب,4mg,,علبة,شريط,2,0,13750,6875,13750,1
03-J00-002,Singulair paediatric 4mg chewable tablet (Organon pharma limited / UK),Montelukast (as sodium ) 4mg cheweble Tablet,حبوب,4mg,,علبة,شريط,4,0,29750,7437.5,29750,1
03-J00-003,statukast 10mg tab (ADWIA),Montelukast (as sodium ) 10mg Tablet,حبوب,10mg,,علبة,شريط,1,0,4500,4500,4500,1
03-J00-003,N-FESS 10mg film coated tablet (Recordati),Montelukast (as sodium ) 10mg Tablet,حبوب,10mg,,علبة,شريط,4,0,9500,2375,9500,1
03-J00-003,lelipel 10mg tab (EGPI),Montelukast (as sodium ) 10mg Tablet,حبوب,10mg,,علبة,شريط,2,0,9500,4750,9500,1
03-J00-003,Montas 10 mg tab (Zynova Oman pharmaceutical products Co. LLC),Montelukast (as sodium ) 10mg Tablet,حبوب,10 mg,,علبة,شريط,4,0,10750,2687.5,10750,1
03-J00-003,MONTIKAST 10mg TABLETS (MDI),Montelukast (as sodium ) 10mg Tablet,حبوب,10mg,,علبة,شريط,3,0,12500,4166.67,12500,1
03-J00-003,Allair 10mg film coated tablet (Saja),Montelukast (as sodium ) 10mg Tablet,حبوب,10mg,,علبة,شريط,3,0,12750,4250,12750,1
03-J00-003,Alecast 10 mg film coated tablet (ilko ilac sanayi ve tic A.S),Montelukast (as sodium ) 10mg Tablet,حبوب,10 mg,,علبة,شريط,2,0,13000,6500,13000,1
03-J00-003,Montix 10mg (Pioneer),Montelukast (as sodium ) 10mg Tablet,حبوب,10mg,,علبة,شريط,2,0,13250,6625,13250,1
03-J00-003,SIN-MONT 10 mg Film- coated tablets. (HUMANIS SAGLIK ANONIM SIRKETI/Turkey),Montelukast (as sodium ) 10mg Tablet,حبوب,10 mg,,علبة,شريط,2,0,13250,6625,13250,1
03-J00-003,avadil 10mg tab (Zadapharma),Montelukast (as sodium ) 10mg Tablet,حبوب,10mg,,علبة,شريط,3,0,13250,4416.67,13250,1
03-J00-003,montal 10mg tab (Al taqaddom),Montelukast (as sodium ) 10mg Tablet,حبوب,10mg,,علبة,شريط,3,0,13250,4416.67,13250,1
03-J00-003,Airfast 10 mg tab. (Tabuk),Montelukast (as sodium ) 10mg Tablet,حبوب,10 mg,,علبة,شريط,3,0,13250,4416.67,13250,1
03-J00-003,airfix 10mg f.c tab (Neutec ilac),Montelukast (as sodium ) 10mg Tablet,حبوب,10mg,,علبة,شريط,2,0,13250,6625,13250,1
03-J00-003,Onceair 10mg FCT (ABDi iBRAHiM),Montelukast (as sodium ) 10mg Tablet,حبوب,10mg,,علبة,شريط,2,0,13250,6625,13250,1
03-J00-003,Luxat 10mg (Deva),Montelukast (as sodium ) 10mg Tablet,حبوب,10mg,,علبة,شريط,2,0,13500,6750,13500,1
03-J00-003,Unicast 10mg Film Coated Tablet (UPM),Montelukast (as sodium ) 10mg Tablet,حبوب,10mg,,علبة,شريط,3,0,13750,4583.33,13750,1
03-J00-003,Zespira 10 mg (Bilim),Montelukast (as sodium ) 10mg Tablet,حبوب,10 mg,,علبة,شريط,2,0,13750,6875,13750,1
03-J00-003,moncas 10mg chewable tab (Genepharma),Montelukast (as sodium ) 10mg Tablet,حبوب,10mg,,علبة,شريط,2,0,14000,7000,14000,1
03-J00-003,Montelugen (Farmoz S.A - Portugal),Montelukast (as sodium ) 10mg Tablet,حبوب,10mg,,علبة,شريط,2,0,14000,7000,14000,1
03-J00-003,Montelukast Normon 10mg FCT (Lab Normon),Montelukast (as sodium ) 10mg Tablet,حبوب,10mg,,علبة,شريط,4,0,14250,3562.5,14250,1
03-J00-003,Yocair 10mg tablet (Jamjoom),Montelukast (as sodium ) 10mg Tablet,حبوب,10mg,,علبة,شريط,3,0,14500,4833.33,14500,1
03-J00-003,montolair 10mg F.C.T (Savvy Pharma),Montelukast (as sodium ) 10mg Tablet,حبوب,10mg,,علبة,شريط,3,0,15250,5083.33,15250,1
03-J00-003,montelukast TAD 10mg tab (Krka),Montelukast (as sodium ) 10mg Tablet,حبوب,10mg,,علبة,شريط,4,0,15250,3812.5,15250,1
03-J00-003,Motrinex 10mg F.C.T (DAD),Montelukast (as sodium ) 10mg Tablet,حبوب,10mg,,علبة,شريط,3,0,15250,5083.33,15250,1
03-J00-003,Eze Air 10mg (Global),Montelukast (as sodium ) 10mg Tablet,حبوب,10mg,,علبة,شريط,3,0,17000,5666.67,17000,1
03-J00-003,singument-S 10mg (Medicair),Montelukast (as sodium ) 10mg Tablet,حبوب,10mg,,علبة,شريط,3,0,17250,5750,17250,1
03-J00-003,Cinfalair 10mg (Laboratories cinfa),Montelukast (as sodium ) 10mg Tablet,حبوب,10mg,,علبة,شريط,2,0,17750,8875,17750,1
03-J00-003,Denk-Air 10 mg (Denk pharma),Montelukast (as sodium ) 10mg Tablet,حبوب,10 mg,,علبة,شريط,2,0,17750,8875,17750,1
03-J00-003,Singulair 10mg tablet (Merck sharp and Dohme (MSD)),Montelukast (as sodium ) 10mg Tablet,حبوب,10mg,,علبة,شريط,4,0,29750,7437.5,29750,1
04-A00-010,libroksidin (Al_kindi),Chlordiazepoxide 10mg,حبوب,10mg,,علبة,شريط,2,0,1000,500,1000,1
04-A00-010,Libroxide 10mg tab (SDI),Chlordiazepoxide 10mg,حبوب,10mg,,علبة,شريط,3,0,2500,833.33,2500,1
04-A00-010,awazepoxid (Awamedica),Chlordiazepoxide 10mg,حبوب,10mg,,علبة,شريط,3,0,2500,833.33,2500,1
04-A00-007,LIBROKSIDIN 5mg tab (Al_kindi),chlordiazepoxide 5mg,حبوب,5mg,,علبة,شريط,1,0,500,500,500,1
04-A00-007,LIBROKSIDIN 5mg (Al_kindi),chlordiazepoxide 5mg,حبوب,5mg,,علبة,شريط,2,0,750,375,750,1
04-A00-007,libroxen 5 tab (Dijla),chlordiazepoxide 5mg,حبوب,5mg,,علبة,شريط,1,0,750,750,750,1
04-A00-007,Libroxide 5mg (SDI),chlordiazepoxide 5mg,حبوب,5mg,,علبة,شريط,3,0,1750,583.33,1750,1
04-A00-007,awazepoxid (Awamedica),chlordiazepoxide 5mg,حبوب,5mg,,علبة,شريط,3,0,2500,833.33,2500,1
04-A00-007,Libroxen 5 (Dijla),chlordiazepoxide 5mg,حبوب,5mg,,علبة,شريط,10,0,5750,575,5750,1
04-A00-007,libroxide 5mg (SDI),chlordiazepoxide 5mg,حبوب,5mg,,علبة,شريط,50,0,20750,415,20750,1
04-A00-013,diazepam domina 10 amp,"Diazepam 5mg/ml, (2ml) Ampoule",أمبول,5mg,,علبة,أمبولة,3,0,3000,1000,3000,1
04-A00-013,"pioval i.m,i.v inj (Pioneer)","Diazepam 5mg/ml, (2ml) Ampoule",أمبول,5mg,,علبة,أمبولة,5,0,3750,750,3750,1
04-A00-013,Diazepam 10mg/2ml (Chemidaron),"Diazepam 5mg/ml, (2ml) Ampoule",أمبول,10mg,,علبة,أمبولة,10,0,5750,575,5750,1
04-A00-013,Azepium 10gm/2ml Amp. (medochemie),"Diazepam 5mg/ml, (2ml) Ampoule",أمبول,10gm,,علبة,أمبولة,10,0,6500,650,6500,1
04-A00-013,DIasel 10mg/2ml solution for injection I.M/I.V (2ml) (Osel ilac),"Diazepam 5mg/ml, (2ml) Ampoule",أمبول,10mg,,علبة,أمبولة,10,0,7000,700,7000,1
04-A00-021,duzepam tab (Dubai),Diazepam 5mg Tablet,حبوب,5mg,,علبة,شريط,1,0,500,500,500,1
04-A00-021,Diapam_ 5mg tab. (Dijla),Diazepam 5mg Tablet,حبوب,5mg,,علبة,شريط,1,0,500,500,500,1
04-A00-021,valum-J 5mg tab (al jazeera),Diazepam 5mg Tablet,حبوب,5mg,,علبة,شريط,1,0,750,750,750,1
04-A00-021,Valiapam 5mg (SDI),Diazepam 5mg Tablet,حبوب,5mg,,علبة,شريط,1,0,750,750,750,1
04-A00-021,Diapam_ 5mg tab. (Dijla),Diazepam 5mg Tablet,حبوب,5mg,,علبة,شريط,2,0,1000,500,1000,1
04-A00-021,DIAZEPAM – MDI 5 Tablets,Diazepam 5mg Tablet,حبوب,5mg,,علبة,شريط,3,0,2000,666.67,2000,1
04-A00-021,diazepam sobhan 5mg tab (Sobhan Darou),Diazepam 5mg Tablet,حبوب,5mg,,علبة,شريط,5,0,4500,900,4500,1
04-A00-021,diazepam sobhan 5mg tab (Sobhan Darou),Diazepam 5mg Tablet,حبوب,5mg,,علبة,شريط,10,0,4500,450,4500,1
04-A00-021,Diazedain 5mg tab (Wadi-Alrafidain),Diazepam 5mg Tablet,حبوب,5mg,,علبة,شريط,10,0,5750,575,5750,1
04-A00-021,VALIUPAM 5mg (Al_kindi),Diazepam 5mg Tablet,حبوب,5mg,,علبة,شريط,50,0,15250,305,15250,1
04-A00-021,duzepam 5mg tab (Dubai),Diazepam 5mg Tablet,حبوب,5mg,,علبة,شريط,50,0,21500,430,21500,1
04-A00-021,Valum-j 5mg (al jazeera),Diazepam 5mg Tablet,حبوب,5mg,,علبة,شريط,50,0,25500,510,25500,1
04-A00-021,Diapam-5 mg (Dijlah),Diazepam 5mg Tablet,حبوب,5 mg,,علبة,شريط,50,0,25750,515,25750,1
04-A00-021,VALIAPAM 5mg (SDI),Diazepam 5mg Tablet,حبوب,5mg,,علبة,شريط,50,0,26000,520,26000,1
04-A00-021,diazepam MDI 5mg tab,Diazepam 5mg Tablet,حبوب,5mg,,علبة,شريط,200,0,68000,340,68000,1
04-A00-025,LORAZESAM 2mg tab (SDI),Lorazepam 2mg scored Tablet,حبوب,2mg,,علبة,شريط,3,0,2750,916.67,2750,1
04-A00-003,Alprazolam pazolam 0.5mg tab (Atral),Alprazolam 0.5mg,حبوب,0.5mg,,علبة,شريط,2,0,4250,2125,4250,1
04-A00-003,xanised 0.5mg tab (Sobhan Darou),Alprazolam 0.5mg,حبوب,0.5mg,,علبة,شريط,10,0,7250,725,7250,1
04-A00-003,xanax 0.5mg (Sanico N.V.),Alprazolam 0.5mg,حبوب,0.5mg,,علبة,شريط,3,0,8750,2916.67,8750,1
04-A00-003,AlprazolamPazolam 0.5mg tab (Atral),Alprazolam 0.5mg,حبوب,0.5mg,,علبة,شريط,6,0,13000,2166.67,13000,1
04-B00-018,Monasan inj. 1ml amp (Duo Pharma),"Fluphenazine decanoate depot injection 25mg/ml, (1ml) Ampoule",أمبول,1ml,,علبة,أمبولة,10,0,31750,3175,31750,1
04-B00-078,serequapine 100mg tab (Al kindi),Quetiapine ( as fumarate )100mg,حبوب,100mg,,علبة,شريط,3,0,10500,3500,10500,1
04-B00-078,Quitra 100mg f.c.t (UPM),Quetiapine ( as fumarate )100mg,حبوب,100mg,,علبة,شريط,3,0,13500,4500,13500,1
04-B00-078,Quelept 100mg (Ilako ilaq),Quetiapine ( as fumarate )100mg,حبوب,100mg,,علبة,شريط,3,0,15000,5000,15000,1
04-B00-078,Ketya 100mg (Abdi Ibrahim),Quetiapine ( as fumarate )100mg,حبوب,100mg,,علبة,شريط,3,0,15000,5000,15000,1
04-B00-078,Gyrex 100mg fct (Santa farma ilac),Quetiapine ( as fumarate )100mg,حبوب,100mg,,علبة,شريط,3,0,15000,5000,15000,1
04-B00-078,Quitra 100mg f.c.t (UPM),Quetiapine ( as fumarate )100mg,حبوب,100mg,,علبة,شريط,6,0,23750,3958.33,23750,1
04-B00-078,pinexet 100mg (Zaklady),Quetiapine ( as fumarate )100mg,حبوب,100mg,,علبة,شريط,6,0,30000,5000,30000,1
04-B00-078,Esperal 100mg (DAD),Quetiapine ( as fumarate )100mg,حبوب,100mg,,علبة,شريط,6,0,35500,5916.67,35500,1
04-B00-078,Adazio 100mg (Riyadh pharma),Quetiapine ( as fumarate )100mg,حبوب,100mg,,علبة,شريط,6,0,46000,7666.67,46000,1
04-B00-078,Quetiapine Sandoz 100mg (Lek pharma),Quetiapine ( as fumarate )100mg,حبوب,100mg,,علبة,شريط,6,0,50000,8333.33,50000,1
04-B00-079,serequapine 200mg tab (Al kindi),Quetiapine ( as fumarate )200mg,حبوب,200mg,,علبة,شريط,3,0,15500,5166.67,15500,1
04-B00-079,Quelept 200mg (Ilako ilaq),Quetiapine ( as fumarate )200mg,حبوب,200mg,,علبة,شريط,3,0,18250,6083.33,18250,1
04-B00-079,Ketya 200mg film tab (Abdi Ibrahim),Quetiapine ( as fumarate )200mg,حبوب,200mg,,علبة,شريط,3,0,18250,6083.33,18250,1
04-B00-079,quel 200mg f.c.t (AL Taqaddam),Quetiapine ( as fumarate )200mg,حبوب,200mg,,علبة,شريط,3,0,22250,7416.67,22250,1
04-B00-079,Quitra 200mg f.c.t (UPM),Quetiapine ( as fumarate )200mg,حبوب,200mg,,علبة,شريط,3,0,30500,10166.67,30500,1
04-B00-079,Joswe Quzal 200mg tab,Quetiapine ( as fumarate )200mg,حبوب,200mg,,علبة,شريط,3,0,38000,12666.67,38000,1
04-B00-079,Quitra 200mg f.c.t (UPM),Quetiapine ( as fumarate )200mg,حبوب,200mg,,علبة,شريط,6,0,55000,9166.67,55000,1
04-B00-079,Joswe Quzal 200mg tab,Quetiapine ( as fumarate )200mg,حبوب,200mg,,علبة,شريط,6,0,56000,9333.33,56000,1
04-B00-079,Pinexet 200 mg. (Zaklady),Quetiapine ( as fumarate )200mg,حبوب,200 mg,,علبة,شريط,6,0,57000,9500,57000,1
04-B00-079,Adazio 200mg (Riyadh pharma),Quetiapine ( as fumarate )200mg,حبوب,200mg,,علبة,شريط,6,0,67000,11166.67,67000,1
04-B00-079,Quetiapine Sandoz 200mg (Lek pharma),Quetiapine ( as fumarate )200mg,حبوب,200mg,,علبة,شريط,6,0,73000,12166.67,73000,1
04-B00-079,Joswe Quzal 200mg tab,Quetiapine ( as fumarate )200mg,حبوب,200mg,,علبة,شريط,9,0,84000,9333.33,84000,1
04-B00-023,Halopridol 5mg tab (Sobhan Darou),Haloperidol 5mg Tablet,حبوب,5mg,,علبة,شريط,10,0,3500,350,3500,1
04-B00-023,haloperidol remedica 5mg tab,Haloperidol 5mg Tablet,حبوب,5mg,,علبة,شريط,10,0,13250,1325,13250,1
04-B00-025,doperidol amp (Domina),Haloperidol 5mg/ml (1ml amp),أمبول,5mg,,علبة,أمبولة,3,0,3250,1083.33,3250,1
04-B00-025,halodic (Caspian Tamin pharmaceutical),Haloperidol 5mg/ml (1ml amp),أمبول,5mg,,علبة,أمبولة,5,0,4500,900,4500,1
04-B00-034,Olanzapine-MDI 5mg,Olanzapine 5mg Tablet,حبوب,5mg,,علبة,شريط,3,0,4750,1583.33,4750,1
04-B00-034,olzapin 5mg (Brawn Laboratories Ltd.),Olanzapine 5mg Tablet,حبوب,5mg,,علبة,شريط,3,0,5750,1916.67,5750,1
04-B00-034,Olan-5 TABLET (Micro Lab),Olanzapine 5mg Tablet,حبوب,5mg,,علبة,شريط,3,0,7750,2583.33,7750,1
04-B00-034,zolapine 5mg orodispersible (Pharmaline),Olanzapine 5mg Tablet,حبوب,5mg,,علبة,شريط,3,0,11500,3833.33,11500,1
04-B00-034,Rexapin 5mg fct (Abdi Ibrahim),Olanzapine 5mg Tablet,حبوب,5mg,,علبة,شريط,4,0,11500,2875,11500,1
04-B00-034,olania 5mg ODT (Torrent pharmaceuticals),Olanzapine 5mg Tablet,حبوب,5mg,,علبة,شريط,3,0,11500,3833.33,11500,1
04-B00-034,prexal 5 ODT (Joswe),Olanzapine 5mg Tablet,حبوب,5mg,,علبة,شريط,2,0,13500,6750,13500,1
04-B00-034,zylanza 5mg tab (Genepharma),Olanzapine 5mg Tablet,حبوب,5mg,,علبة,شريط,4,0,14250,3562.5,14250,1
04-B00-034,olanzapine TAD 5mg (Krka dd),Olanzapine 5mg Tablet,حبوب,5mg,,علبة,شريط,4,0,14250,3562.5,14250,1
04-B00-034,OZAPEX 5mg (Pharmathen),Olanzapine 5mg Tablet,حبوب,5mg,,علبة,شريط,4,0,14250,3562.5,14250,1
04-B00-034,Olzan 5mg (DAD),Olanzapine 5mg Tablet,حبوب,5mg,,علبة,شريط,3,0,14500,4833.33,14500,1
04-B00-034,Laprix (Tabuk Pharmaceutical Manufacturing Co.),Olanzapine 5mg Tablet,حبوب,5mg,,علبة,شريط,4,0,14500,3625,14500,1
04-B00-034,Oprexa 5mg f.c.tab (Sana pharmaceutical),Olanzapine 5mg Tablet,حبوب,5mg,,علبة,شريط,3,0,14500,4833.33,14500,1
04-B00-034,olexa 5mg ODT (Al Taqaddom),Olanzapine 5mg Tablet,حبوب,5mg,,علبة,شريط,3,0,14750,4916.67,14750,1
04-B00-034,Spiritex (Ultra medica pharmaceutical),Olanzapine 5mg Tablet,حبوب,5mg,,علبة,شريط,5,0,17750,3550,17750,1
04-B00-034,Zyprexa 5mg (Lilly S.A.),Olanzapine 5mg Tablet,حبوب,5mg,,علبة,شريط,4,0,25000,6250,25000,1
04-B00-032,Olanzapine-MDI 10mg,Olanzapine 10mg Tablet,حبوب,10mg,,علبة,شريط,3,0,5500,1833.33,5500,1
04-B00-032,Olan 10 mg (Micro Lab),Olanzapine 10mg Tablet,حبوب,10 mg,,علبة,شريط,2,0,7250,3625,7250,1
04-B00-032,Olangem 10 (Aurobindo),Olanzapine 10mg Tablet,حبوب,10mg,,علبة,شريط,4,0,12000,3000,12000,1
04-B00-032,olania 10mg ODT (Torrent pharmaceuticals),Olanzapine 10mg Tablet,حبوب,10mg,,علبة,شريط,3,0,14500,4833.33,14500,1
04-B00-032,zolapine 10mg orodispersible (Pharmaline),Olanzapine 10mg Tablet,حبوب,10mg,,علبة,شريط,3,0,15250,5083.33,15250,1
04-B00-032,Rexapin 10mg FCT (Abdi Ibrahim),Olanzapine 10mg Tablet,حبوب,10mg,,علبة,شريط,4,0,15250,3812.5,15250,1
04-B00-032,Olzan 10mg (DAD),Olanzapine 10mg Tablet,حبوب,10mg,,علبة,شريط,3,0,16500,5500,16500,1
04-B00-032,zylanza 10mg tab (Genepharma),Olanzapine 10mg Tablet,حبوب,10mg,,علبة,شريط,4,0,20250,5062.5,20250,1
04-B00-032,Ozapex 10mg (Pharmathen),Olanzapine 10mg Tablet,حبوب,10mg,,علبة,شريط,4,0,20250,5062.5,20250,1
04-B00-032,Oprexa 10mg f.c.tab (Sana pharmaceutical),Olanzapine 10mg Tablet,حبوب,10mg,,علبة,شريط,3,0,21000,7000,21000,1
04-B00-032,Laprix 10mg f.c.t (Tabuk),Olanzapine 10mg Tablet,حبوب,10mg,,علبة,شريط,4,0,21500,5375,21500,1
04-B00-032,prexal 10 ODT (Joswe),Olanzapine 10mg Tablet,حبوب,10mg,,علبة,شريط,2,0,23250,11625,23250,1
04-B00-032,Spiritex (Ultra medica),Olanzapine 10mg Tablet,حبوب,10mg,,علبة,شريط,5,0,24250,4850,24250,1
04-B00-032,olanzapine TAD 10mg (Krkadd),Olanzapine 10mg Tablet,حبوب,10mg,,علبة,شريط,4,0,26750,6687.5,26750,1
04-B00-032,olexa 10mg ODT (Al Taqaddom),Olanzapine 10mg Tablet,حبوب,10mg,,علبة,شريط,3,0,32500,10833.33,32500,1
04-B00-032,Zyprexa 10mg (Lilly S.A.),Olanzapine 10mg Tablet,حبوب,10mg,,علبة,شريط,4,0,44000,11000,44000,1
04-B00-050,RIPREDON 2mg (Al Kindi),Risperidone 2mg Tablet,حبوب,2mg,,علبة,شريط,3,0,5750,1916.67,5750,1
04-B00-050,Risper Awa 2mg (Awamedica),Risperidone 2mg Tablet,حبوب,2mg,,علبة,شريط,3,0,7500,2500,7500,1
04-B00-050,Rispharm 2mg fct (Pharma international),Risperidone 2mg Tablet,حبوب,2mg,,علبة,شريط,2,0,8750,4375,8750,1
04-B00-050,Respal 2mg (Joswe),Risperidone 2mg Tablet,حبوب,2mg,,علبة,شريط,2,0,11250,5625,11250,1
04-B00-050,Risdone 2mg film coated tab (DAD),Risperidone 2mg Tablet,حبوب,2mg,,علبة,شريط,2,0,11750,5875,11750,1
04-B00-050,Rispharm 2mg (Pharma International),Risperidone 2mg Tablet,حبوب,2mg,,علبة,شريط,3,0,13000,4333.33,13000,1
04-B00-050,Risver 2 mg FCT (Jordan river),Risperidone 2mg Tablet,حبوب,2 mg,,علبة,شريط,3,0,13000,4333.33,13000,1
04-B00-050,Ridon 2mg f.c.t (Tabuk pharma),Risperidone 2mg Tablet,حبوب,2mg,,علبة,شريط,3,0,13250,4416.67,13250,1
04-B00-050,Respirox 2mg tablet (Hikma),Risperidone 2mg Tablet,حبوب,2mg,,علبة,شريط,2,0,13250,6625,13250,1
04-B00-050,Risperidone hexal 2mg tab (Hexal AG),Risperidone 2mg Tablet,حبوب,2mg,,علبة,شريط,10,0,32500,3250,32500,1
04-B00-050,Pms-risperidone 2mg (Pharmascience inc),Risperidone 2mg Tablet,حبوب,2mg,,علبة,شريط,6,0,34250,5708.33,34250,1
04-B00-051,ripredon 4mg tab (Al Kindi),Risperidone 4mg tablet,حبوب,4mg,,علبة,شريط,2,0,5750,2875,5750,1
04-B00-051,respal 4 mg caplet (Joswe),Risperidone 4mg tablet,حبوب,4 mg,,علبة,شريط,2,0,13250,6625,13250,1
04-B00-051,rispharm 4mg tab (Pharma international),Risperidone 4mg tablet,حبوب,4mg,,علبة,شريط,3,0,14000,4666.67,14000,1
04-B00-051,Risdone 4mg tab (DAD),Risperidone 4mg tablet,حبوب,4mg,,علبة,شريط,2,0,14000,7000,14000,1
04-B00-051,risver 4mg FCT (Jordan river),Risperidone 4mg tablet,حبوب,4mg,,علبة,شريط,3,0,14750,4916.67,14750,1
04-B00-051,Respirox 4mg tab (Hikma),Risperidone 4mg tablet,حبوب,4mg,,علبة,شريط,2,0,17250,8625,17250,1
04-B00-051,Ridon (Tabuk Pharmaceutical Manufacturing Co.),Risperidone 4mg tablet,حبوب,4mg,,علبة,شريط,3,0,21000,7000,21000,1
04-B00-082,rispersaf solu. (al safa),Risperidone liquid oral solution 1mg/ml.,شراب,1mg,,عبوة,عبوة,1,0,3000,3000,3000,1
04-B00-082,RISPERODEL (Al_kindi),Risperidone liquid oral solution 1mg/ml.,شراب,1mg,,عبوة,عبوة,1,0,9250,9250,9250,1
04-B00-082,respal solution (Joswe),Risperidone liquid oral solution 1mg/ml.,شراب,1mg,,عبوة,عبوة,1,0,20250,20250,20250,1
04-B00-082,Risperdal 1mg /ml oral solution (Janssen),Risperidone liquid oral solution 1mg/ml.,شراب,1mg,,عبوة,عبوة,1,0,26750,26750,26750,1
04-B00-082,Rispons oral solution (UPM),Risperidone liquid oral solution 1mg/ml.,شراب,1mg,,عبوة,عبوة,1,0,28000,28000,28000,1
04-B00-082,RICUS (Biopharma),Risperidone liquid oral solution 1mg/ml.,شراب,1mg,,عبوة,عبوة,1,0,30500,30500,30500,1
04-B00-082,Ridon 1mg/1ml oral sol. (tabuk),Risperidone liquid oral solution 1mg/ml.,شراب,1mg,,عبوة,عبوة,1,0,35500,35500,35500,1
04-CA0-007,Anafranil 25mg SCT (Novartis),Clomipramine hydrochloride 25mg Tablet,حبوب,25mg,,علبة,شريط,3,0,12000,4000,12000,1
04-CC0-006,Solotik 50mg tab (Hikma),Sertraline ( as Hydrochloride) 50mg,حبوب,50mg,,علبة,شريط,1,0,6750,6750,6750,1
04-CC0-006,Sertra TAD 50mg (Krka),Sertraline ( as Hydrochloride) 50mg,حبوب,50mg,,علبة,شريط,2,0,9750,4875,9750,1
04-CC0-006,Sertraline 50mg (bristol laboratories limitd),Sertraline ( as Hydrochloride) 50mg,حبوب,50mg,,علبة,شريط,2,0,11500,5750,11500,1
04-CC0-006,Zoloft 50mg tab (PFIZER MANUFACTURING DEUTSCHLAND GmbH),Sertraline ( as Hydrochloride) 50mg,حبوب,50mg,,علبة,شريط,1,0,13250,13250,13250,1
04-CC0-006,enidap 50mg cap (IASIS pharmaceuticals Hellas),Sertraline ( as Hydrochloride) 50mg,كبسول,50mg,,علبة,شريط,3,0,13250,4416.67,13250,1
04-CC0-006,Seralin 50 mg tab (Pharma international),Sertraline ( as Hydrochloride) 50mg,حبوب,50 mg,,علبة,شريط,3,0,13250,4416.67,13250,1
04-CC0-018,Sertra TAD 100 mg FCT (TAD pharma/ Germany),Sertraline (as Hydrochloride) 100 mg,حبوب,100 mg,,علبة,شريط,2,0,12500,6250,12500,1
04-CC0-018,seralin 100mg tab (Pharma international),Sertraline (as Hydrochloride) 100 mg,حبوب,100mg,,علبة,شريط,3,0,15250,5083.33,15250,1
04-CC0-018,Sertraline 100mg (bristol laboratories limitd),Sertraline (as Hydrochloride) 100 mg,حبوب,100mg,,علبة,شريط,2,0,16500,8250,16500,1
04-CC0-018,enidap100mg cap (IASIS pharmaceuticals Hellas),Sertraline (as Hydrochloride) 100 mg,كبسول,100mg,,علبة,شريط,3,0,17750,5916.67,17750,1
04-CC0-018,Solotik 100 mg. film-coated tablets. (Hikma pharmaceuticals),Sertraline (as Hydrochloride) 100 mg,حبوب,100 mg,,علبة,شريط,3,0,18750,6250,18750,1
04-CC0-011,Paroxat 20mg (Salutas pharma),Paroxetine (as Hydrochloride) 20mg,حبوب,20mg,,علبة,شريط,2,0,10500,5250,10500,1
04-CC0-011,Unirox 20mg f.c.tab (UPM),Paroxetine (as Hydrochloride) 20mg,حبوب,20mg,,علبة,شريط,3,0,11500,3833.33,11500,1
04-CC0-011,paxitab 20mg (Tabuk),Paroxetine (as Hydrochloride) 20mg,حبوب,20mg,,علبة,شريط,3,0,14250,4750,14250,1
04-CC0-002,anxetin 20mg cap (DAD),Fluoxetine (as hydrochloride) 20mg film coated Tablet or capsule,كبسول,20mg,,علبة,شريط,1,0,1000,1000,1000,1
04-CC0-002,Fluzyn 20mg (Zynova Oman pharmaceutical),Fluoxetine (as hydrochloride) 20mg film coated Tablet or capsule,كبسول,20mg,,علبة,شريط,1,0,2250,2250,2250,1
04-CC0-002,Fluzyn 20mg cap (zynova),Fluoxetine (as hydrochloride) 20mg film coated Tablet or capsule,كبسول,20mg,,علبة,شريط,3,0,3000,1000,3000,1
04-CC0-002,fluoxetine GP 20mg cap (GP-Genericos/ Portugal),Fluoxetine (as hydrochloride) 20mg film coated Tablet or capsule,كبسول,20mg,,علبة,شريط,1,0,3000,3000,3000,1
04-CC0-002,anxetin 20mg cap (DAD),Fluoxetine (as hydrochloride) 20mg film coated Tablet or capsule,كبسول,20mg,,علبة,شريط,2,0,5000,2500,5000,1
04-CC0-002,fluoxetine GP 20mg cap (Farma Labor),Fluoxetine (as hydrochloride) 20mg film coated Tablet or capsule,كبسول,20mg,,علبة,شريط,2,0,5750,2875,5750,1
04-CC0-002,Fluoxetine G.L. 20 mg f.c.tab (G.L.phara),Fluoxetine (as hydrochloride) 20mg film coated Tablet or capsule,حبوب,20 mg,,علبة,شريط,2,0,7000,3500,7000,1
04-CC0-002,fluoxetine 20mg cap (Bristol laboratories),Fluoxetine (as hydrochloride) 20mg film coated Tablet or capsule,كبسول,20mg,,علبة,شريط,3,0,7500,2500,7500,1
04-CC0-002,Prozac 20mg cap (Lilly),Fluoxetine (as hydrochloride) 20mg film coated Tablet or capsule,كبسول,20mg,,علبة,شريط,1,0,8750,8750,8750,1
04-CC0-002,Magrilan 20mg cap (Medochemie),Fluoxetine (as hydrochloride) 20mg film coated Tablet or capsule,كبسول,20mg,,علبة,شريط,10,0,11000,1100,11000,1
04-CC0-016,Esciplex 10 mg tab. (Laboratories Sothema),Escitalopram (as oxalate) tablet 10mg,حبوب,10 mg,,علبة,شريط,2,0,5500,2750,5500,1
04-CC0-016,entaprex 10mg tab (Avalon pharma),Escitalopram (as oxalate) tablet 10mg,حبوب,10mg,,علبة,شريط,2,0,8250,4125,8250,1
04-CC0-016,E-CITALOPRAM 10mg (Al kindi),Escitalopram (as oxalate) tablet 10mg,حبوب,10mg,,علبة,شريط,3,0,8500,2833.33,8500,1
04-CC0-016,Cibramine 10mg F.C tab (DAD),Escitalopram (as oxalate) tablet 10mg,حبوب,10mg,,علبة,شريط,2,0,8750,4375,8750,1
04-CC0-016,losiram 10mg f.c.t (Bilim),Escitalopram (as oxalate) tablet 10mg,حبوب,10mg,,علبة,شريط,2,0,9250,4625,9250,1
04-CC0-016,Estopram Awa 10mg (Awamedica),Escitalopram (as oxalate) tablet 10mg,حبوب,10mg,,علبة,شريط,3,0,10500,3500,10500,1
04-CC0-016,exopex f.c.t 10mg (Al taqaddom),Escitalopram (as oxalate) tablet 10mg,حبوب,10mg,,علبة,شريط,3,0,12000,4000,12000,1
04-CC0-016,Ecipharm 10mg (Pharma International),Escitalopram (as oxalate) tablet 10mg,حبوب,10mg,,علبة,شريط,2,0,12500,6250,12500,1
04-CC0-016,Depralex 10mg (Tabuk),Escitalopram (as oxalate) tablet 10mg,حبوب,10mg,,علبة,شريط,2,0,13250,6625,13250,1
04-CC0-016,zelax 10mg (Joswe),Escitalopram (as oxalate) tablet 10mg,حبوب,10mg,,علبة,شريط,2,0,13250,6625,13250,1
04-CC0-016,escitagaran 10mg scored f.c.t (Bluepharma),Escitalopram (as oxalate) tablet 10mg,حبوب,10mg,,علبة,شريط,2,0,13750,6875,13750,1
04-CC0-016,Purlex 10mg tab (Hikma),Escitalopram (as oxalate) tablet 10mg,حبوب,10mg,,علبة,شريط,3,0,18250,6083.33,18250,1
04-CC0-016,Cipralex 10mg (H. Lundbeck),Escitalopram (as oxalate) tablet 10mg,حبوب,10mg,,علبة,شريط,2,0,26750,13375,26750,1
04-CD0-001,demissal f.c. tab (Atlantic pharma),Mirtazapine 30mg Tablet,حبوب,30mg,,علبة,شريط,3,0,19000,6333.33,19000,1
04-CD0-001,Depreram 30mg F.C.T (Kleva Pharmaceutical S.A),Mirtazapine 30mg Tablet,حبوب,30mg,,علبة,شريط,3,0,38000,12666.67,38000,1
04-CD0-020,Efexor XR 75mg (PFIZER IRELAND PHARMACEUTICALS),Venlafaxine (as Hydrochloride) 75 mg,كبسول,75mg,,علبة,شريط,1,0,12750,12750,12750,1
04-CD0-020,VELEXEL 75mg prolonged release tablet XR (Labrataries Liconsa),Venlafaxine (as Hydrochloride) 75 mg,حبوب,75mg,,علبة,شريط,2,0,23500,11750,23500,1
04-CD0-021,Efexor XR 150mg (PFIZER IRELAND PHARMACEUTICALS),Venlafaxine (as Hydrochloride ) 150mg,كبسول,150mg,,علبة,شريط,1,0,23250,23250,23250,1
04-CD0-021,velexel 150 mg prolonged relase tab. XR (Labrataries Liconsa),Venlafaxine (as Hydrochloride ) 150mg,حبوب,150 mg,,علبة,شريط,2,0,30500,15250,30500,1
04-CD0-014,serodu DR 60mg H.G.cap (Ajanta),Duloxetine (as Hydrochloride) 60 mg,كبسول,60mg,,علبة,شريط,3,0,11000,3666.67,11000,1
04-CD0-014,cymbatex 60mg cap (Eva pharma),Duloxetine (as Hydrochloride) 60 mg,كبسول,60mg,,علبة,شريط,3,0,13250,4416.67,13250,1
04-CD0-014,modexa 60mg GRC (Tabuk),Duloxetine (as Hydrochloride) 60 mg,كبسول,60mg,,علبة,شريط,2,0,17750,8875,17750,1
04-CD0-014,Solix 60mg (UPM),Duloxetine (as Hydrochloride) 60 mg,كبسول,60mg,,علبة,شريط,3,0,19250,6416.67,19250,1
04-CD0-014,CYMBALTA 60 MG HARD GASTRO-RESISTANT CAP. (Lilly S.A.),Duloxetine (as Hydrochloride) 60 mg,كبسول,60 MG,,علبة,شريط,2,0,36750,18375,36750,1
04-CD0-016,serodu DR 30mg H.G.cap (Ajanta),Duloxetine (as Hydrochloride) 30 mg,كبسول,30mg,,علبة,شريط,3,0,7750,2583.33,7750,1
04-CD0-016,modexa 30mg GRC (Tabuk),Duloxetine (as Hydrochloride) 30 mg,كبسول,30mg,,علبة,شريط,1,0,8750,8750,8750,1
04-CD0-016,cymbatex 30mg cap (Eva pharma),Duloxetine (as Hydrochloride) 30 mg,حبوب,30mg,,علبة,شريط,3,0,13000,4333.33,13000,1
04-CD0-016,Solix 30mg (UPM),Duloxetine (as Hydrochloride) 30 mg,كبسول,30mg,,علبة,شريط,3,0,13750,4583.33,13750,1
04-CD0-016,Duloxx (Santa-Farma-ilac),Duloxetine (as Hydrochloride) 30 mg,كبسول,30 mg,,علبة,شريط,2,0,15250,7625,15250,1
04-CD0-016,PMS-Duloxetine 30mg cap (Pharmascience),Duloxetine (as Hydrochloride) 30 mg,كبسول,30mg,,علبة,شريط,3,0,17250,5750,17250,1
04-CD0-016,duciltia 30mg cap (Pharmathen),Duloxetine (as Hydrochloride) 30 mg,كبسول,30mg,,علبة,شريط,2,0,19000,9500,19000,1
04-CD0-016,Cymbalta 30mg cap (Lilly S.A.),Duloxetine (as Hydrochloride) 30 mg,كبسول,30mg,,علبة,شريط,2,0,27000,13500,27000,1
04-D00-005,Adonera 25mg (Sama Al Fayhaa),Atomoxetine ( as Hydrochloride) 25mg,كبسول,25mg,,علبة,شريط,2,0,39000,19500,39000,1
04-D00-005,Axepta 25mg (UPM),Atomoxetine ( as Hydrochloride) 25mg,كبسول,25mg,,علبة,شريط,3,0,44000,14666.67,44000,1
04-D00-005,Strattera 25 mg cap (Eli Lilly),Atomoxetine ( as Hydrochloride) 25mg,كبسول,25 mg,,علبة,شريط,2,0,138000,69000,138000,1
04-D00-006,Adonera 18mg (Sama Al Fayhaa),Atomoxetine ( as Hydrochloride )18mg,كبسول,18mg,,علبة,شريط,2,0,36000,18000,36000,1
04-D00-006,Axepta 18mg (UPM),Atomoxetine ( as Hydrochloride )18mg,كبسول,18mg,,علبة,شريط,3,0,44000,14666.67,44000,1
04-D00-006,Strattera 18 mg cap (Eli Lilly),Atomoxetine ( as Hydrochloride )18mg,كبسول,18 mg,,علبة,شريط,2,0,138000,69000,138000,1
04-D00-007,Axepta 40mg cap (UPM),Atomoxetine (as Hydrochloride ) 40mg,كبسول,40mg,,علبة,شريط,3,0,44000,14666.67,44000,1
04-D00-007,Strattera 40 mg cap (Eli Lilly),Atomoxetine (as Hydrochloride ) 40mg,كبسول,40 mg,,علبة,شريط,2,0,138000,69000,138000,1
04-F00-001,bertigo 8mg tab (Jazeera pharma),Betahistine Hydrochloride or di-Hydrochloride 8mg,حبوب,8mg,,علبة,شريط,3,0,4000,1333.33,4000,1
04-F00-001,betavert 8mg tab (Jamjoom),Betahistine Hydrochloride or di-Hydrochloride 8mg,حبوب,8mg,,علبة,شريط,3,0,4500,1500,4500,1
04-F00-001,tinserc 8mg tab (Recordati),Betahistine Hydrochloride or di-Hydrochloride 8mg,حبوب,8mg,,علبة,شريط,3,0,7250,2416.67,7250,1
04-F00-001,Anatax 8mg (UPM),Betahistine Hydrochloride or di-Hydrochloride 8mg,حبوب,8mg,,علبة,شريط,6,0,8500,1416.67,8500,1
04-F00-001,VEROTEC 8 mg tablet (JPM),Betahistine Hydrochloride or di-Hydrochloride 8mg,حبوب,8 mg,,علبة,شريط,4,0,8750,2187.5,8750,1
04-F00-001,lavistina 8mg tab (Tabuk),Betahistine Hydrochloride or di-Hydrochloride 8mg,حبوب,8mg,,علبة,شريط,10,0,10500,1050,10500,1
04-F00-001,Betaserc 8mg (MYLAN HEALTHCARE LABORATORIES SAS),Betahistine Hydrochloride or di-Hydrochloride 8mg,حبوب,8mg,,علبة,شريط,10,0,23000,2300,23000,1
04-F00-002,betavert 16mg tab (Jamjoom),Betahistine di-Hydrochloride 16mg,حبوب,16mg,,علبة,شريط,3,0,7250,2416.67,7250,1
04-F00-002,lavistina 16mg tab (Tabuk),Betahistine di-Hydrochloride 16mg,حبوب,16mg,,علبة,شريط,4,0,8000,2000,8000,1
04-F00-002,Vasoserc forte 16mg (Abdi Ibrahim),Betahistine di-Hydrochloride 16mg,حبوب,16mg,,علبة,شريط,3,0,8750,2916.67,8750,1
04-F00-002,bertigo 16mg tab (Jazeera pharma),Betahistine di-Hydrochloride 16mg,حبوب,16mg,,علبة,شريط,3,0,8750,2916.67,8750,1
04-F00-002,tinserc 16mg tab (Recordati),Betahistine di-Hydrochloride 16mg,حبوب,16mg,,علبة,شريط,3,0,8750,2916.67,8750,1
04-F00-002,Anatax 16mg (UPM),Betahistine di-Hydrochloride 16mg,حبوب,16mg,,علبة,شريط,6,0,10000,1666.67,10000,1
04-F00-002,Verotec 16 mg tablet (JPM),Betahistine di-Hydrochloride 16mg,حبوب,16 mg,,علبة,شريط,5,0,14500,2900,14500,1
04-F00-002,Betaserc 16mg (MYLAN HEALTHCARE LABORATORIES SAS),Betahistine di-Hydrochloride 16mg,حبوب,16mg,,علبة,شريط,3,0,27750,9250,27750,1
04-F00-004,furametil 5mg tab (Al furat),Prochlorperazine maleate 5mg Tablet,حبوب,5mg,,علبة,شريط,1,0,500,500,500,1
04-F00-004,furametil 5mg tab (Al furat),Prochlorperazine maleate 5mg Tablet,حبوب,5mg,,علبة,شريط,2,0,1500,750,1500,1
04-F00-004,Nautisol 5mg tab (Medochemie),Prochlorperazine maleate 5mg Tablet,حبوب,5mg,,علبة,شريط,2,0,2250,1125,2250,1
04-F00-004,Kloperazin Awa 5 (Awamedica),Prochlorperazine maleate 5mg Tablet,حبوب,5mg,,علبة,شريط,3,0,3000,1000,3000,1
04-F00-004,Jazemetil 5mg tab (Aljazeera),Prochlorperazine maleate 5mg Tablet,حبوب,5mg,,علبة,شريط,10,0,5000,500,5000,1
04-F00-004,furametil 5mg tab (Al furat),Prochlorperazine maleate 5mg Tablet,حبوب,5mg,,علبة,شريط,10,0,5000,500,5000,1
04-F00-023,furarizine tab (Al furat),Cinnarizine 25mg Tablet,حبوب,25mg,,علبة,شريط,1,0,750,750,750,1
04-F00-023,FURARIZINE 25mg (Al furat),Cinnarizine 25mg Tablet,حبوب,25mg,,علبة,شريط,2,0,1250,625,1250,1
04-F00-023,Stugerofay 25mg (Sama Alfayhaa),Cinnarizine 25mg Tablet,حبوب,25mg,,علبة,شريط,2,0,2000,1000,2000,1
04-F00-023,"Stugeron 25 (Lusomedicamenta – Sociedade Tecnica Farmaceutica, S.A/)",Cinnarizine 25mg Tablet,حبوب,25mg,,علبة,شريط,5,0,5750,1150,5750,1
04-F00-019,RASASETRON 8mg/4ml injection (Rasan),"Ondansetron 2mg/ml (4ml) Ampoule or vial I.M , slow I.V ,I.V infusion",فيال,8mg,,علبة,فيال,1,0,1250,1250,1250,1
04-F00-019,Ondansetron-alpha (ALPHA-Aleppo),"Ondansetron 2mg/ml (4ml) Ampoule or vial I.M , slow I.V ,I.V infusion",أمبول,2mg,,علبة,أمبولة,5,0,2000,400,2000,1
04-F00-019,ondaren 8mg/4ml solu. For inj (Vem ilac),"Ondansetron 2mg/ml (4ml) Ampoule or vial I.M , slow I.V ,I.V infusion",أمبول,8mg,,علبة,أمبولة,1,0,2500,2500,2500,1
04-F00-019,ondofren 8mg/4ml (Laboratories DORCAS),"Ondansetron 2mg/ml (4ml) Ampoule or vial I.M , slow I.V ,I.V infusion",أمبول,8mg,,علبة,أمبولة,1,0,3500,3500,3500,1
04-F00-019,BRU-vomit amp for I.M/I.V (Brawn Laboratories Ltd.),"Ondansetron 2mg/ml (4ml) Ampoule or vial I.M , slow I.V ,I.V infusion",أمبول,2mg,,علبة,أمبولة,5,0,5250,1050,5250,1
04-F00-019,Danset 8 mg/4ml inj. (ADWIA),"Ondansetron 2mg/ml (4ml) Ampoule or vial I.M , slow I.V ,I.V infusion",أمبول,8 mg,,علبة,أمبولة,1,0,5750,5750,5750,1
04-F00-019,ONDA 8MG/4ML Ampoule iv/im (Vianex),"Ondansetron 2mg/ml (4ml) Ampoule or vial I.M , slow I.V ,I.V infusion",أمبول,8MG,,علبة,أمبولة,1,0,6750,6750,6750,1
04-F00-019,Setron 8 mg per 4 ml I.M/I.V. amp. (Hikma),"Ondansetron 2mg/ml (4ml) Ampoule or vial I.M , slow I.V ,I.V infusion",أمبول,8 mg,,علبة,أمبولة,5,0,8750,1750,8750,1
04-F00-019,RASASETRON 8mg/4ml injection (Rasan),"Ondansetron 2mg/ml (4ml) Ampoule or vial I.M , slow I.V ,I.V infusion",فيال,8mg,,علبة,فيال,10,0,11250,1125,11250,1
04-F00-019,ondansetron as Hcl 2mg/ml (Aborz darous),"Ondansetron 2mg/ml (4ml) Ampoule or vial I.M , slow I.V ,I.V infusion",أمبول,2mg,,علبة,أمبولة,5,0,11250,2250,11250,1
04-F00-019,NO-VOMIT 8mg/4ml (Pioneer),"Ondansetron 2mg/ml (4ml) Ampoule or vial I.M , slow I.V ,I.V infusion",أمبول,8mg,,علبة,أمبولة,5,0,14250,2850,14250,1
04-F00-019,"danstro solu. For inj. 8mg/4ml i.m,i.v (Julphar)","Ondansetron 2mg/ml (4ml) Ampoule or vial I.M , slow I.V ,I.V infusion",أمبول,8mg,,علبة,أمبولة,5,0,14500,2900,14500,1
04-F00-019,"vokeron 8mg/4ml I.M,I.V (MS pharma)","Ondansetron 2mg/ml (4ml) Ampoule or vial I.M , slow I.V ,I.V infusion",أمبول,8mg,,علبة,أمبولة,5,0,14500,2900,14500,1
04-F00-019,"ondansetron Kabi (Labesfal LaboratoriosAlmiro,)","Ondansetron 2mg/ml (4ml) Ampoule or vial I.M , slow I.V ,I.V infusion",أمبول,2mg,,علبة,أمبولة,5,0,25500,5100,25500,1
04-F00-019,Trondamet sol.for inj. 2mg/ml (Pharmathen),"Ondansetron 2mg/ml (4ml) Ampoule or vial I.M , slow I.V ,I.V infusion",أمبول,2mg,,علبة,أمبولة,5,0,28000,5600,28000,1
04-F00-019,Imatox 8mg/4ml solu. (Tabuk pharma),"Ondansetron 2mg/ml (4ml) Ampoule or vial I.M , slow I.V ,I.V infusion",أمبول,8mg,,علبة,أمبولة,5,0,38000,7600,38000,1
04-F00-019,Vomran 2mg/ml inj (.Jamjoom ph),"Ondansetron 2mg/ml (4ml) Ampoule or vial I.M , slow I.V ,I.V infusion",أمبول,2mg,,علبة,أمبولة,5,0,44000,8800,44000,1
04-F00-019,Ondansetron Accord 8 mg / 4 ml (Intas),"Ondansetron 2mg/ml (4ml) Ampoule or vial I.M , slow I.V ,I.V infusion",أمبول,8 mg,,علبة,أمبولة,5,0,46000,9200,46000,1
04-F00-019,ondanor 8mg/4ml solu. For inj (Normon),"Ondansetron 2mg/ml (4ml) Ampoule or vial I.M , slow I.V ,I.V infusion",أمبول,8mg,,علبة,أمبولة,50,0,54000,1080,54000,1
04-F00-019,No-Vomit 8mg/4ml glass amp (Pioneer),"Ondansetron 2mg/ml (4ml) Ampoule or vial I.M , slow I.V ,I.V infusion",أمبول,8mg,,علبة,أمبولة,100,0,145000,1450,145000,1
04-F00-016,VomiRon film coated tablets (Al Mansour),Ondansetron 8mg Tablet,حبوب,8mg,,علبة,شريط,1,0,5750,5750,5750,1
04-F00-016,ondisterain 8mg (Wadi-Alrafidain),Ondansetron 8mg Tablet,حبوب,8mg,,علبة,شريط,1,0,5750,5750,5750,1
04-F00-016,odran 8mg (United pharma),Ondansetron 8mg Tablet,حبوب,8mg,,علبة,شريط,1,0,7750,7750,7750,1
04-F00-016,ONDANZ 8 orally disintegrating tablet (Sama Alfayhaa),Ondansetron 8mg Tablet,حبوب,8mg,,علبة,شريط,1,0,8500,8500,8500,1
04-F00-016,vomit End 8mg tab (Dubai),Ondansetron 8mg Tablet,حبوب,8mg,,علبة,شريط,1,0,9250,9250,9250,1
04-F00-016,Danstro 8mg f.c.tab (Julphar),Ondansetron 8mg Tablet,حبوب,8mg,,علبة,شريط,1,0,10750,10750,10750,1
04-F00-016,aurodanz 8mg (Aurobindo),Ondansetron 8mg Tablet,حبوب,8mg,,علبة,شريط,2,0,10750,5375,10750,1
04-F00-016,ONZETRAN OD tablet (Pharmaline SAL),Ondansetron 8mg Tablet,حبوب,8mg,,علبة,شريط,1,0,10750,10750,10750,1
04-F00-016,Zemitron 8mg tab (APM),Ondansetron 8mg Tablet,حبوب,8mg,,علبة,شريط,1,0,10750,10750,10750,1
04-F00-016,ONDANET tab (Kwality pharmaceutical),Ondansetron 8mg Tablet,حبوب,8mg,,علبة,شريط,2,0,10750,5375,10750,1
04-F00-016,cametron 8mg ODT (Ultra medica),Ondansetron 8mg Tablet,حبوب,8mg,,علبة,شريط,2,0,13000,6500,13000,1
04-F00-016,Onda-Denk 8mg ODT (Denk pharma),Ondansetron 8mg Tablet,حبوب,8mg,,علبة,شريط,1,0,13000,13000,13000,1
04-F00-016,Trondamet F.C. 8mg tab (Pharmathen),Ondansetron 8mg Tablet,حبوب,8mg,,علبة,شريط,1,0,15250,15250,15250,1
04-F00-016,vomran 8mg tab (Jamjoom pharma),Ondansetron 8mg Tablet,حبوب,8mg,,علبة,شريط,1,0,17750,17750,17750,1
04-F00-016,Imatox (tabuk),Ondansetron 8mg Tablet,حبوب,8mg,,علبة,شريط,1,0,17750,17750,17750,1
04-F00-016,ONDANZ 8mg (Sama Alfayhaa),Ondansetron 8mg Tablet,حبوب,8mg,,علبة,شريط,3,0,23250,7750,23250,1
04-F00-016,ondatrex 8mg ODT (Sofarimex),Ondansetron 8mg Tablet,حبوب,8mg,,علبة,شريط,1,0,27750,27750,27750,1
04-F00-025,Emend 125mg+80mg hard capcap (Alkermes Pharma),Aprepitant 1 Capsule : 125mg/Capsule Aprepitant 2 Capsule : 80 mg /Capsule,كبسول,125mg,,علبة,شريط,3,0,84000,28000,84000,1
04-G00-020,antipyrol infant 125mg supp (SDI),Paracetamol 125mg Suppository,تحاميل,125mg,,علبة,تحميلة,1,0,750,750,750,1
04-G00-020,Asparamol 125mg (Aswar AL Khaleej),Paracetamol 125mg Suppository,تحاميل,125mg,,علبة,تحميلة,1,0,1000,1000,1000,1
04-G00-020,SAFADOL infant 125mg supp (Safa Pharma),Paracetamol 125mg Suppository,تحاميل,125mg,,علبة,تحميلة,1,0,1500,1500,1500,1
04-G00-020,PARACETAMOL-MDI INFANTS 125mg,Paracetamol 125mg Suppository,تحاميل,125mg,,علبة,تحميلة,2,0,1500,750,1500,1
04-G00-020,paramolan 125mg supp (Farmalabar),Paracetamol 125mg Suppository,تحاميل,125mg,,علبة,تحميلة,1,0,1750,1750,1750,1
04-G00-020,Paracetamol Atb 125mg (Antibiotic S.A),Paracetamol 125mg Suppository,تحاميل,125mg,,علبة,تحميلة,1,0,2000,2000,2000,1
04-G00-020,Adol supp 125mg (Julphar),Paracetamol 125mg Suppository,تحاميل,125mg,,علبة,تحميلة,2,0,2000,1000,2000,1
04-G00-020,paracedol infants125mg supp (al jazeera),Paracetamol 125mg Suppository,تحاميل,125mg,,علبة,تحميلة,2,0,2250,1125,2250,1
04-G00-020,Panadrex 125mg SUPPOSITORIES for children (KSP (Kuwait Sauid pharmaceutical)),Paracetamol 125mg Suppository,تحاميل,125mg,,علبة,تحميلة,2,0,2500,1250,2500,1
04-G00-020,paracetasan supp (Rubiepharma),Paracetamol 125mg Suppository,تحاميل,125mg,,علبة,تحميلة,2,0,2750,1375,2750,1
04-G00-020,Para-Denk 125mg supp (Rubie pharma),Paracetamol 125mg Suppository,تحاميل,125mg,,علبة,تحميلة,2,0,3500,1750,3500,1
04-G00-020,Adol 125mg supp. (Julphar),Paracetamol 125mg Suppository,تحاميل,125mg,,علبة,تحميلة,20,0,16000,800,16000,1
04-G00-020,paracetamol-MDI infant suppositores 125mg,Paracetamol 125mg Suppository,تحاميل,125mg,,علبة,تحميلة,100,0,34000,340,34000,1
04-G00-021,antipyrol children 250 mg supp (SDI),Paracetamol 250mg Suppository,تحاميل,250 mg,,علبة,تحميلة,1,0,1250,1250,1250,1
04-G00-021,Revanin children (APM),Paracetamol 250mg Suppository,تحاميل,250mg,,علبة,تحميلة,1,0,1250,1250,1250,1
04-G00-021,Hi-Dol CHILD 250mg supp. (Hayat),Paracetamol 250mg Suppository,تحاميل,250mg,,علبة,تحميلة,1,0,1750,1750,1750,1
04-G00-021,SAFADOL child 250mg (Safa Pharma),Paracetamol 250mg Suppository,تحاميل,250mg,,علبة,تحميلة,1,0,1750,1750,1750,1
04-G00-021,paramolan 250mg supp (Farmalabar),Paracetamol 250mg Suppository,تحاميل,250mg,,علبة,تحميلة,1,0,2000,2000,2000,1
04-G00-021,Paracetamol Atb 250mg (Antibiotic S.A),Paracetamol 250mg Suppository,تحاميل,250mg,,علبة,تحميلة,1,0,2250,2250,2250,1
04-G00-021,Revanin 250 mg supp. (APM),Paracetamol 250mg Suppository,تحاميل,250 mg,,علبة,تحميلة,2,0,2500,1250,2500,1
04-G00-021,paracetasan supp (Rubiepharma),Paracetamol 250mg Suppository,تحاميل,250mg,,علبة,تحميلة,2,0,2750,1375,2750,1
04-G00-021,Adol 250 mg supp. (julphar),Paracetamol 250mg Suppository,تحاميل,250 mg,,علبة,تحميلة,2,0,3000,1500,3000,1
04-G00-021,Panadrex 250mg SUPPOSITORIES for children (KSP (Kuwait Sauid pharmaceutical)),Paracetamol 250mg Suppository,تحاميل,250mg,,علبة,تحميلة,2,0,3000,1500,3000,1
04-G00-021,paracedol 250mg supp (al jazeera),Paracetamol 250mg Suppository,تحاميل,250mg,,علبة,تحميلة,2,0,3250,1625,3250,1
04-G00-021,para-Denk 250mg supp (Rubie pharma),Paracetamol 250mg Suppository,تحاميل,250mg,,علبة,تحميلة,2,0,4750,2375,4750,1
04-G00-021,adol 250mg (Julphar),Paracetamol 250mg Suppository,تحاميل,250mg,,علبة,تحميلة,20,0,23000,1150,23000,1
04-G00-021,Paracetamol-MDI child suppository 250mg,Paracetamol 250mg Suppository,تحاميل,250mg,,علبة,تحميلة,20,0,60000,3000,60000,1
04-G00-036,Paracetamol I.V INFUSION (1.0 % w/v) (Ahlcon parentrals),Paracetamol 10 mg /ml . I.V. Infusion (100 ml container),فيال,1.00%,,علبة,فيال,1,0,1500,1500,1500,1
04-G00-036,proxy 1000mg/100ml vial (Alpha-Aleppo),Paracetamol 10 mg /ml . I.V. Infusion (100 ml container),فيال,1000mg,,علبة,فيال,1,0,2000,2000,2000,1
04-G00-036,PARACETAMOL INJECTION. (Shijiazhuang),Paracetamol 10 mg /ml . I.V. Infusion (100 ml container),فيال,10 mg,,علبة,فيال,1,0,2000,2000,2000,1
04-G00-036,Paragin IV (Brussels lab),Paracetamol 10 mg /ml . I.V. Infusion (100 ml container),فيال,10 mg,,علبة,فيال,1,0,2000,2000,2000,1
04-G00-036,soluflex 100ml (Serum products),Paracetamol 10 mg /ml . I.V. Infusion (100 ml container),فيال,100ml,,علبة,فيال,1,0,2750,2750,2750,1
04-G00-036,calridol 1000mg/100ml (Venus remedies),Paracetamol 10 mg /ml . I.V. Infusion (100 ml container),فيال,1000mg,,علبة,فيال,1,0,2750,2750,2750,1
04-G00-036,Paracip (paracetamol injection 1000mg/100ml) (Ahlcon parental),Paracetamol 10 mg /ml . I.V. Infusion (100 ml container),فيال,1000mg,,علبة,فيال,1,0,2750,2750,2750,1
04-G00-036,Paracetamol 1% I.V infusion (Qatar pharma),Paracetamol 10 mg /ml . I.V. Infusion (100 ml container),فيال,1%,,علبة,فيال,1,0,3000,3000,3000,1
04-G00-036,Ifimol- IV( paracetamol solution for IV infusion) (Unique),Paracetamol 10 mg /ml . I.V. Infusion (100 ml container),فيال,10 mg,,علبة,فيال,1,0,3000,3000,3000,1
04-G00-036,parokan 10mg/ml solu.for infusion (Osel ilac),Paracetamol 10 mg /ml . I.V. Infusion (100 ml container),فيال,10mg,,علبة,فيال,1,0,3000,3000,3000,1
04-G00-036,paracetol 10mg/ml (PSI),Paracetamol 10 mg /ml . I.V. Infusion (100 ml container),فيال,10mg,,علبة,فيال,1,0,3000,3000,3000,1
04-G00-036,xfebril 10mg/ml (Centurion),Paracetamol 10 mg /ml . I.V. Infusion (100 ml container),فيال,10mg,,علبة,فيال,1,0,3000,3000,3000,1
04-G00-036,paracetamol-pharco B inter. Solu. For i.v inf (Pharco B international),Paracetamol 10 mg /ml . I.V. Infusion (100 ml container),فيال,10 mg,,علبة,فيال,1,0,3000,3000,3000,1
04-G00-036,vonal for i.v infusion (Tabuk),Paracetamol 10 mg /ml . I.V. Infusion (100 ml container),فيال,10 mg,,علبة,فيال,1,0,3000,3000,3000,1
04-G00-036,PAROL (Atabay kimya san),Paracetamol 10 mg /ml . I.V. Infusion (100 ml container),فيال,10 mg,,علبة,فيال,1,0,3000,3000,3000,1
04-G00-036,partemol solu. For infusion 1g/100ml (Vem ilac),Paracetamol 10 mg /ml . I.V. Infusion (100 ml container),فيال,1g,,علبة,فيال,1,0,3000,3000,3000,1
04-G00-036,paracetamol 10mg/ml (Rameda),Paracetamol 10 mg /ml . I.V. Infusion (100 ml container),فيال,10mg,,علبة,فيال,1,0,3000,3000,3000,1
04-G00-036,Paracerol 10 mg / ml solution for I.V infusion (100 ml) (Aroma ilac),Paracetamol 10 mg /ml . I.V. Infusion (100 ml container),فيال,10 mg,,علبة,فيال,1,0,3250,3250,3250,1
04-G00-036,DOLOMARK10mg/ml I.V INFUSION (Otsaka pharmaceutical),Paracetamol 10 mg /ml . I.V. Infusion (100 ml container),فيال,10mg,,علبة,فيال,1,0,3250,3250,3250,1
04-G00-036,1% w/v PARACETAMOL-N inj (Qatar pharma),Paracetamol 10 mg /ml . I.V. Infusion (100 ml container),فيال,1%,,علبة,فيال,1,0,3250,3250,3250,1
04-G00-036,rasamol 1000mg/100ml vial (Rasan),Paracetamol 10 mg /ml . I.V. Infusion (100 ml container),فيال,1000mg,,علبة,فيال,1,0,3750,3750,3750,1
04-G00-036,FUPYROL Injection (Future),Paracetamol 10 mg /ml . I.V. Infusion (100 ml container),فيال,10 mg,,علبة,فيال,1,0,3750,3750,3750,1
04-G00-036,Piodol 10mg/ml (Pioneer),Paracetamol 10 mg /ml . I.V. Infusion (100 ml container),فيال,10mg,,علبة,فيال,1,0,3750,3750,3750,1
04-G00-036,eurodol 1000mg inj (Europa biocare),Paracetamol 10 mg /ml . I.V. Infusion (100 ml container),فيال,1000mg,,علبة,فيال,1,0,3750,3750,3750,1
04-G00-036,Paracetamol Ecoflac plus (B.Braun melsungan AG),Paracetamol 10 mg /ml . I.V. Infusion (100 ml container),فيال,10 mg,,علبة,فيال,1,0,4750,4750,4750,1
04-G00-036,Paraconica 1000mg IV solution for infusion 100 ml. (S.M. farmaceutical),Paracetamol 10 mg /ml . I.V. Infusion (100 ml container),فيال,1000mg,,علبة,فيال,1,0,4750,4750,4750,1
04-G00-036,paramed solu. i.v (Unimed),Paracetamol 10 mg /ml . I.V. Infusion (100 ml container),فيال,10 mg,,علبة,فيال,6,0,18250,3041.67,18250,1
04-G00-036,parafusiv10mg/ml (s.m. farmaceutici srl),Paracetamol 10 mg /ml . I.V. Infusion (100 ml container),فيال,10mg,,علبة,فيال,10,0,26750,2675,26750,1
04-G00-036,Stopalgic 10mg/ml IV infusion (Les Lab. Medis),Paracetamol 10 mg /ml . I.V. Infusion (100 ml container),فيال,10mg,,علبة,فيال,12,0,30500,2541.67,30500,1
04-G00-036,Parol 10mg/ml solu. For infusion (Mefar ilac san),Paracetamol 10 mg /ml . I.V. Infusion (100 ml container),فيال,10mg,,علبة,فيال,12,0,30500,2541.67,30500,1
04-G00-036,Paraconica 1000mg IV solution for infusion 100 ml. (S.M. farmaceutical),Paracetamol 10 mg /ml . I.V. Infusion (100 ml container),فيال,1000mg,,علبة,فيال,10,0,38000,3800,38000,1
04-G00-036,Paracetamol Kabi 10 mg/ml Solution for Infusion. (Fresenius Kabi),Paracetamol 10 mg /ml . I.V. Infusion (100 ml container),فيال,10 mg,,علبة,فيال,10,0,38000,3800,38000,1
04-G00-036,Apotel Max solution for injection 1g/100ml (Unipharma),Paracetamol 10 mg /ml . I.V. Infusion (100 ml container),فيال,1g,,علبة,فيال,12,0,40000,3333.33,40000,1
04-G00-037,rasamol 500mg/50ml vial (Rasan),Paracetamol 10 mg /ml . I.V. Infusion (50 ml vail ),فيال,500mg,,علبة,فيال,1,0,2000,2000,2000,1
04-G00-037,piodol 10mg/ml I.v. infusion (Pioneer),Paracetamol 10 mg /ml . I.V. Infusion (50 ml vail ),فيال,10mg,,علبة,فيال,1,0,2000,2000,2000,1
04-G00-038,paracedain 120mg/5ml syrup (Wadi-Alrafidain),Paracetamol 120mg/5ml or 125mg/5ml suspension or syrup 100ml,شراب,120mg,,عبوة,عبوة,1,0,1750,1750,1750,1
04-G00-038,Piodol 125mg/5ml (Pioneer),Paracetamol 120mg/5ml or 125mg/5ml suspension or syrup 100ml,شراب,125mg,,عبوة,عبوة,1,0,1750,1750,1750,1
04-G00-038,Pmol Syrup (zynova),Paracetamol 120mg/5ml or 125mg/5ml suspension or syrup 100ml,شراب,120mg,,عبوة,عبوة,1,0,1750,1750,1750,1
04-G00-038,Pyrolz 120mg/5ml (Dijla),Paracetamol 120mg/5ml or 125mg/5ml suspension or syrup 100ml,شراب,120mg,,عبوة,عبوة,1,0,2000,2000,2000,1
04-G00-038,ANTOPERAS (Aswar Alkhaleej),Paracetamol 120mg/5ml or 125mg/5ml suspension or syrup 100ml,شراب,120mg,,عبوة,عبوة,1,0,2000,2000,2000,1
04-G00-038,Pandol-D 120 suspension (SDI),Paracetamol 120mg/5ml or 125mg/5ml suspension or syrup 100ml,شراب,120mg,,عبوة,عبوة,1,0,2000,2000,2000,1
04-G00-038,Afracedol 125mg (AL-Afrah),Paracetamol 120mg/5ml or 125mg/5ml suspension or syrup 100ml,شراب,125mg,,عبوة,عبوة,1,0,2000,2000,2000,1
04-G00-038,Afracedol 125mg (AL -Afrah),Paracetamol 120mg/5ml or 125mg/5ml suspension or syrup 100ml,شراب,125mg,,عبوة,عبوة,1,0,2000,2000,2000,1
04-G00-038,Safacetol syrup (Al-safa co.),Paracetamol 120mg/5ml or 125mg/5ml suspension or syrup 100ml,شراب,120mg,,عبوة,عبوة,1,0,2000,2000,2000,1
04-G00-038,ParaPain 120mg (Al Mansour),Paracetamol 120mg/5ml or 125mg/5ml suspension or syrup 100ml,حقن,120mg,,علبة,حقنة,1,0,2000,2000,2000,1
04-G00-038,Adol 120 mg susp. (Julphar),Paracetamol 120mg/5ml or 125mg/5ml suspension or syrup 100ml,شراب,120 mg,,عبوة,عبوة,1,0,2750,2750,2750,1
04-G00-027,AS-Paraceetol caplet (Aswar Alkhaleej),Paracetamol 500mg Tablet,كبسول,500mg,,علبة,شريط,1,0,250,250,250,1
04-G00-027,PARACETOL 500mg tab (sdi),Paracetamol 500mg Tablet,حبوب,500mg,,علبة,شريط,1,0,500,500,500,1
04-G00-027,AS-PARACETAMOL tab 500mg (Aswar Alkhaleej),Paracetamol 500mg Tablet,كبسول,500mg,,علبة,شريط,1,0,250,250,250,1
04-G00-027,Paracetamol 500mg tab (Wadi-Alrafidain),Paracetamol 500mg Tablet,حبوب,500mg,,علبة,شريط,1,0,250,250,250,1
04-G00-027,Apmol 500 (Ajanta),Paracetamol 500mg Tablet,حبوب,500mg,,علبة,شريط,1,0,250,250,250,1
04-G00-027,Paindol - Advance MDI tab.,Paracetamol 500mg Tablet,حبوب,500mg,,علبة,شريط,1,0,500,500,500,1
04-G00-027,piodol 500mg tab (Pioneer),Paracetamol 500mg Tablet,حبوب,500mg,,علبة,شريط,1,0,500,500,500,1
04-G00-027,panaDIJ caplet (DIjla),Paracetamol 500mg Tablet,حبوب,500mg,,علبة,شريط,2,0,750,375,750,1
04-G00-027,Pancetol 500mg (Advanced pharma industries),Paracetamol 500mg Tablet,حبوب,500mg,,علبة,شريط,2,0,750,375,750,1
04-G00-027,Safacetol 500mg tab (Al-safa co.),Paracetamol 500mg Tablet,حبوب,500mg,,علبة,شريط,2,0,750,375,750,1
04-G00-027,piodol 500mg tab (Pioneer),Paracetamol 500mg Tablet,حبوب,500mg,,علبة,شريط,2,0,1000,500,1000,1
04-G00-027,Acetamol tab (Sama Al-fayhaa),Paracetamol 500mg Tablet,حبوب,500mg,,علبة,شريط,2,0,1000,500,1000,1
04-G00-027,Dolamol Advance 500mg (Al jazeera),Paracetamol 500mg Tablet,حبوب,500mg,,علبة,شريط,2,0,1250,625,1250,1
04-G00-027,emidol 500mg (Global pharma),Paracetamol 500mg Tablet,حبوب,500mg,,علبة,شريط,2,0,1250,625,1250,1
04-G00-027,Panadain Advance 500mg F/C.caplet. (Wadi-Alrafidain),Paracetamol 500mg Tablet,كبسول,500mg,,علبة,شريط,2,0,1750,875,1750,1
04-G00-027,Mpdol advanced caplets (Al Mansour),Paracetamol 500mg Tablet,كبسول,500mg,,علبة,شريط,2,0,1750,875,1750,1
04-G00-027,Piodol ADVANCE 500mg (Pioneer),Paracetamol 500mg Tablet,حبوب,500mg,,علبة,شريط,2,0,2000,1000,2000,1
04-G00-027,AS-Paraceetol caplet (Aswar Alkhaleej),Paracetamol 500mg Tablet,كبسول,500mg,,علبة,شريط,10,0,2000,200,2000,1
04-G00-027,ACETAMOL Advance (Sama Al-fayhaa),Paracetamol 500mg Tablet,حبوب,500mg,,علبة,شريط,2,0,2000,1000,2000,1
04-G00-027,AS-Paraceetol caplet (Aswar Alkhaleej),Paracetamol 500mg Tablet,كبسول,500mg,,علبة,شريط,10,0,2250,225,2250,1
04-G00-027,Emidol 500mg (Global pharma),Paracetamol 500mg Tablet,حبوب,500mg,,علبة,شريط,4,0,2250,562.5,2250,1
04-G00-027,Paramaxin tab (Al-Mansour),Paracetamol 500mg Tablet,حبوب,500mg,,علبة,شريط,10,0,2500,250,2500,1
04-G00-027,Pancetol 500mg (Advanced pharma industries),Paracetamol 500mg Tablet,حبوب,500mg,,علبة,شريط,8,0,3000,375,3000,1
04-G00-027,panadol advance tab (GSK Dungarvan),Paracetamol 500mg Tablet,حبوب,500mg,,علبة,شريط,2,0,3500,1750,3500,1
04-G00-027,Paindol - Advance MDI tab.,Paracetamol 500mg Tablet,حبوب,500mg,,علبة,شريط,10,0,3750,375,3750,1
04-G00-027,Emidol 500mg (Global pharma),Paracetamol 500mg Tablet,حبوب,500mg,,علبة,شريط,8,0,3750,468.75,3750,1
04-G00-027,PARACETAMOL 500mg (Al Furat),Paracetamol 500mg Tablet,كبسول,500mg,,علبة,شريط,10,0,4250,425,4250,1
04-G00-027,piodol 500mg tab (Pioneer),Paracetamol 500mg Tablet,حبوب,500mg,,علبة,شريط,10,0,4500,450,4500,1
04-G00-027,Adol 500mg caplet (Julphar),Paracetamol 500mg Tablet,حبوب,500mg,,علبة,شريط,8,0,4500,562.5,4500,1
04-G00-027,panadol advance tab (GSK Dungarvan),Paracetamol 500mg Tablet,حبوب,500mg,,علبة,شريط,4,0,6250,1562.5,6250,1
04-G00-027,panadol advance tab (GSK Dungarvan),Paracetamol 500mg Tablet,حبوب,500mg,,علبة,شريط,6,0,10000,1666.67,10000,1
04-G00-027,Paracetamol 500mg tab (Wadi-Alrafidain),Paracetamol 500mg Tablet,حبوب,500mg,,علبة,شريط,50,0,10750,215,10750,1
04-G00-027,Panadol advance tab (GSK),Paracetamol 500mg Tablet,حبوب,500mg,,علبة,شريط,8,0,11750,1468.75,11750,1
04-G00-027,ParaPain 500mg (Al-Mansour),Paracetamol 500mg Tablet,حبوب,500mg,,علبة,شريط,50,0,13000,260,13000,1
04-G00-027,afracedol tab (Al Afrah),Paracetamol 500mg Tablet,حبوب,500mg,,علبة,شريط,50,0,13000,260,13000,1
04-G00-027,afracedol tab (Al Afrah),Paracetamol 500mg Tablet,حبوب,500mg,,علبة,شريط,1,0,13000,13000,13000,1
04-G00-027,Panadij (DIjla),Paracetamol 500mg Tablet,حبوب,500mg,,علبة,شريط,50,0,14750,295,14750,1
04-G00-027,PARACETOL 500mg tab (SDI),Paracetamol 500mg Tablet,حبوب,500mg,,علبة,شريط,50,0,17250,345,17250,1
04-G00-027,Apmol 500 (Ajanta),Paracetamol 500mg Tablet,حبوب,500mg,,علبة,شريط,100,0,17750,177.5,17750,1
04-G00-027,Dolamol 500mg (Al-jazeera),Paracetamol 500mg Tablet,حبوب,500mg,,علبة,شريط,100,0,35000,350,35000,1
04-G00-027,paradol tab (AL kindi),Paracetamol 500mg Tablet,حبوب,500mg,,علبة,شريط,100,0,35000,350,35000,1
04-G00-002,aspineas 100mg (Aswar Alkhaleej),Acetylsalicylic acid 100mg (enteric coated)Tablet,حبوب,100mg,,علبة,شريط,1,0,250,250,250,1
04-G00-002,Duspirin 100 (Dubai),Acetylsalicylic acid 100mg (enteric coated)Tablet,حبوب,100mg,,علبة,شريط,1,0,500,500,500,1
04-G00-002,asprin 100mg coated tab (Dijlah pharma),Acetylsalicylic acid 100mg (enteric coated)Tablet,حبوب,100mg,,علبة,شريط,1,0,500,500,500,1
04-G00-002,ASPIN 100 (SDI),Acetylsalicylic acid 100mg (enteric coated)Tablet,حبوب,100mg,,علبة,شريط,2,0,1000,500,1000,1
04-G00-002,Salospir 100mg (Uni pharma),Acetylsalicylic acid 100mg (enteric coated)Tablet,حبوب,100mg,,علبة,شريط,2,0,1750,875,1750,1
04-G00-002,Rompirin E 100mg (Antibiotic S.A),Acetylsalicylic acid 100mg (enteric coated)Tablet,حبوب,100mg,,علبة,شريط,3,0,3250,1083.33,3250,1
04-G00-002,Aspirin protect 100mg G.R.tab (Bayer Health care),Acetylsalicylic acid 100mg (enteric coated)Tablet,حبوب,100mg,,علبة,شريط,2,0,3250,1625,3250,1
04-G00-002,bosnaprin 100mg (Bosnalijek pharmaceutical),Acetylsalicylic acid 100mg (enteric coated)Tablet,حبوب,100mg,,علبة,شريط,3,0,3500,1166.67,3500,1
04-G00-002,Thrombo ASS 100mg G.R.tab (G.L pharma),Acetylsalicylic acid 100mg (enteric coated)Tablet,حبوب,100mg,,علبة,شريط,3,0,3750,1250,3750,1
04-G00-002,Salisal 100mg (UPM),Acetylsalicylic acid 100mg (enteric coated)Tablet,حبوب,100mg,,علبة,شريط,9,0,6250,694.44,6250,1
04-G00-002,aspicot (Pharmaline),Acetylsalicylic acid 100mg (enteric coated)Tablet,حبوب,100mg,,علبة,شريط,10,0,7250,725,7250,1
04-G00-002,aspineas 100mg (Aswar Alkhaleej),Acetylsalicylic acid 100mg (enteric coated)Tablet,حبوب,100mg,,علبة,شريط,4,0,9250,2312.5,9250,1
04-G00-002,Asprin-D 100mg (Dijlah pharma),Acetylsalicylic acid 100mg (enteric coated)Tablet,حبوب,100mg,,علبة,شريط,40,0,10500,262.5,10500,1
04-G00-002,Duspirin 100 (Dubai),Acetylsalicylic acid 100mg (enteric coated)Tablet,حبوب,100mg,,علبة,شريط,50,0,13000,260,13000,1
04-G00-010,dispersible aspirin 75mg (M&A),Acetylsalicylic acid ( 75mg-165mg ),حبوب,75mg,,علبة,شريط,2,0,1500,750,1500,1
04-G00-010,aspitect 81mg (3R pharmaceutical),Acetylsalicylic acid ( 75mg-165mg ),حبوب,81mg,,علبة,شريط,3,0,3000,1000,3000,1
04-G00-010,Thrombo ASS 75mg gastro- resistant tablets (GL pharma),Acetylsalicylic acid ( 75mg-165mg ),حبوب,75mg,,علبة,شريط,3,0,3000,1000,3000,1
04-G00-010,Aspirin 75mg gastro- resistanat tab (Bristol),Acetylsalicylic acid ( 75mg-165mg ),حبوب,75mg,,علبة,شريط,2,0,3500,1750,3500,1
04-G00-041,NEFO injection (Kwality pharmaceutical),"Nefopam hydrochloride 20 mg / 2ml ampoule IM,IV injection",أمبول,20 mg,,علبة,أمبولة,5,0,5250,1050,5250,1
04-G00-041,Piopam 10mg/ml (Pioneer),"Nefopam hydrochloride 20 mg / 2ml ampoule IM,IV injection",أمبول,10mg,,علبة,أمبولة,5,0,10500,2100,10500,1
04-G00-041,NEFOMED 20mg/2ml (Unimed),"Nefopam hydrochloride 20 mg / 2ml ampoule IM,IV injection",أمبول,20mg,,علبة,أمبولة,5,0,10500,2100,10500,1
04-G00-041,"Acupan solution for injection (2ml) I.M , I.V (Biocodex)","Nefopam hydrochloride 20 mg / 2ml ampoule IM,IV injection",أمبول,2ml,,علبة,أمبولة,5,0,15250,3050,15250,1
04-G00-041,"Nefopam medisol solution for I.M, I.V injection (Haupt pharma)","Nefopam hydrochloride 20 mg / 2ml ampoule IM,IV injection",أمبول,20 mg,,علبة,أمبولة,10,0,28000,2800,28000,1
04-H00-007,morphine sulfate 10mg/ml inj (Macarthyls lab (Martindale)),"Morphine sulphate 10mg/ml (1ml Ampoule) I.V , I.M ,S.C",أمبول,10mg,,علبة,أمبولة,10,0,13000,1300,13000,1
04-H00-007,Morphine-hameln inj. 10mg/ml (Hamlen),"Morphine sulphate 10mg/ml (1ml Ampoule) I.V , I.M ,S.C",أمبول,10mg,,علبة,أمبولة,10,0,25500,2550,25500,1
04-H00-010,Aldine 100mg/2ml Solution for injection. (Vem ilak),"Pethidine hydrochloride 50mg/ml, (2ml) Ampoule",أمبول,100mg,,علبة,أمبولة,5,0,4750,950,4750,1
04-H00-010,pethidine sol.for inj (Exir),"Pethidine hydrochloride 50mg/ml, (2ml) Ampoule",أمبول,50mg,,علبة,أمبولة,10,0,9500,950,9500,1
04-H00-010,pethidine 100mg/2ml (Macarthys lab),"Pethidine hydrochloride 50mg/ml, (2ml) Ampoule",أمبول,100mg,,علبة,أمبولة,10,0,19250,1925,19250,1
04-H00-010,Pethidine hameln (Hamlen),"Pethidine hydrochloride 50mg/ml, (2ml) Ampoule",أمبول,50mg,,علبة,أمبولة,10,0,20250,2025,20250,1
04-H00-012,Trodon 100mg (Hemofarm AD),"Tramadol hydrochloride 50mg / 1ml (2 ml) Ampoule or vial I.M.;S .C .,slow iv.iv. Infusion",أمبول,100mg,,علبة,أمبولة,1,0,1750,1750,1750,1
04-H00-012,ramadex 100mg/2ml solu.for inj (Ms pharma ilac),"Tramadol hydrochloride 50mg / 1ml (2 ml) Ampoule or vial I.M.;S .C .,slow iv.iv. Infusion",أمبول,100mg,,علبة,أمبولة,5,0,3000,600,3000,1
04-H00-012,Amadol 100mg/2ml (ADWIA),"Tramadol hydrochloride 50mg / 1ml (2 ml) Ampoule or vial I.M.;S .C .,slow iv.iv. Infusion",أمبول,100mg,,علبة,أمبولة,3,0,3750,1250,3750,1
04-H00-012,Tramadol Hcl inj.50mg/ml (2ml amp (Gland pharma),"Tramadol hydrochloride 50mg / 1ml (2 ml) Ampoule or vial I.M.;S .C .,slow iv.iv. Infusion",أمبول,50mg,,علبة,أمبولة,10,0,5500,550,5500,1
04-H00-012,souladol 100mg/2ml sol.for i.v/i.m (Doras(les lab)),"Tramadol hydrochloride 50mg / 1ml (2 ml) Ampoule or vial I.M.;S .C .,slow iv.iv. Infusion",أمبول,100mg,,علبة,أمبولة,5,0,5750,1150,5750,1
04-H00-012,Tradox 100mg/2ml vail (MS pharma),"Tramadol hydrochloride 50mg / 1ml (2 ml) Ampoule or vial I.M.;S .C .,slow iv.iv. Infusion",أمبول,100mg,,علبة,أمبولة,5,0,6000,1200,6000,1
04-H00-012,tramadol Domina,"Tramadol hydrochloride 50mg / 1ml (2 ml) Ampoule or vial I.M.;S .C .,slow iv.iv. Infusion",أمبول,50mg,,علبة,أمبولة,5,0,6000,1200,6000,1
04-H00-012,"piomadol sterile i.m,sc,slow infusion (Pioneer)","Tramadol hydrochloride 50mg / 1ml (2 ml) Ampoule or vial I.M.;S .C .,slow iv.iv. Infusion",أمبول,50mg,,علبة,أمبولة,5,0,6500,1300,6500,1
04-H00-012,tramadol Denk 100mg/2ml (Solupharm),"Tramadol hydrochloride 50mg / 1ml (2 ml) Ampoule or vial I.M.;S .C .,slow iv.iv. Infusion",أمبول,100mg,,علبة,أمبولة,5,0,8500,1700,8500,1
04-H00-012,Trodon 100mg/2ml amp inj (Hemofarm AD),"Tramadol hydrochloride 50mg / 1ml (2 ml) Ampoule or vial I.M.;S .C .,slow iv.iv. Infusion",أمبول,100mg,,علبة,أمبولة,5,0,8750,1750,8750,1
04-H00-012,tramosel 100mg/2ml amp (Osel ilac),"Tramadol hydrochloride 50mg / 1ml (2 ml) Ampoule or vial I.M.;S .C .,slow iv.iv. Infusion",أمبول,100mg,,علبة,أمبولة,5,0,14500,2900,14500,1
04-H00-012,Acugesic 100mg/2ml Amp (Duopharma),"Tramadol hydrochloride 50mg / 1ml (2 ml) Ampoule or vial I.M.;S .C .,slow iv.iv. Infusion",أمبول,100mg,,علبة,أمبولة,10,0,14500,1450,14500,1
04-H00-012,huons tramadol Hcl inj. 100mg,"Tramadol hydrochloride 50mg / 1ml (2 ml) Ampoule or vial I.M.;S .C .,slow iv.iv. Infusion",أمبول,100mg,,علبة,أمبولة,10,0,15250,1525,15250,1
04-H00-012,Rofy 100mg/2ml inj. (Medochemie),"Tramadol hydrochloride 50mg / 1ml (2 ml) Ampoule or vial I.M.;S .C .,slow iv.iv. Infusion",أمبول,100mg,,علبة,أمبولة,100,0,94000,940,94000,1
04-H00-003,MST continus prolonged release tab10 mg (Bard pharmaceutical limited),Morphine sulphate 10mg (sustained release) Capsule or tablet,كبسول,10 mg,,علبة,شريط,6,0,16500,2750,16500,1
04-H00-004,MST continus prolonged release tab30 mg (Bard pharmaceutical limited),Morphine sulphate 30mg (sustained release) Capsule or tablet,كبسول,30 mg,,علبة,شريط,6,0,33250,5541.67,33250,1
04-J00-002,Carbasam 200mg (SDI),Carbamazepine 200mg Tablet,حبوب,200mg,,علبة,شريط,1,0,750,750,750,1
04-J00-002,carbamazepine MDI tab,Carbamazepine 200mg Tablet,حبوب,200mg,,علبة,شريط,3,0,1500,500,1500,1
04-J00-002,Carbasam 200mg (SDI),Carbamazepine 200mg Tablet,حبوب,200mg,,علبة,شريط,3,0,1500,500,1500,1
04-J00-002,carmeizure 200 (Unique),Carbamazepine 200mg Tablet,حبوب,200mg,,علبة,شريط,1,0,1500,1500,1500,1
04-J00-002,carmeizure 200 (Unique),Carbamazepine 200mg Tablet,حبوب,200mg,,علبة,شريط,3,0,4500,1500,4500,1
04-J00-002,Tegral 200mg (CID),Carbamazepine 200mg Tablet,حبوب,200mg,,علبة,شريط,5,0,4750,950,4750,1
04-J00-002,carbatol 200 (DAD),Carbamazepine 200mg Tablet,حبوب,200mg,,علبة,شريط,3,0,5500,1833.33,5500,1
04-J00-002,Syntopine 200mg (Medochemie),Carbamazepine 200mg Tablet,حبوب,200mg,,علبة,شريط,5,0,5500,1100,5500,1
04-J00-002,Carbamazepine Hexal 200mg (Salutaspharma GmbH/Germany),Carbamazepine 200mg Tablet,حبوب,200mg,,علبة,شريط,5,0,8250,1650,8250,1
04-J00-002,Taver 200 mg tab (Medochemie),Carbamazepine 200mg Tablet,حبوب,200 mg,,علبة,شريط,5,0,9250,1850,9250,1
04-J00-002,Neurotop 200mg tab (G.L pharma),Carbamazepine 200mg Tablet,حبوب,200mg,,علبة,شريط,5,0,11500,2300,11500,1
04-J00-002,karbazepin 200tab (AL kindi),Carbamazepine 200mg Tablet,حبوب,200mg,,علبة,شريط,100,0,79000,790,79000,1
04-J00-010,Rivotril 0.5 mg (Roche),Clonazepam 0.5mg Tablet,حبوب,0.5 mg,,علبة,شريط,5,0,8750,1750,8750,1
04-J00-047,levetiracetam 500mg tab (Marksans pharma),Levetiracetam 500mg,حبوب,500mg,,علبة,شريط,3,0,7250,2416.67,7250,1
04-J00-047,Seizurless 500 (Mash premiere),Levetiracetam 500mg,حبوب,500mg,,علبة,شريط,3,0,12750,4250,12750,1
04-J00-047,Antagra 500mg (UPM),Levetiracetam 500mg,حبوب,500mg,,علبة,شريط,3,0,13250,4416.67,13250,1
04-J00-047,Seizam 500mg (Al-Taqaddom),Levetiracetam 500mg,حبوب,500mg,,علبة,شريط,3,0,13250,4416.67,13250,1
04-J00-047,vales 500mg f.c.tab (Tabuk),Levetiracetam 500mg,حبوب,500mg,,علبة,شريط,3,0,13250,4416.67,13250,1
04-J00-047,Leptica 500mg (Ilko ilac),Levetiracetam 500mg,حبوب,500mg,,علبة,شريط,5,0,17750,3550,17750,1
04-J00-047,VETRIA (Biofarma ilac),Levetiracetam 500mg,حبوب,500mg,,علبة,شريط,5,0,18500,3700,18500,1
04-J00-047,Matever 500 (Pharmathen),Levetiracetam 500mg,حبوب,500mg,,علبة,شريط,3,0,19000,6333.33,19000,1
04-J00-047,levevitae 500mg F.C.T (J.uriach),Levetiracetam 500mg,حبوب,500mg,,علبة,شريط,3,0,19750,6583.33,19750,1
04-J00-047,Leavpsy 500mg film coated tablet (Julphar),Levetiracetam 500mg,حبوب,500mg,,علبة,شريط,5,0,22000,4400,22000,1
04-J00-047,Lavie 500mg (Jamjoom pharma),Levetiracetam 500mg,حبوب,500mg,,علبة,شريط,3,0,23000,7666.67,23000,1
04-J00-047,tiraptic 500mg F.C tab (Pharma international),Levetiracetam 500mg,حبوب,500mg,,علبة,شريط,3,0,23000,7666.67,23000,1
04-J00-047,Levemax 500mg (Pioneer),Levetiracetam 500mg,حبوب,500mg,,علبة,شريط,5,0,24750,4950,24750,1
04-J00-047,Epitam (Hikma),Levetiracetam 500mg,حبوب,500mg,,علبة,شريط,3,0,26000,8666.67,26000,1
04-J00-047,Levil (Meditop pharmaceutical),Levetiracetam 500mg,حبوب,500mg,,علبة,شريط,6,0,28000,4666.67,28000,1
04-J00-047,eplevgaran 500mg (Alphamed pharabi),Levetiracetam 500mg,حبوب,500mg,,علبة,شريط,6,0,33000,5500,33000,1
04-J00-047,Epixx 500mg film tab (Abdi Ibrahim),Levetiracetam 500mg,حبوب,500mg,,علبة,شريط,5,0,33000,6600,33000,1
04-J00-047,Levitox 500mg (Blue pharmaIndustria),Levetiracetam 500mg,حبوب,500mg,,علبة,شريط,6,0,36000,6000,36000,1
04-J00-047,vales 500mg f.c.tab (Tabuk),Levetiracetam 500mg,حبوب,500mg,,علبة,شريط,10,0,36000,3600,36000,1
04-J00-047,Apo - Levetiracetam 500 mg tab. (Apotex),Levetiracetam 500mg,حبوب,500 mg,,علبة,شريط,10,0,36500,3650,36500,1
04-J00-047,kepsia 500mg tab (ajanta),Levetiracetam 500mg,حبوب,500mg,,علبة,شريط,12,0,55000,4583.33,55000,1
04-J00-047,Kepcitam 500mg (Lek pharma),Levetiracetam 500mg,حبوب,500mg,,علبة,شريط,10,0,80000,8000,80000,1
04-J00-053,Onegaba 300mg cap (Aurobindo),Gabapentin 300mg Capsule or Tablet,كبسول,300mg,,علبة,شريط,2,0,4750,2375,4750,1
04-J00-053,gabasaf 300mg (Safa Pharma),Gabapentin 300mg Capsule or Tablet,كبسول,300mg,,علبة,شريط,2,0,6750,3375,6750,1
04-J00-053,volar 300mg cap (DAD),Gabapentin 300mg Capsule or Tablet,كبسول,300mg,,علبة,شريط,3,0,7250,2416.67,7250,1
04-J00-053,gaptin 300mg (Delta pharma),Gabapentin 300mg Capsule or Tablet,كبسول,300mg,,علبة,شريط,2,0,7500,3750,7500,1
04-J00-053,NEUROK 300mg (Urok pharma),Gabapentin 300mg Capsule or Tablet,كبسول,300mg,,علبة,شريط,3,0,9500,3166.67,9500,1
04-J00-053,gabapentin 300mg cap (Medreich),Gabapentin 300mg Capsule or Tablet,حبوب,300mg,,علبة,شريط,10,0,10000,1000,10000,1
04-J00-053,Neuroset 300mg cap (Biopharma),Gabapentin 300mg Capsule or Tablet,كبسول,300mg,,علبة,شريط,5,0,10500,2100,10500,1
04-J00-053,neuroglopentin 300 (GNP),Gabapentin 300mg Capsule or Tablet,كبسول,300mg,,علبة,شريط,3,0,11500,3833.33,11500,1
04-J00-053,Nupentin 300 (Alphapharm),Gabapentin 300mg Capsule or Tablet,كبسول,300mg,,علبة,شريط,3,0,13000,4333.33,13000,1
04-J00-053,Nurona 300mg (Pharmainternational),Gabapentin 300mg Capsule or Tablet,كبسول,300mg,,علبة,شريط,5,0,14500,2900,14500,1
04-J00-053,Gabenil 300 (Remedica),Gabapentin 300mg Capsule or Tablet,كبسول,300mg,,علبة,شريط,5,0,15000,3000,15000,1
04-J00-053,gabanet 300mg cap (Jordanian pharmaceutic al),Gabapentin 300mg Capsule or Tablet,كبسول,300mg,,علبة,شريط,3,0,15000,5000,15000,1
04-J00-053,Gabatrex 300 mg (Hikma),Gabapentin 300mg Capsule or Tablet,كبسول,300 mg,,علبة,شريط,5,0,15750,3150,15750,1
04-J00-053,gabantin 300mg cap (IASIS pharmaceutical),Gabapentin 300mg Capsule or Tablet,كبسول,300mg,,علبة,شريط,5,0,16000,3200,16000,1
04-J00-053,dineurin 300mg (Tabuk),Gabapentin 300mg Capsule or Tablet,كبسول,300mg,,علبة,شريط,5,0,19000,3800,19000,1
04-J00-053,Neurontin 300mg (pfizer pharmaceuticals llc puerto rico),Gabapentin 300mg Capsule or Tablet,كبسول,300mg,,علبة,شريط,5,0,19000,3800,19000,1
04-J00-053,dineurin 300mg (Tabuk),Gabapentin 300mg Capsule or Tablet,كبسول,300mg,,علبة,شريط,5,0,19000,3800,19000,1
04-J00-053,Onegaba 300mg cap (Aurobindo),Gabapentin 300mg Capsule or Tablet,كبسول,300mg,,علبة,شريط,10,0,24250,2425,24250,1
04-J00-053,GABAPENTIN ACCORD-UK (Accord health care),Gabapentin 300mg Capsule or Tablet,كبسول,300mg,,علبة,شريط,10,0,31750,3175,31750,1
04-J00-053,gabasaf 300mg (Safa Pharma),Gabapentin 300mg Capsule or Tablet,كبسول,300mg,,علبة,شريط,100,0,235000,2350,235000,1
04-J00-017,Phenobarbital sod. inj (Macarthys),"Phenobarbitone sodium 200mg/ml (1ml) Ampoule I.M , I.V. or (SC. IM or IV)",أمبول,200mg,,علبة,أمبولة,10,0,53000,5300,53000,1
04-J00-017,Phenobarbital sodium sterop (Laboratories Sterop),"Phenobarbitone sodium 200mg/ml (1ml) Ampoule I.M , I.V. or (SC. IM or IV)",أمبول,200mg,,علبة,أمبولة,100,0,179000,1790,179000,1
04-J00-018,Barbital 15mg tab (SDI),Phenobarbitone 15mg Tablet,حبوب,15mg,,علبة,شريط,2,0,1250,625,1250,1
04-J00-018,Barbital 15mg tab (SDI),Phenobarbitone 15mg Tablet,حبوب,15mg,,علبة,شريط,3,0,1750,583.33,1750,1
04-J00-018,barbital 15mg tab (SDI),Phenobarbitone 15mg Tablet,حبوب,15mg,,علبة,شريط,50,0,25750,515,25750,1
01-D00-014,Fentex 250mg/5ml inj. (MS pharma),Phenytoin sodium 50mg/ml I.V inj (5ml) Ampoule,فيال,250mg,,علبة,فيال,1,0,5500,5500,5500,1
01-D00-014,"Phenium 250mg/5ml I.V/I.M Solution for injection, (Vem ilac san)",Phenytoin sodium 50mg/ml I.V inj (5ml) Ampoule,أمبول,250mg,,علبة,أمبولة,5,0,23000,4600,23000,1
01-D00-014,Fentex 250mg/5ml inj. (MS pharma),Phenytoin sodium 50mg/ml I.V inj (5ml) Ampoule,فيال,250mg,,علبة,فيال,5,0,23000,4600,23000,1
01-D00-014,Phentolep 250mg/5 ml amp (Hikma pharmaceuticals),Phenytoin sodium 50mg/ml I.V inj (5ml) Ampoule,أمبول,250mg,,علبة,أمبولة,5,0,30500,6100,30500,1
01-D00-014,epilog 250mg/5ml (Medical union pharmaceutical),Phenytoin sodium 50mg/ml I.V inj (5ml) Ampoule,أمبول,250mg,,علبة,أمبولة,25,0,30750,1230,30750,1
01-D00-014,Fentex 250mg/5ml inj. (MS pharma),Phenytoin sodium 50mg/ml I.V inj (5ml) Ampoule,فيال,250mg,,علبة,فيال,10,0,39000,3900,39000,1
04-J00-034,Depakine 200 mg gastro resistant tab. (Sanofi aventis),Sodium valproate 200 mg Tablet or (enteric coated ),حبوب,200 mg,,علبة,شريط,4,0,6000,1500,6000,1
04-J00-034,Epival 200 mg tab. (UPM),Sodium valproate 200 mg Tablet or (enteric coated ),حبوب,200 mg,,علبة,شريط,5,0,7250,1450,7250,1
04-J00-061,Epilepkin 400mg/4ml I.V. Powder for solution for (Vem ilac),Sodium valproate (Powder) 400mg Vial with 4ml ampoule water for injection,أمبول,400mg,,علبة,أمبولة,4,0,25500,6375,25500,1
04-J00-061,Depakine 400mg/4ml IV inj (sanofi winthrope industrie),Sodium valproate (Powder) 400mg Vial with 4ml ampoule water for injection,أمبول,400mg,,علبة,أمبولة,4,0,57000,14250,57000,1
04-J00-031,DEPAKINE oral solution 200 mg / ml (Sanofi ve Tic),Sodium valproate solution 200mg/ml Drop,قطرات فموية,200 mg,,عبوة,عبوة,1,0,4750,4750,4750,1
04-J00-031,Epival 200mg/5ml syrup (UPM),Sodium valproate solution 200mg/ml Drop,قطرات فموية,200mg,,عبوة,عبوة,1,0,5500,5500,5500,1
04-J00-044,paroximat 50mg tab (Atlantic pharma),Topiramate 50mg tablet,حبوب,50mg,,علبة,شريط,6,0,15250,2541.67,15250,1
04-J00-044,Topamax 50mg tab (cilag A.G),Topiramate 50mg tablet,حبوب,50mg,,علبة,شريط,6,0,39000,6500,39000,1
04-K00-008,Parkin-C forte (Alborz Darou),Levodopa 250mg + Carbidopa (as monohydrat)or (anhydrous) 25mg Tablet,حبوب,250mg,,علبة,شريط,1,0,1750,1750,1750,1
04-K00-008,CARLEVO 25MG/ 250MG TABLET (Pharmaline),Levodopa 250mg + Carbidopa (as monohydrat)or (anhydrous) 25mg Tablet,حبوب,25MG,,علبة,شريط,2,0,4500,2250,4500,1
04-K00-008,Bidopa 250mg/25mg tab (Pioneer),Levodopa 250mg + Carbidopa (as monohydrat)or (anhydrous) 25mg Tablet,حبوب,250mg,,علبة,شريط,3,0,7000,2333.33,7000,1
04-K00-008,Sinemet 25mg /250mg tab (savio industerial s.r.l),Levodopa 250mg + Carbidopa (as monohydrat)or (anhydrous) 25mg Tablet,حبوب,25mg,,علبة,شريط,2,0,11000,5500,11000,1
04-K00-008,Credanil 250mg/25mg tab (Remedica),Levodopa 250mg + Carbidopa (as monohydrat)or (anhydrous) 25mg Tablet,حبوب,250mg,,علبة,شريط,5,0,12000,2400,12000,1
04-K00-008,Parkin-C forte (Alborz Darou),Levodopa 250mg + Carbidopa (as monohydrat)or (anhydrous) 25mg Tablet,حبوب,250mg,,علبة,شريط,10,0,15250,1525,15250,1
04-K00-016,Cyclidine (AL-Razi),Procyclidine hydrochloride 5mg Tablet,حبوب,5mg,,علبة,شريط,3,0,3000,1000,3000,1
04-K00-016,procyclidine 5mg tab (Medochemie),Procyclidine hydrochloride 5mg Tablet,حبوب,5mg,,علبة,شريط,10,0,14500,1450,14500,1
04-K00-016,Kemadrin tablet (Aspen),Procyclidine hydrochloride 5mg Tablet,حبوب,5mg,,علبة,شريط,10,0,16750,1675,16750,1
04-K00-016,procyclidine 5mg tab (Medochemie),Procyclidine hydrochloride 5mg Tablet,حبوب,5mg,,علبة,شريط,100,0,80000,800,80000,1
04-M00-001,Baclocalm 10mg tab (Labatec pharma),Baclofen 10mg Tablet,حبوب,10mg,,علبة,شريط,5,0,11000,2200,11000,1
04-M00-001,Apo-Baclofen 10mg (Apotex),Baclofen 10mg Tablet,حبوب,10mg,,علبة,شريط,10,0,14250,1425,14250,1
04-M00-001,CHinofen (Huons co.),Baclofen 10mg Tablet,حبوب,10mg,,علبة,شريط,10,0,15250,1525,15250,1
04-Q00-001,Nemda 10 (Sana pharmaceutical),Memantine hydrochloride 10mg Tablet,حبوب,10mg,,علبة,شريط,3,0,13250,4416.67,13250,1
04-Q00-001,Demax 10mg tab (Abdi-Ibrahim),Memantine hydrochloride 10mg Tablet,حبوب,10mg,,علبة,شريط,3,0,13250,4416.67,13250,1
04-Q00-001,memora 10mg F.C.T (Pharmaline),Memantine hydrochloride 10mg Tablet,حبوب,10mg,,علبة,شريط,3,0,13250,4416.67,13250,1
04-Q00-001,zementa F.c. tab (Spimaco),Memantine hydrochloride 10mg Tablet,حبوب,10mg,,علبة,شريط,3,0,13250,4416.67,13250,1
04-Q00-001,Tabixa 10 mg tab (Tabuk),Memantine hydrochloride 10mg Tablet,حبوب,10 mg,,علبة,شريط,2,0,13500,6750,13500,1
04-Q00-001,gladius 10mg (UPM),Memantine hydrochloride 10mg Tablet,حبوب,10mg,,علبة,شريط,3,0,16250,5416.67,16250,1
04-Q00-001,memaxia 10mg f.c.t (Jamjoom pharma),Memantine hydrochloride 10mg Tablet,حبوب,10mg,,علبة,شريط,3,0,23250,7750,23250,1
04-Q00-001,ALZEGARAN 10 mg scored film-coated tablets (Farmea),Memantine hydrochloride 10mg Tablet,حبوب,10 mg,,علبة,شريط,4,0,36500,9125,36500,1
04-Q00-001,Demax 10mg FCT (Abdi Ibrahim),Memantine hydrochloride 10mg Tablet,حبوب,10mg,,علبة,شريط,5,0,40000,8000,40000,1
05-AA0-002,Amoxycillin 500mg (SDI),Amoxycillin (as trihydrate) 500mg Capsule,كبسول,500mg,,علبة,شريط,1,0,1500,1500,1500,1
05-AA0-002,Amoxycillin 500mg (SDI),Amoxycillin (as trihydrate) 500mg Capsule,كبسول,500mg,,علبة,شريط,2,0,3000,1500,3000,1
05-AA0-002,Amoxydar Forte 500mg (DAD),Amoxycillin (as trihydrate) 500mg Capsule,كبسول,500mg,,علبة,شريط,2,0,3500,1750,3500,1
05-AA0-002,Remox 500mg (JPI),Amoxycillin (as trihydrate) 500mg Capsule,كبسول,500mg,,علبة,شريط,2,0,3500,1750,3500,1
05-AA0-002,Julphamox 500mg cap (Julphar),Amoxycillin (as trihydrate) 500mg Capsule,كبسول,500mg,,علبة,شريط,2,0,3500,1750,3500,1
05-AA0-002,Neomox 500 Mg Cap. (Neopharma),Amoxycillin (as trihydrate) 500mg Capsule,كبسول,500 Mg,,علبة,شريط,2,0,3750,1875,3750,1
05-AA0-002,Amoxicillin Atb 500 mg cap. (Antibiotic S.A),Amoxycillin (as trihydrate) 500mg Capsule,كبسول,500 mg,,علبة,شريط,2,0,4000,2000,4000,1
05-AA0-002,Amoxicillin 500mg cap (Athlone),Amoxycillin (as trihydrate) 500mg Capsule,كبسول,500mg,,علبة,شريط,2,0,4750,2375,4750,1
05-AA0-002,Strimox 500mg cap (Strides Arcolab),Amoxycillin (as trihydrate) 500mg Capsule,كبسول,500mg,,علبة,شريط,10,0,6500,650,6500,1
05-AA0-002,Strimox 500mg cap (Strides Arcolab),Amoxycillin (as trihydrate) 500mg Capsule,كبسول,500mg,,علبة,شريط,10,0,6500,650,6500,1
05-AA0-002,Pulmoxyl-500 capsule (Micro Lab),Amoxycillin (as trihydrate) 500mg Capsule,كبسول,500mg,,علبة,شريط,10,0,10750,1075,10750,1
05-AA0-002,Z MOX 500mg capsule. (Aurobindo),Amoxycillin (as trihydrate) 500mg Capsule,كبسول,500mg,,علبة,شريط,10,0,11250,1125,11250,1
05-AA0-002,Amoxycillin 500mg (SDI),Amoxycillin (as trihydrate) 500mg Capsule,كبسول,500mg,,علبة,شريط,10,0,13000,1300,13000,1
05-AA0-002,Jamox 500mg cap (Al-jazeera),Amoxycillin (as trihydrate) 500mg Capsule,كبسول,500mg,,علبة,شريط,10,0,13750,1375,13750,1
05-AA0-002,Glomox 500mg cap (Global pharma),Amoxycillin (as trihydrate) 500mg Capsule,كبسول,500mg,,علبة,شريط,10,0,15000,1500,15000,1
05-AA0-004,AMOXYCILLIN 250-AS (Aswar alkhaleej),Amoxycillin (as trihydrate) 250mg/5ml Suspension100 ml,حقن,250mg,,علبة,حقنة,1,0,2000,2000,2000,1
05-AA0-004,Amoxycillin 250mg susp. (SDI),Amoxycillin (as trihydrate) 250mg/5ml Suspension100 ml,حقن,250mg,,علبة,حقنة,1,0,2000,2000,2000,1
05-AA0-004,Jamox 250mg (Al-jazeera),Amoxycillin (as trihydrate) 250mg/5ml Suspension100 ml,حقن,250mg,,علبة,حقنة,1,0,2000,2000,2000,1
05-AA0-007,Strimox 500mg inj. (Strisun drug Itd),"Amoxycillin (as sodium) 500mg Vial. (I.V,I.M)",فيال,500mg,,علبة,فيال,1,0,1000,1000,1000,1
05-AA0-007,"Amoxicillin panpharma 500 mg vial i.m,i.v (pan pharma)","Amoxycillin (as sodium) 500mg Vial. (I.V,I.M)",فيال,500 mg,,علبة,فيال,1,0,2000,2000,2000,1
05-AA0-007,Acamoxil 500mg vial (Acai),"Amoxycillin (as sodium) 500mg Vial. (I.V,I.M)",فيال,500mg,,علبة,فيال,1,0,2250,2250,2250,1
05-AA0-007,MOXILEN 500mg powder for solution for injection or infusion IM/IV vial (Medochemie),"Amoxycillin (as sodium) 500mg Vial. (I.V,I.M)",فيال,500mg,,علبة,فيال,10,0,19000,1900,19000,1
05-AA0-007,Acamoxil 500mg vial (Acai),"Amoxycillin (as sodium) 500mg Vial. (I.V,I.M)",فيال,500mg,,علبة,فيال,1,0,20500,20500,20500,1
05-AA0-007,Strimox 500mg inj. (Strides Arcolab),"Amoxycillin (as sodium) 500mg Vial. (I.V,I.M)",فيال,500mg,,علبة,فيال,50,0,35500,710,35500,1
05-AA0-007,"Amoxicillin panpharma 500 mg vial i.m,i.v (pan pharma)","Amoxycillin (as sodium) 500mg Vial. (I.V,I.M)",فيال,500 mg,,علبة,فيال,25,0,49000,1960,49000,1
05-AA0-029,Moxclav 625mg (Dijlah),Amoxycillin (as trihydrate) 500mg+ Clavulanic acid (as potassium salt) 125mg Tablet (co amoxiclav 500 /125),حبوب,625mg,,علبة,شريط,1,0,2750,2750,2750,1
05-AA0-029,Koact 625mg tab (Aurbindo),Amoxycillin (as trihydrate) 500mg+ Clavulanic acid (as potassium salt) 125mg Tablet (co amoxiclav 500 /125),حبوب,625mg,,علبة,شريط,2,0,3750,1875,3750,1
05-AA0-029,Bactoclav 625 mg (Micro Lab),Amoxycillin (as trihydrate) 500mg+ Clavulanic acid (as potassium salt) 125mg Tablet (co amoxiclav 500 /125),حبوب,625 mg,,علبة,شريط,1,0,4500,4500,4500,1
05-AA0-029,Bactoclav 625 mg (Micro Lab),Amoxycillin (as trihydrate) 500mg+ Clavulanic acid (as potassium salt) 125mg Tablet (co amoxiclav 500 /125),حبوب,625 mg,,علبة,شريط,2,0,8750,4375,8750,1
05-AA0-029,Amoclan Forte 625 mg tablet (Hikma),Amoxycillin (as trihydrate) 500mg+ Clavulanic acid (as potassium salt) 125mg Tablet (co amoxiclav 500 /125),حبوب,625 mg,,علبة,شريط,3,0,9000,3000,9000,1
05-AA0-029,MDIAUMENTIN 625mg,Amoxycillin (as trihydrate) 500mg+ Clavulanic acid (as potassium salt) 125mg Tablet (co amoxiclav 500 /125),حبوب,625mg,,علبة,شريط,2,0,9250,4625,9250,1
05-AA0-029,Julmentin forte 625mg (Julphar),Amoxycillin (as trihydrate) 500mg+ Clavulanic acid (as potassium salt) 125mg Tablet (co amoxiclav 500 /125),حبوب,625mg,,علبة,شريط,4,0,10000,2500,10000,1
05-AA0-029,Clavomid 625mg FCT (Remedica),Amoxycillin (as trihydrate) 500mg+ Clavulanic acid (as potassium salt) 125mg Tablet (co amoxiclav 500 /125),حبوب,625mg,,علبة,شريط,2,0,11500,5750,11500,1
05-AA0-031,Moxclav 312.5mg/5ml susp (Dijlah co.),Amoxycillin (as trihydrate) 250mg+ Clavulanic acid (as potassium salt) 62.5mg/5ml Suspension (co amoxiclav 250 /62.5),حقن,312.5mg,,علبة,حقنة,1,0,3750,3750,3750,1
05-AA0-031,Amoxicillin&clavulanate potassium for oral suspension 312.5mg/5ml (Medreich),Amoxycillin (as trihydrate) 250mg+ Clavulanic acid (as potassium salt) 62.5mg/5ml Suspension (co amoxiclav 250 /62.5),حقن,312.5mg,,علبة,حقنة,1,0,5000,5000,5000,1
05-AA0-031,JULMENTIN FORTE 312mg/5ml POWDER FOR ORAL SUSP. (Julphar),Amoxycillin (as trihydrate) 250mg+ Clavulanic acid (as potassium salt) 62.5mg/5ml Suspension (co amoxiclav 250 /62.5),حقن,312mg,,علبة,حقنة,1,0,5500,5500,5500,1
05-AA0-031,Klamoks 312.5mg FORT oral susp (Bilim),Amoxycillin (as trihydrate) 250mg+ Clavulanic acid (as potassium salt) 62.5mg/5ml Suspension (co amoxiclav 250 /62.5),حقن,312.5mg,,علبة,حقنة,1,0,6500,6500,6500,1
05-AA0-031,Amoclan Forte susp.312.5mg (Hikma),Amoxycillin (as trihydrate) 250mg+ Clavulanic acid (as potassium salt) 62.5mg/5ml Suspension (co amoxiclav 250 /62.5),حقن,312.5mg,,علبة,حقنة,1,0,6750,6750,6750,1
05-AA0-031,Moxiclav Forte 312.5mg/5ml (Medochemie),Amoxycillin (as trihydrate) 250mg+ Clavulanic acid (as potassium salt) 62.5mg/5ml Suspension (co amoxiclav 250 /62.5),حقن,312.5mg,,علبة,حقنة,1,0,7250,7250,7250,1
05-AA0-031,Curam forte 312.5 mg/5 ml powder oral suspension (Sandoz GmbH),Amoxycillin (as trihydrate) 250mg+ Clavulanic acid (as potassium salt) 62.5mg/5ml Suspension (co amoxiclav 250 /62.5),حقن,312.5 mg,,علبة,حقنة,1,0,10000,10000,10000,1
05-AA0-082,Koact 1000 FCT (aurbindo),Amoxicillin (as sodium) 1000mg + clavulanic acid (as potassium Salt),حبوب,1000mg,,علبة,شريط,2,0,5000,2500,5000,1
05-AA0-082,KLAVUNAT-Bid 1000 mg f.c.t (atabay),Amoxicillin (as sodium) 1000mg + clavulanic acid (as potassium Salt),حبوب,1000 mg,,علبة,شريط,2,0,6500,3250,6500,1
05-AA0-082,Klamoks BID 1000mg f.c.t (Bilim),Amoxicillin (as sodium) 1000mg + clavulanic acid (as potassium Salt),حبوب,1000mg,,علبة,شريط,1,0,7750,7750,7750,1
05-AA0-082,Enhancin 1gm tablet (Sun pharma),Amoxicillin (as sodium) 1000mg + clavulanic acid (as potassium Salt),حبوب,1gm,,علبة,شريط,2,0,8500,4250,8500,1
05-AA0-082,Bactoclav 1g F.C.tab (Micro Lab),Amoxicillin (as sodium) 1000mg + clavulanic acid (as potassium Salt),حبوب,1g,,علبة,شريط,2,0,8500,4250,8500,1
05-AA0-082,Moxiclav 1gm (Medochemie),Amoxicillin (as sodium) 1000mg + clavulanic acid (as potassium Salt),حبوب,1gm,,علبة,شريط,2,0,11500,5750,11500,1
05-AA0-082,Julmentin 2X Film Coated Tablet. (Julphar),Amoxicillin (as sodium) 1000mg + clavulanic acid (as potassium Salt),حبوب,1000mg,,علبة,شريط,3,0,11500,3833.33,11500,1
05-AA0-082,Gloclav 1g F.C.T (Global pharma),Amoxicillin (as sodium) 1000mg + clavulanic acid (as potassium Salt),حبوب,1g,,علبة,شريط,2,0,12000,6000,12000,1
05-AA0-082,Amoclan BID 1gm tab (Hikma),Amoxicillin (as sodium) 1000mg + clavulanic acid (as potassium Salt),حبوب,1gm,,علبة,شريط,2,0,13750,6875,13750,1
05-AA0-082,CURAM 1g tablet (sandoz),Amoxicillin (as sodium) 1000mg + clavulanic acid (as potassium Salt),حبوب,1g,,علبة,شريط,2,0,13750,6875,13750,1
05-AA0-082,CoAmox Acino 1000 film coated tablets (Acino pharma AG),Amoxicillin (as sodium) 1000mg + clavulanic acid (as potassium Salt),حبوب,1000mg,,علبة,شريط,2,0,14750,7375,14750,1
05-AA0-030,Julmentin 156mg/5ml for oral susp (Julphar),Amoxicillin (as trihydrate) 125mg + Clavulanic acid (as potassium salt) 31.25mg/5ml,حقن,156mg,,علبة,حقنة,1,0,4500,4500,4500,1
05-AA0-030,Klamoks PEDIATRIC 156.25mg / 5ml dry powder (Bilim),Amoxicillin (as trihydrate) 125mg + Clavulanic acid (as potassium salt) 31.25mg/5ml,حقن,156.25mg,,علبة,حقنة,1,0,5500,5500,5500,1
05-AA0-030,megamox 156mg susp (Jazeera),Amoxicillin (as trihydrate) 125mg + Clavulanic acid (as potassium salt) 31.25mg/5ml,حقن,156mg,,علبة,حقنة,1,0,5500,5500,5500,1
05-AA0-030,Moxiclav 156.25mg/5ml susp (Medochemie),Amoxicillin (as trihydrate) 125mg + Clavulanic acid (as potassium salt) 31.25mg/5ml,حقن,156.25mg,,علبة,حقنة,1,0,5750,5750,5750,1
05-AA0-071,Swisstazo 4.5g i.v (Swiss parenteral),Tazobactam (as sodium salt) 500mg + piperacillin (as sodium salt) 4gm I.V infusion (with or without EDTA),فيال,4.5g,,علبة,فيال,1,0,9500,9500,9500,1
05-AA0-071,piperacillin tazobactam sandoz 4.5gm,Tazobactam (as sodium salt) 500mg + piperacillin (as sodium salt) 4gm I.V infusion (with or without EDTA),فيال,4.5gm,,علبة,فيال,1,0,10000,10000,10000,1
05-AA0-071,piperacillin tazobactam 4gm/500 (Pan pharma),Tazobactam (as sodium salt) 500mg + piperacillin (as sodium salt) 4gm I.V infusion (with or without EDTA),فيال,4gm,,علبة,فيال,1,0,11500,11500,11500,1
05-AA0-071,TIPRAXIN 4g / 0.5 g (Deva),Tazobactam (as sodium salt) 500mg + piperacillin (as sodium salt) 4gm I.V infusion (with or without EDTA),فيال,4g,,علبة,فيال,1,0,13000,13000,13000,1
05-AA0-071,Piperacillin-Tazobactam (Mitim S.R.L),Tazobactam (as sodium salt) 500mg + piperacillin (as sodium salt) 4gm I.V infusion (with or without EDTA),فيال,500mg,,علبة,فيال,1,0,14500,14500,14500,1
05-AA0-071,Tavoctame powder for solution for infusion (4+0.5) G/ Vial (Cooper),Tazobactam (as sodium salt) 500mg + piperacillin (as sodium salt) 4gm I.V infusion (with or without EDTA),فيال,500mg,,علبة,فيال,1,0,15250,15250,15250,1
05-AA0-071,piperacillin/tazobactam 4.5g (Lab. Reig jofre),Tazobactam (as sodium salt) 500mg + piperacillin (as sodium salt) 4gm I.V infusion (with or without EDTA),فيال,4.5g,,علبة,فيال,10,0,99000,9900,99000,1
05-AA0-071,piperacillin/tazobactam 4gm/500mg (Labesfal-laboratories),Tazobactam (as sodium salt) 500mg + piperacillin (as sodium salt) 4gm I.V infusion (with or without EDTA),فيال,4gm,,علبة,فيال,10,0,139000,13900,139000,1
05-AA0-071,Jaflex 500mg cap (Al-Jazeera co.),Tazobactam (as sodium salt) 500mg + piperacillin (as sodium salt) 4gm I.V infusion (with or without EDTA),كبسول,500mg,,علبة,شريط,1,0,1250,1250,1250,1
05-AA0-071,Cephalexin 500mg cap (Al Furat),Tazobactam (as sodium salt) 500mg + piperacillin (as sodium salt) 4gm I.V infusion (with or without EDTA),كبسول,500mg,,علبة,شريط,1,0,1750,1750,1750,1
05-AA0-071,piolexine 500mg (Pioneer),Tazobactam (as sodium salt) 500mg + piperacillin (as sodium salt) 4gm I.V infusion (with or without EDTA),كبسول,500mg,,علبة,شريط,1,0,2000,2000,2000,1
05-AA0-071,Acaflex 500mg (Acai),Tazobactam (as sodium salt) 500mg + piperacillin (as sodium salt) 4gm I.V infusion (with or without EDTA),كبسول,500mg,,علبة,شريط,2,0,2250,1125,2250,1
05-AA0-071,Cephalexin 500mg cap (SDI),Tazobactam (as sodium salt) 500mg + piperacillin (as sodium salt) 4gm I.V infusion (with or without EDTA),كبسول,500mg,,علبة,شريط,2,0,3000,1500,3000,1
05-AA0-071,Pharmexin 500mg cap (Pharma),Tazobactam (as sodium salt) 500mg + piperacillin (as sodium salt) 4gm I.V infusion (with or without EDTA),كبسول,500mg,,علبة,شريط,2,0,3500,1750,3500,1
05-AA0-071,cefrin 500mg cap (Julphar),Tazobactam (as sodium salt) 500mg + piperacillin (as sodium salt) 4gm I.V infusion (with or without EDTA),كبسول,500mg,,علبة,شريط,2,0,4500,2250,4500,1
05-AA0-071,Jaflex 500mg cap (Al-Jazeera),Tazobactam (as sodium salt) 500mg + piperacillin (as sodium salt) 4gm I.V infusion (with or without EDTA),كبسول,500mg,,علبة,شريط,10,0,11500,1150,11500,1
05-AA0-071,Cefex-500 mg (Micro Lab),Tazobactam (as sodium salt) 500mg + piperacillin (as sodium salt) 4gm I.V infusion (with or without EDTA),كبسول,500 mg,,علبة,شريط,10,0,13250,1325,13250,1
05-AA0-071,UNILEXIN 500mg (UPM),Tazobactam (as sodium salt) 500mg + piperacillin (as sodium salt) 4gm I.V infusion (with or without EDTA),كبسول,500mg,,علبة,شريط,10,0,13500,1350,13500,1
05-AA0-071,ACAFLEX 500mg (ACAI),Tazobactam (as sodium salt) 500mg + piperacillin (as sodium salt) 4gm I.V infusion (with or without EDTA),كبسول,500mg,,علبة,شريط,10,0,13750,1375,13750,1
05-AA0-071,KEFLEXIM-MDI 500mg,Tazobactam (as sodium salt) 500mg + piperacillin (as sodium salt) 4gm I.V infusion (with or without EDTA),كبسول,500mg,,علبة,شريط,10,0,17250,1725,17250,1
05-AA0-071,Cephadar forte 500mg (DAD),Tazobactam (as sodium salt) 500mg + piperacillin (as sodium salt) 4gm I.V infusion (with or without EDTA),كبسول,500mg,,علبة,شريط,50,0,55000,1100,55000,1
05-AA0-071,Pharmexin 500mg cap (Pharma),Tazobactam (as sodium salt) 500mg + piperacillin (as sodium salt) 4gm I.V infusion (with or without EDTA),كبسول,500mg,,علبة,شريط,50,0,71000,1420,71000,1
05-AA0-071,Cephalexin 500mg cap (SDI),Tazobactam (as sodium salt) 500mg + piperacillin (as sodium salt) 4gm I.V infusion (with or without EDTA),كبسول,500mg,,علبة,شريط,240,0,313000,1304.17,313000,1
05-AA0-071,keflexim MDI 500mg cap,Tazobactam (as sodium salt) 500mg + piperacillin (as sodium salt) 4gm I.V infusion (with or without EDTA),كبسول,500mg,,علبة,شريط,480,0,537000,1118.75,537000,1
05-AB0-015,Acaflex 250mg/5ml susp. (Acai),"Cephalexin (as monohydrate) 250mg/5ml,Suspension 100ml",حقن,250mg,,علبة,حقنة,1,0,2750,2750,2750,1
05-AB0-015,Cephalexin 250mg susp. (SDI),"Cephalexin (as monohydrate) 250mg/5ml,Suspension 100ml",حقن,250mg,,علبة,حقنة,1,0,2750,2750,2750,1
05-AB0-024,ceftaswiss 1gm i.v (Swiss parenterals),Ceftazidime (as pentahydrate) 1g I.V. Injection +solvent water for injection (Carbonate or Arginine formula),فيال,1gm,,علبة,فيال,1,0,2500,2500,2500,1
05-AB0-024,ceftazidime-SDI 1gm inj,Ceftazidime (as pentahydrate) 1g I.V. Injection +solvent water for injection (Carbonate or Arginine formula),فيال,1gm,,علبة,فيال,1,0,4750,4750,4750,1
05-AB0-024,negacef 1gm inj. i.v (Julphar),Ceftazidime (as pentahydrate) 1g I.V. Injection +solvent water for injection (Carbonate or Arginine formula),فيال,1gm,,علبة,فيال,1,0,5000,5000,5000,1
05-AB0-024,Zidime 1g vial IV (Tabuk pharma),Ceftazidime (as pentahydrate) 1g I.V. Injection +solvent water for injection (Carbonate or Arginine formula),فيال,1g,,علبة,فيال,1,0,5000,5000,5000,1
05-AB0-024,fetazim 1g i.v (Pharma international),Ceftazidime (as pentahydrate) 1g I.V. Injection +solvent water for injection (Carbonate or Arginine formula),فيال,1g,,علبة,فيال,1,0,5500,5500,5500,1
05-AB0-024,cetazim 1g/10ml (Laboratoria farma),Ceftazidime (as pentahydrate) 1g I.V. Injection +solvent water for injection (Carbonate or Arginine formula),فيال,1g,,علبة,فيال,1,0,5500,5500,5500,1
05-AB0-024,Fortazedim 1gm vial IV (Medical Union),Ceftazidime (as pentahydrate) 1g I.V. Injection +solvent water for injection (Carbonate or Arginine formula),فيال,1gm,,علبة,فيال,1,0,5500,5500,5500,1
05-AB0-024,ZIDIMA 1g (Pioneer),Ceftazidime (as pentahydrate) 1g I.V. Injection +solvent water for injection (Carbonate or Arginine formula),فيال,1g,,علبة,فيال,1,0,6500,6500,6500,1
05-AB0-024,ceftazidim MDI 1g i.m vial,Ceftazidime (as pentahydrate) 1g I.V. Injection +solvent water for injection (Carbonate or Arginine formula),فيال,1g,,علبة,فيال,1,0,6500,6500,6500,1
05-AB0-024,ceftazidime substipharm 1gm IV (LDP),Ceftazidime (as pentahydrate) 1g I.V. Injection +solvent water for injection (Carbonate or Arginine formula),فيال,1gm,,علبة,فيال,1,0,6750,6750,6750,1
05-AB0-024,TOTTIZIM 1g/10ml I.V. (Esseti farmaceutical),Ceftazidime (as pentahydrate) 1g I.V. Injection +solvent water for injection (Carbonate or Arginine formula),فيال,1g,,علبة,فيال,1,0,6750,6750,6750,1
05-AB0-024,Temfor 1g powder for solution for injection for I.V. use. (Salutem pharma),Ceftazidime (as pentahydrate) 1g I.V. Injection +solvent water for injection (Carbonate or Arginine formula),فيال,1g,,علبة,فيال,1,0,7500,7500,7500,1
05-AB0-061,ceftaswiss 1gm i.m (Swiss parenterals),Ceftazidime ( as pentahydrate ) 1g + solvent 1% lidocaine hydrochloride (Carbonate or Arginine formula),فيال,1gm,,علبة,فيال,1,0,2500,2500,2500,1
05-AB0-061,fetazim 1g i.m (Pharma international),Ceftazidime ( as pentahydrate ) 1g + solvent 1% lidocaine hydrochloride (Carbonate or Arginine formula),فيال,1g,,علبة,فيال,1,0,5500,5500,5500,1
05-AB0-061,ceftazidim MDI 1g i.m,Ceftazidime ( as pentahydrate ) 1g + solvent 1% lidocaine hydrochloride (Carbonate or Arginine formula),فيال,1g,,علبة,فيال,1,0,6500,6500,6500,1
05-AB0-061,Ceftazidime substipharm 1 gm IM (LDP torlan),Ceftazidime ( as pentahydrate ) 1g + solvent 1% lidocaine hydrochloride (Carbonate or Arginine formula),فيال,1 gm,,علبة,فيال,1,0,6750,6750,6750,1
05-AB0-046,daroxime 250mg tab (DAD),Cefuroxime (as axetil) 250mg,حبوب,250mg,,علبة,شريط,1,0,5500,5500,5500,1
05-AB0-046,AXETINE 250mg film coated tablet (Medochemie),Cefuroxime (as axetil) 250mg,حبوب,250mg,,علبة,شريط,1,0,6000,6000,6000,1
05-AB0-046,zinax 250mg f.c.t (Pioneer),Cefuroxime (as axetil) 250mg,حبوب,250mg,,علبة,شريط,1,0,6000,6000,6000,1
05-AB0-046,Cefutil 250 mg tab (Pharma International),Cefuroxime (as axetil) 250mg,حبوب,250 mg,,علبة,شريط,1,0,6750,6750,6750,1
05-AB0-046,AXETINE 250mg film coated tablet (Medochemie),Cefuroxime (as axetil) 250mg,حبوب,250mg,,علبة,شريط,2,0,8500,4250,8500,1
05-AB0-046,"Zamur 250 mg F.C. tab (steiner & co.,)",Cefuroxime (as axetil) 250mg,حبوب,250 mg,,علبة,شريط,1,0,8500,8500,8500,1
05-AB0-047,zaymax 500mg tab (Remedina),Cefuroxime (as axetil) 500mg,حبوب,500mg,,علبة,شريط,2,0,8250,4125,8250,1
05-AB0-047,Auroxetil 500mg f.c.t (Aurobindo),Cefuroxime (as axetil) 500mg,حبوب,500mg,,علبة,شريط,1,0,8250,8250,8250,1
05-AB0-047,Zednad 500 mg tab (Diamond),Cefuroxime (as axetil) 500mg,حبوب,500 mg,,علبة,شريط,1,0,8750,8750,8750,1
05-AB0-047,daroxime 500mg tab (DAD),Cefuroxime (as axetil) 500mg,حبوب,500mg,,علبة,شريط,1,0,8750,8750,8750,1
05-AB0-047,zenon 500mg tab (Medpharma),Cefuroxime (as axetil) 500mg,حبوب,500mg,,علبة,شريط,1,0,9250,9250,9250,1
05-AB0-047,Enfexia 500mg f.c.tab (Bilim),Cefuroxime (as axetil) 500mg,حبوب,500mg,,علبة,شريط,2,0,9250,4625,9250,1
05-AB0-047,Cefmore 500mg (Neutec),Cefuroxime (as axetil) 500mg,حبوب,500mg,,علبة,شريط,1,0,10000,10000,10000,1
05-AB0-047,CEFAKS 500mg f.c.t (Deva holding),Cefuroxime (as axetil) 500mg,حبوب,500mg,,علبة,شريط,1,0,10000,10000,10000,1
05-AB0-047,Cefovex 500 mg (Zynova),Cefuroxime (as axetil) 500mg,حبوب,500 mg,,علبة,شريط,1,0,10000,10000,10000,1
05-AB0-047,Zinoximor 500mg F.C.tablet (Tabuk),Cefuroxime (as axetil) 500mg,حبوب,500mg,,علبة,شريط,2,0,10000,5000,10000,1
05-AB0-047,zinax 500mg f.c.t (Pioneer),Cefuroxime (as axetil) 500mg,حبوب,500mg,,علبة,شريط,1,0,10000,10000,10000,1
05-AB0-047,Axetine 500 mg (Medochemie),Cefuroxime (as axetil) 500mg,حبوب,500 mg,,علبة,شريط,1,0,10500,10500,10500,1
05-AB0-047,Axetine 500 mg (Medochemie),Cefuroxime (as axetil) 500mg,حبوب,500 mg,,علبة,شريط,2,0,10500,5250,10500,1
05-AB0-047,Cefuzime 500mg (Julphar),Cefuroxime (as axetil) 500mg,حبوب,500mg,,علبة,شريط,2,0,10500,5250,10500,1
05-AB0-047,cefuroxime Normon 500mg fct (Laboratorio formal),Cefuroxime (as axetil) 500mg,حبوب,500mg,,علبة,شريط,2,0,13000,6500,13000,1
05-AB0-047,"Zamur 500 mg film coated tablet (steiner & co.,)",Cefuroxime (as axetil) 500mg,حبوب,500 mg,,علبة,شريط,1,0,14500,14500,14500,1
05-AB0-067,Zinoxime 750 mg IM/ IV (Tabuk),Cefuroxime (as sodium) 750 mg,فيال,750 mg,,علبة,فيال,1,0,4000,4000,4000,1
05-AB0-067,CEFAKS (Deva),Cefuroxime (as sodium) 750 mg,فيال,750 mg,,علبة,فيال,1,0,4000,4000,4000,1
05-AB0-067,Cefuzime 750mg inj. (Julphar),Cefuroxime (as sodium) 750 mg,فيال,750mg,,علبة,فيال,1,0,4250,4250,4250,1
05-AB0-067,Maxil 750mg I.V-IM (Hikma),Cefuroxime (as sodium) 750 mg,فيال,750mg,,علبة,فيال,1,0,4500,4500,4500,1
05-AB0-067,ZINAX 750mg (Pioneer),Cefuroxime (as sodium) 750 mg,فيال,750mg,,علبة,فيال,1,0,4750,4750,4750,1
05-AB0-067,cefuroxime reig 750mg (Laboratorio Reig Jofre),Cefuroxime (as sodium) 750 mg,فيال,750mg,,علبة,فيال,1,0,4750,4750,4750,1
05-AB0-005,cefixime 200mg cap (Al-Furat co.),Cefixime trihydrate (eq. cefixime anhydrous 200mg ),كبسول,200mg,,علبة,شريط,1,0,2000,2000,2000,1
05-AB0-005,Samaxime 200mg (SDI),Cefixime trihydrate (eq. cefixime anhydrous 200mg ),كبسول,200mg,,علبة,شريط,1,0,2250,2250,2250,1
05-AB0-005,piocefixime 200mg (Pioneer),Cefixime trihydrate (eq. cefixime anhydrous 200mg ),كبسول,200mg,,علبة,شريط,1,0,3250,3250,3250,1
05-AB0-005,Fixim 200mg cap (Ajanta),Cefixime trihydrate (eq. cefixime anhydrous 200mg ),كبسول,200mg,,علبة,شريط,1,0,3250,3250,3250,1
05-AB0-005,Acacime 200mg (Acai),Cefixime trihydrate (eq. cefixime anhydrous 200mg ),كبسول,200mg,,علبة,شريط,1,0,3500,3500,3500,1
05-AB0-005,mixif 200mg cap (DAD),Cefixime trihydrate (eq. cefixime anhydrous 200mg ),كبسول,200mg,,علبة,شريط,1,0,3750,3750,3750,1
05-AB0-005,Betixim 200 (Middle east),Cefixime trihydrate (eq. cefixime anhydrous 200mg ),كبسول,200mg,,علبة,شريط,1,0,3750,3750,3750,1
05-AB0-005,Winex 200mg cap (Tabuk),Cefixime trihydrate (eq. cefixime anhydrous 200mg ),كبسول,200mg,,علبة,شريط,1,0,4250,4250,4250,1
05-AB0-005,ofiken 200mg tab (Sotherma),Cefixime trihydrate (eq. cefixime anhydrous 200mg ),حبوب,200mg,,علبة,شريط,1,0,4500,4500,4500,1
05-AB0-005,Cefim 200mg (Zynova),Cefixime trihydrate (eq. cefixime anhydrous 200mg ),كبسول,200mg,,علبة,شريط,2,0,4500,2250,4500,1
05-AB0-005,Cefix 200mg cap (Pharma international),Cefixime trihydrate (eq. cefixime anhydrous 200mg ),كبسول,200mg,,علبة,شريط,1,0,5250,5250,5250,1
05-AB0-005,Suprax 200mg cap (jazeera pharmaceutical),Cefixime trihydrate (eq. cefixime anhydrous 200mg ),كبسول,200mg,,علبة,شريط,1,0,8750,8750,8750,1
05-AB0-005,Fixim 200mg cap (Ajanta),Cefixime trihydrate (eq. cefixime anhydrous 200mg ),كبسول,200mg,,علبة,شريط,6,0,28000,4666.67,28000,1
05-AB0-031,ceftriswiss 1gm i.v vial (Swiss parenterals),Ceftriaxone 1g I.V. Injection +(10 ml )solvent water for injection,فيال,1gm,,علبة,فيال,1,0,1500,1500,1500,1
05-AB0-031,CEFAXONE 1 g. powder for injection IV. (Unimed),Ceftriaxone 1g I.V. Injection +(10 ml )solvent water for injection,فيال,1 g,,علبة,فيال,1,0,3000,3000,3000,1
05-AB0-031,triaxone 1gm I.V (Tabuk pharma),Ceftriaxone 1g I.V. Injection +(10 ml )solvent water for injection,فيال,1gm,,علبة,فيال,1,0,3000,3000,3000,1
05-AB0-031,SIRTAP 1g/10 ml (Esseti Farmaceutici),Ceftriaxone 1g I.V. Injection +(10 ml )solvent water for injection,فيال,1g,,علبة,فيال,1,0,3000,3000,3000,1
05-AB0-031,cefotaxim SDI 1gm i.v,Ceftriaxone 1g I.V. Injection +(10 ml )solvent water for injection,فيال,1gm,,علبة,فيال,1,0,3000,3000,3000,1
05-AB0-031,nevakson 1000mg powder for i.v inj (Pharma.vision),Ceftriaxone 1g I.V. Injection +(10 ml )solvent water for injection,فيال,1000mg,,علبة,فيال,1,0,3000,3000,3000,1
05-AB0-031,rameceftrax 1gm i.v inj (Rameda),Ceftriaxone 1g I.V. Injection +(10 ml )solvent water for injection,فيال,1gm,,علبة,فيال,1,0,3000,3000,3000,1
05-AB0-031,roxivan 1g inj.i.v (Psychotropics),Ceftriaxone 1g I.V. Injection +(10 ml )solvent water for injection,فيال,1g,,علبة,فيال,1,0,3250,3250,3250,1
05-AB0-031,Tricef 1gm IV inj (Lab sothema),Ceftriaxone 1g I.V. Injection +(10 ml )solvent water for injection,فيال,1gm,,علبة,فيال,1,0,3500,3500,3500,1
05-AB0-031,azatyl 1000mg vial i.v (Remedina),Ceftriaxone 1g I.V. Injection +(10 ml )solvent water for injection,فيال,1000mg,,علبة,فيال,1,0,3500,3500,3500,1
05-AB0-031,afaxon sterile powder for inj. i.v (Afa chemi),Ceftriaxone 1g I.V. Injection +(10 ml )solvent water for injection,فيال,1g,,علبة,فيال,1,0,3500,3500,3500,1
05-AB0-031,one-ceft 1g powder and solvent i.v inj. (Pharma vision),Ceftriaxone 1g I.V. Injection +(10 ml )solvent water for injection,فيال,1g,,علبة,فيال,1,0,3500,3500,3500,1
05-AB0-031,Xoraxon 1gm IV (MUP),Ceftriaxone 1g I.V. Injection +(10 ml )solvent water for injection,فيال,1gm,,علبة,فيال,1,0,3500,3500,3500,1
05-AB0-031,Enoxirt 1g IV inj (Julphar),Ceftriaxone 1g I.V. Injection +(10 ml )solvent water for injection,فيال,1g,,علبة,فيال,1,0,3500,3500,3500,1
05-AB0-031,forsef 1g i.v inj. vial (Pharmavision),Ceftriaxone 1g I.V. Injection +(10 ml )solvent water for injection,فيال,1g,,علبة,فيال,1,0,3500,3500,3500,1
05-AB0-031,PIOXONE 1g (Pioneer),Ceftriaxone 1g I.V. Injection +(10 ml )solvent water for injection,فيال,1g,,علبة,فيال,1,0,3750,3750,3750,1
05-AB0-031,MDI Cefetraxone 1g,Ceftriaxone 1g I.V. Injection +(10 ml )solvent water for injection,فيال,1g,,علبة,فيال,1,0,3750,3750,3750,1
05-AB0-031,Ceftriaxone 1gm IV (Pan pharma),Ceftriaxone 1g I.V. Injection +(10 ml )solvent water for injection,فيال,1gm,,علبة,فيال,1,0,4000,4000,4000,1
05-AB0-031,Travilan 1g (Anfarm hellas S.A),Ceftriaxone 1g I.V. Injection +(10 ml )solvent water for injection,فيال,1g,,علبة,فيال,1,0,4500,4500,4500,1
05-AB0-031,Ceftriaxone Normon 1g IV vial inj,Ceftriaxone 1g I.V. Injection +(10 ml )solvent water for injection,فيال,1g,,علبة,فيال,1,0,4500,4500,4500,1
05-AB0-031,Betasporina 1gm I.V (Lab Atral),Ceftriaxone 1g I.V. Injection +(10 ml )solvent water for injection,فيال,1gm,,علبة,فيال,1,0,4500,4500,4500,1
05-AB0-031,ceftriaxone substipharm 1g/10 ml IV inj vial (LDP),Ceftriaxone 1g I.V. Injection +(10 ml )solvent water for injection,فيال,1g,,علبة,فيال,1,0,4500,4500,4500,1
05-AB0-031,daytrix 1g/10ml powder& solvent for inj (Laboratorio formal),Ceftriaxone 1g I.V. Injection +(10 ml )solvent water for injection,فيال,1g,,علبة,فيال,1,0,4750,4750,4750,1
05-AB0-031,Salixon 1gm I.V. (Salute pharma/ Germany),Ceftriaxone 1g I.V. Injection +(10 ml )solvent water for injection,فيال,1gm,,علبة,فيال,1,0,5000,5000,5000,1
05-AB0-031,Ceftriaxone 1gm I.V (LDP Lab. Torlan S.A.),Ceftriaxone 1g I.V. Injection +(10 ml )solvent water for injection,فيال,1gm,,علبة,فيال,1,0,5000,5000,5000,1
05-AB0-031,"MESPORIN - 1000 IV INJ. (Labesfal – LaboratoriosAlmiro,)",Ceftriaxone 1g I.V. Injection +(10 ml )solvent water for injection,فيال,1g,,علبة,فيال,1,0,10250,10250,10250,1
05-AB0-032,cefotaxime 1gm/vial i.m inj (Strisun),Ceftriaxone salt 1g + solvent (3.5ml_4ml)1% lidocaine hydrochloride,فيال,1gm,,علبة,فيال,1,0,1500,1500,1500,1
05-AB0-032,CEFAXONE 1 g. powder for injection IM (Unimed),Ceftriaxone salt 1g + solvent (3.5ml_4ml)1% lidocaine hydrochloride,فيال,1 g,,علبة,فيال,1,0,3000,3000,3000,1
05-AB0-032,rameceftrax 1gm i.m inj (Rameda),Ceftriaxone salt 1g + solvent (3.5ml_4ml)1% lidocaine hydrochloride,فيال,1gm,,علبة,فيال,1,0,3000,3000,3000,1
05-AB0-032,pharcocef 1g powder for solu. (Pharco B international),Ceftriaxone salt 1g + solvent (3.5ml_4ml)1% lidocaine hydrochloride,فيال,1g,,علبة,فيال,1,0,3000,3000,3000,1
05-AB0-032,Sirtap 1g/3.5ml powder &solvant for inj. (Esseti farmaceutica sri),Ceftriaxone salt 1g + solvent (3.5ml_4ml)1% lidocaine hydrochloride,فيال,1g,,علبة,فيال,1,0,3000,3000,3000,1
05-AB0-032,Nevakson 1g (Pharma vision sanayi ve),Ceftriaxone salt 1g + solvent (3.5ml_4ml)1% lidocaine hydrochloride,فيال,1g,,علبة,فيال,1,0,3000,3000,3000,1
05-AB0-032,roxivan 1g inj.i.m (Psychotropics),Ceftriaxone salt 1g + solvent (3.5ml_4ml)1% lidocaine hydrochloride,فيال,1g,,علبة,فيال,1,0,3250,3250,3250,1
05-AB0-032,Triaxone 1gm IM (Tabuk pharma),Ceftriaxone salt 1g + solvent (3.5ml_4ml)1% lidocaine hydrochloride,فيال,1gm,,علبة,فيال,1,0,3500,3500,3500,1
05-AB0-032,Tricef 1gm I.M inj (Lab sothema),Ceftriaxone salt 1g + solvent (3.5ml_4ml)1% lidocaine hydrochloride,فيال,1gm,,علبة,فيال,1,0,3500,3500,3500,1
05-AB0-032,azatyl 1000mg vial i.m (Remedina),Ceftriaxone salt 1g + solvent (3.5ml_4ml)1% lidocaine hydrochloride,فيال,1000mg,,علبة,فيال,1,0,3500,3500,3500,1
05-AB0-032,longacef powder for inj i.m (Labesfal lab),Ceftriaxone salt 1g + solvent (3.5ml_4ml)1% lidocaine hydrochloride,فيال,1g,,علبة,فيال,1,0,3500,3500,3500,1
05-AB0-032,Medaxone 1gm i.m (Medochemie),Ceftriaxone salt 1g + solvent (3.5ml_4ml)1% lidocaine hydrochloride,فيال,1gm,,علبة,فيال,1,0,3500,3500,3500,1
05-AB0-032,one-ceft 1g powder and solvent i.m inj. (Pharma vision),Ceftriaxone salt 1g + solvent (3.5ml_4ml)1% lidocaine hydrochloride,فيال,1g,,علبة,فيال,1,0,3500,3500,3500,1
05-AB0-032,Enoxirt 1g I.M vial (Julphar),Ceftriaxone salt 1g + solvent (3.5ml_4ml)1% lidocaine hydrochloride,فيال,1g,,علبة,فيال,1,0,3500,3500,3500,1
05-AB0-032,xoraxon 1gm im (Medical union),Ceftriaxone salt 1g + solvent (3.5ml_4ml)1% lidocaine hydrochloride,فيال,1gm,,علبة,فيال,1,0,3500,3500,3500,1
05-AB0-032,Desefin 1gm IM (Deva),Ceftriaxone salt 1g + solvent (3.5ml_4ml)1% lidocaine hydrochloride,فيال,1gm,,علبة,فيال,1,0,3500,3500,3500,1
05-AB0-032,PIOXONE 1gm (Pioneer),Ceftriaxone salt 1g + solvent (3.5ml_4ml)1% lidocaine hydrochloride,فيال,1gm,,علبة,فيال,1,0,3750,3750,3750,1
05-AB0-032,MDI Cefetraxone 1g,Ceftriaxone salt 1g + solvent (3.5ml_4ml)1% lidocaine hydrochloride,فيال,1g,,علبة,فيال,1,0,3750,3750,3750,1
05-AB0-032,CEFTRIAXONE substipharm IM inj (LDP),Ceftriaxone salt 1g + solvent (3.5ml_4ml)1% lidocaine hydrochloride,فيال,1g,,علبة,فيال,1,0,4500,4500,4500,1
05-AB0-032,Betasporina 1gm I.M (Lab Atral),Ceftriaxone salt 1g + solvent (3.5ml_4ml)1% lidocaine hydrochloride,فيال,1gm,,علبة,فيال,1,0,4500,4500,4500,1
05-AB0-032,Ceftriaxone Normon 1gm I.M. vial,Ceftriaxone salt 1g + solvent (3.5ml_4ml)1% lidocaine hydrochloride,فيال,1gm,,علبة,فيال,1,0,4500,4500,4500,1
05-AB0-032,ceftriaxone biopharma 1gm IM 1vial+1amp,Ceftriaxone salt 1g + solvent (3.5ml_4ml)1% lidocaine hydrochloride,فيال,1gm,,علبة,فيال,1,0,4750,4750,4750,1
05-AB0-032,daytrix 1g/3.5ml powder& solvent for inj (Laboratorio farma.),Ceftriaxone salt 1g + solvent (3.5ml_4ml)1% lidocaine hydrochloride,فيال,1g,,علبة,فيال,1,0,4750,4750,4750,1
05-AB0-032,Ceftriaxone 1gm I.M. (LDP Lab. Torlan S.A.),Ceftriaxone salt 1g + solvent (3.5ml_4ml)1% lidocaine hydrochloride,فيال,1gm,,علبة,فيال,1,0,5000,5000,5000,1
05-AB0-032,Salixon 1gm I.V. (Salute pharma/ Germany),Ceftriaxone salt 1g + solvent (3.5ml_4ml)1% lidocaine hydrochloride,فيال,1gm,,علبة,فيال,1,0,5000,5000,5000,1
05-AB0-032,"MESPORIN -1000 IM INJ. (Labesfal – LaboratoriosAlmiro,)",Ceftriaxone salt 1g + solvent (3.5ml_4ml)1% lidocaine hydrochloride,فيال,1g,,علبة,فيال,1,0,10250,10250,10250,1
05-AC0-001,amikacin 500mg/2ml (Cadila pharmaceutical),"Amikacin (as sulphate) 250mg/ml, (2ml) Vial or Ampoule for I.M , slow I.V or I.V infusion",فيال,500mg,,علبة,فيال,1,0,1500,1500,1500,1
05-AC0-001,"rasamikacin inj 500mg/2ml i.m,i.v (Rasan)","Amikacin (as sulphate) 250mg/ml, (2ml) Vial or Ampoule for I.M , slow I.V or I.V infusion",فيال,500mg,,علبة,فيال,1,0,1750,1750,1750,1
05-AC0-001,mica 500 (Brawn),"Amikacin (as sulphate) 250mg/ml, (2ml) Vial or Ampoule for I.M , slow I.V or I.V infusion",فيال,250mg,,علبة,فيال,1,0,2000,2000,2000,1
05-AC0-001,Amikaver 500mg/2ml im iv amp. (Osel ilac),"Amikacin (as sulphate) 250mg/ml, (2ml) Vial or Ampoule for I.M , slow I.V or I.V infusion",أمبول,500mg,,علبة,أمبولة,1,0,2250,2250,2250,1
05-AC0-001,apalin inj. 500mg/2ml vial (Duopharma),"Amikacin (as sulphate) 250mg/ml, (2ml) Vial or Ampoule for I.M , slow I.V or I.V infusion",فيال,500mg,,علبة,فيال,1,0,2250,2250,2250,1
05-AC0-001,amikacin inj 500mg (Ildong pharmaceutical),"Amikacin (as sulphate) 250mg/ml, (2ml) Vial or Ampoule for I.M , slow I.V or I.V infusion",فيال,500mg,,علبة,فيال,1,0,2750,2750,2750,1
05-AC0-001,AMIKACIN 500mg/2ml vial for I.M or I.V injection (Eipico),"Amikacin (as sulphate) 250mg/ml, (2ml) Vial or Ampoule for I.M , slow I.V or I.V infusion",فيال,500mg,,علبة,فيال,1,0,2750,2750,2750,1
05-AC0-001,Amikan 500mg/2ml vial. (Anfarm),"Amikacin (as sulphate) 250mg/ml, (2ml) Vial or Ampoule for I.M , slow I.V or I.V infusion",فيال,500mg,,علبة,فيال,1,0,4500,4500,4500,1
05-AC0-001,Uzix 500mg/2ml inj. Sol. (Rafarm),"Amikacin (as sulphate) 250mg/ml, (2ml) Vial or Ampoule for I.M , slow I.V or I.V infusion",فيال,500mg,,علبة,فيال,1,0,4500,4500,4500,1
05-AC0-001,amikacin/vianex 500mg/2ml vial,"Amikacin (as sulphate) 250mg/ml, (2ml) Vial or Ampoule for I.M , slow I.V or I.V infusion",فيال,500mg,,علبة,فيال,1,0,4500,4500,4500,1
05-AC0-001,Orlobin inj. Sol. 500 mg/ 2ml (Help SA),"Amikacin (as sulphate) 250mg/ml, (2ml) Vial or Ampoule for I.M , slow I.V or I.V infusion",فيال,500 mg,,علبة,فيال,1,0,4500,4500,4500,1
05-AC0-001,Amikanor 500mg/2ml IV/IM vial (Normon),"Amikacin (as sulphate) 250mg/ml, (2ml) Vial or Ampoule for I.M , slow I.V or I.V infusion",فيال,500mg,,علبة,فيال,1,0,5000,5000,5000,1
05-AC0-001,KAMICIN 500mg/2ml (Pioneer),"Amikacin (as sulphate) 250mg/ml, (2ml) Vial or Ampoule for I.M , slow I.V or I.V infusion",أمبول,500mg,,علبة,أمبولة,5,0,9000,1800,9000,1
05-AC0-001,Amikaver 500mg/2ml l IM/IV slow IV (Osel ilac),"Amikacin (as sulphate) 250mg/ml, (2ml) Vial or Ampoule for I.M , slow I.V or I.V infusion",أمبول,500mg,,علبة,أمبولة,5,0,9750,1950,9750,1
05-AC0-001,Mikacin 500 mg / 2 ml I.M/slow I.V/IV infusion amp. (Julphar),"Amikacin (as sulphate) 250mg/ml, (2ml) Vial or Ampoule for I.M , slow I.V or I.V infusion",أمبول,500 mg,,علبة,أمبولة,5,0,10750,2150,10750,1
05-AC0-001,Miacin 100mg/2ml (Hikma),"Amikacin (as sulphate) 250mg/ml, (2ml) Vial or Ampoule for I.M , slow I.V or I.V infusion",أمبول,100mg,,علبة,أمبولة,6,0,11500,1916.67,11500,1
05-AC0-001,menazin 500mg/2ml (MS pharma),"Amikacin (as sulphate) 250mg/ml, (2ml) Vial or Ampoule for I.M , slow I.V or I.V infusion",فيال,500mg,,علبة,فيال,5,0,11500,2300,11500,1
05-AC0-001,amilab-500mg/2ml vial (Laborate pharmaceuticas),"Amikacin (as sulphate) 250mg/ml, (2ml) Vial or Ampoule for I.M , slow I.V or I.V infusion",فيال,500mg,,علبة,فيال,10,0,14500,1450,14500,1
05-AC0-001,amikacin inj 500 (Ildong pharma),"Amikacin (as sulphate) 250mg/ml, (2ml) Vial or Ampoule for I.M , slow I.V or I.V infusion",فيال,250mg,,علبة,فيال,10,0,24250,2425,24250,1
05-AC0-001,SELEMYCIN 500 mg / 2 ml solution for injection / (Medochemie),"Amikacin (as sulphate) 250mg/ml, (2ml) Vial or Ampoule for I.M , slow I.V or I.V infusion",أمبول,500 mg,,علبة,أمبولة,10,0,24250,2425,24250,1
05-AC0-003,Gentamicin 80mg/2ml amp. (Alborz-Darou),"Gentamicin (as sulphate) 40mg/ml, (2ml) Vial or Ampoule I.V.,I.M.",أمبول,80mg,,علبة,أمبولة,1,0,750,750,750,1
05-AC0-003,Pan - gentamicin 80 mg amp. (Rotex medica gmbh),"Gentamicin (as sulphate) 40mg/ml, (2ml) Vial or Ampoule I.V.,I.M.",أمبول,80 mg,,علبة,أمبولة,1,0,1000,1000,1000,1
05-AC0-003,"GetamiSin 80mg/2ml I.M , I.V ampoule (Deva)","Gentamicin (as sulphate) 40mg/ml, (2ml) Vial or Ampoule I.V.,I.M.",أمبول,80mg,,علبة,أمبولة,1,0,1000,1000,1000,1
05-AC0-003,"genthaver 80mg/2ml solu. For infu. i.m,i.v (Osel ilac)","Gentamicin (as sulphate) 40mg/ml, (2ml) Vial or Ampoule I.V.,I.M.",أمبول,80mg,,علبة,أمبولة,1,0,1000,1000,1000,1
05-AC0-003,gentreks 80mg/2ml amp IV/IM (Bilim),"Gentamicin (as sulphate) 40mg/ml, (2ml) Vial or Ampoule I.V.,I.M.",أمبول,80mg,,علبة,أمبولة,1,0,1000,1000,1000,1
05-AC0-003,Epigent amp. 80mg/2ml I.M/I.V (Eipico),"Gentamicin (as sulphate) 40mg/ml, (2ml) Vial or Ampoule I.V.,I.M.",أمبول,80mg,,علبة,أمبولة,3,0,2000,666.67,2000,1
05-AC0-003,GENTOCIL 80 ampoule (Alpha-Aleppo),"Gentamicin (as sulphate) 40mg/ml, (2ml) Vial or Ampoule I.V.,I.M.",أمبول,40mg,,علبة,أمبولة,3,0,2250,750,2250,1
05-AC0-003,"genthaver 80mg/2ml solu. For infu. i.m,i.v (Osel ilac)","Gentamicin (as sulphate) 40mg/ml, (2ml) Vial or Ampoule I.V.,I.M.",أمبول,80mg,,علبة,أمبولة,5,0,4000,800,4000,1
05-AC0-003,piogent 80mg/2ml amp (Pioneer),"Gentamicin (as sulphate) 40mg/ml, (2ml) Vial or Ampoule I.V.,I.M.",أمبول,80mg,,علبة,أمبولة,5,0,4250,850,4250,1
05-AC0-003,Gentamicin inj. 10mg /ml (Gland pharma),"Gentamicin (as sulphate) 40mg/ml, (2ml) Vial or Ampoule I.V.,I.M.",أمبول,10mg,,علبة,أمبولة,10,0,4500,450,4500,1
05-AC0-003,gentamicin panpharma 80 mg/2ml amp.,"Gentamicin (as sulphate) 40mg/ml, (2ml) Vial or Ampoule I.V.,I.M.",أمبول,80 mg,,علبة,أمبولة,10,0,10000,1000,10000,1
05-AC0-003,Gentamicin (Hemofarm),"Gentamicin (as sulphate) 40mg/ml, (2ml) Vial or Ampoule I.V.,I.M.",أمبول,40mg,,علبة,أمبولة,10,0,10000,1000,10000,1
05-AC0-003,Gentamicin 80mg/2ml (Krka),"Gentamicin (as sulphate) 40mg/ml, (2ml) Vial or Ampoule I.V.,I.M.",أمبول,80mg,,علبة,أمبولة,10,0,13500,1350,13500,1
05-AC0-003,"Gentamicin sandoz 80 mg ( IM, IV ) (TAKEDAAUSTERIA GmbH)","Gentamicin (as sulphate) 40mg/ml, (2ml) Vial or Ampoule I.V.,I.M.",أمبول,80 mg,,علبة,أمبولة,50,0,46000,920,46000,1
05-AC0-003,Diakarmon (HELP),"Gentamicin (as sulphate) 40mg/ml, (2ml) Vial or Ampoule I.V.,I.M.",أمبول,40mg,,علبة,أمبولة,50,0,50000,1000,50000,1
05-AC0-005,ultragent 20mg/2ml (Hikma),"Gentamicin (as sulphate) 10mg/ml, (2ml Vial or Ampoule) I.M , I.V",أمبول,20mg,,علبة,أمبولة,1,0,1000,1000,1000,1
05-AC0-005,Piogent 20mg/2ml (Pioneer),"Gentamicin (as sulphate) 10mg/ml, (2ml Vial or Ampoule) I.M , I.V",أمبول,20mg,,علبة,أمبولة,5,0,2500,500,2500,1
05-AC0-005,Gentamicin inj. 10mg /ml (Alborz Darou),"Gentamicin (as sulphate) 10mg/ml, (2ml Vial or Ampoule) I.M , I.V",أمبول,10mg,,علبة,أمبولة,10,0,4500,450,4500,1
05-AC0-005,GENTASAN 20mg/2ml injection (Rasan),"Gentamicin (as sulphate) 10mg/ml, (2ml Vial or Ampoule) I.M , I.V",أمبول,20mg,,علبة,أمبولة,10,0,6500,650,6500,1
05-AD0-001,Unidox 100mg (UPM),Doxycyclin ( as hyclate )100 mg tablet or capsule,كبسول,100mg,,علبة,شريط,1,0,1750,1750,1750,1
05-AD0-001,Doxydar cap 100mg (DAD),Doxycyclin ( as hyclate )100 mg tablet or capsule,كبسول,100mg,,علبة,شريط,1,0,2500,2500,2500,1
05-AD0-001,Duradox 100mg cap (Julphar),Doxycyclin ( as hyclate )100 mg tablet or capsule,كبسول,100mg,,علبة,شريط,1,0,2750,2750,2750,1
05-AD0-001,doxydox 100mg H.G.cap (Eipico),Doxycyclin ( as hyclate )100 mg tablet or capsule,كبسول,100mg,,علبة,شريط,1,0,2750,2750,2750,1
05-AD0-001,monodoks 100mg cap (Deva holding),Doxycyclin ( as hyclate )100 mg tablet or capsule,حبوب,100mg,,علبة,شريط,2,0,3500,1750,3500,1
05-AD0-001,Tabocine 100mg cap (Tabuk pharma),Doxycyclin ( as hyclate )100 mg tablet or capsule,كبسول,100mg,,علبة,شريط,1,0,3750,3750,3750,1
05-AD0-001,Bidox 100mg cap (Ajanta),Doxycyclin ( as hyclate )100 mg tablet or capsule,كبسول,100mg,,علبة,شريط,10,0,5750,575,5750,1
05-AD0-001,Doxycycline G.L (G.L pharma),Doxycyclin ( as hyclate )100 mg tablet or capsule,حبوب,100 mg,,علبة,شريط,1,0,7000,7000,7000,1
05-AD0-001,Doxy-Denk 100 (Denk pharma),Doxycyclin ( as hyclate )100 mg tablet or capsule,حبوب,100 mg,,علبة,شريط,2,0,8250,4125,8250,1
05-AD0-001,Vibramycin 100mg (FAREVA AMBOISE),Doxycyclin ( as hyclate )100 mg tablet or capsule,حبوب,100mg,,علبة,شريط,1,0,11500,11500,11500,1
05-AD0-001,Medomycin 100 mg (Medochemie),Doxycyclin ( as hyclate )100 mg tablet or capsule,كبسول,100 mg,,علبة,شريط,50,0,57000,1140,57000,1
05-AD0-001,Unidox 100mg (UPM),Doxycyclin ( as hyclate )100 mg tablet or capsule,كبسول,100mg,,علبة,شريط,100,0,84000,840,84000,1
05-AD0-008,TIGILYN 50mg vial (Lyka Lab),Tigecycline 50 mg vial I.V. infusion,فيال,50mg,,علبة,فيال,1,0,14500,14500,14500,1
05-AD0-008,Tegecen 50 mg / vial (MS pharma),Tigecycline 50 mg vial I.V. infusion,فيال,50 mg,,علبة,فيال,1,0,20250,20250,20250,1
05-AD0-008,Tigecid 50mg lyophilized powder for solution for I.V. infusion (Centurion ilak),Tigecycline 50 mg vial I.V. infusion,فيال,50mg,,علبة,فيال,10,0,154000,15400,154000,1
05-AD0-008,Tygex (Vem ilac),Tigecycline 50 mg vial I.V. infusion,فيال,50 mg,,علبة,فيال,10,0,155000,15500,155000,1
05-AD0-008,Tigecycline accord 50mg (Intas pharmaceutical),Tigecycline 50 mg vial I.V. infusion,فيال,50mg,,علبة,فيال,10,0,218000,21800,218000,1
05-AD0-008,Tygacil 50 mg vial (Wyeth lederle),Tigecycline 50 mg vial I.V. infusion,فيال,50 mg,,علبة,فيال,10,0,546000,54600,546000,1
05-AF0-001,furaprim tab 480mg (AL-Furat),Co-trimoxazole 480mg Tablet,حبوب,480mg,,علبة,شريط,1,0,500,500,500,1
05-AF0-001,Safaprim (Safa Pharma),Co-trimoxazole 480mg Tablet,حبوب,480mg,,علبة,شريط,1,0,500,500,500,1
05-AF0-001,Metheprim tab 480mg (SDI),Co-trimoxazole 480mg Tablet,حبوب,480mg,,علبة,شريط,1,0,750,750,750,1
05-AF0-001,Dumethiprim 400mg tab (Dubi),Co-trimoxazole 480mg Tablet,حبوب,400mg,,علبة,شريط,1,0,750,750,750,1
05-AF0-001,Metheprim tab 480mg (SDI),Co-trimoxazole 480mg Tablet,حبوب,480mg,,علبة,شريط,2,0,1250,625,1250,1
05-AF0-001,Metheprim tab 480mg (SDI),Co-trimoxazole 480mg Tablet,حبوب,480mg,,علبة,شريط,2,0,1250,625,1250,1
05-AF0-001,Kindiprim 480mg tab (Al-Kindi co.),Co-trimoxazole 480mg Tablet,حبوب,480mg,,علبة,شريط,2,0,1250,625,1250,1
05-AF0-001,sulfatrime 480mg (Middle east),Co-trimoxazole 480mg Tablet,حبوب,480mg,,علبة,شريط,2,0,1250,625,1250,1
05-AF0-001,furaprim tab 480mg (AL-Furat),Co-trimoxazole 480mg Tablet,حبوب,480mg,,علبة,شريط,2,0,1500,750,1500,1
05-AF0-001,Safaprim (Safa Pharma),Co-trimoxazole 480mg Tablet,حبوب,480mg,,علبة,شريط,2,0,1500,750,1500,1
05-AF0-001,Piotrim 400/80mg (Pioneer),Co-trimoxazole 480mg Tablet,حبوب,80mg,,علبة,شريط,2,0,2750,1375,2750,1
05-AF0-001,trimethoprim- sulfamethoxazole (Dijla),Co-trimoxazole 480mg Tablet,حبوب,480mg,,علبة,شريط,10,0,3250,325,3250,1
05-AF0-001,furaprim tab 480mg (AL-Furat),Co-trimoxazole 480mg Tablet,حبوب,480mg,,علبة,شريط,10,0,4250,425,4250,1
05-AF0-001,Septrin 480mg (aspen),Co-trimoxazole 480mg Tablet,حبوب,480mg,,علبة,شريط,2,0,10250,5125,10250,1
05-AF0-001,SeptriCidal tablets (Al Mansour),Co-trimoxazole 480mg Tablet,حبوب,480mg,,علبة,شريط,50,0,21500,430,21500,1
05-AF0-001,Sulfatrime 480mg tab (Middle east),Co-trimoxazole 480mg Tablet,حبوب,480mg,,علبة,شريط,50,0,23750,475,23750,1
05-AF0-001,metheprim 480 tab (SDI),Co-trimoxazole 480mg Tablet,حبوب,480mg,,علبة,شريط,50,0,25000,500,25000,1
05-AF0-001,Dumethiprim 400mg tab (Dubi),Co-trimoxazole 480mg Tablet,حبوب,400mg,,علبة,شريط,50,0,25000,500,25000,1
05-AF0-001,CO-TRIMOXAZOLE 480mg (Wadi-Alrafidain),Co-trimoxazole 480mg Tablet,حبوب,480mg,,علبة,شريط,50,0,39000,780,39000,1
05-AF0-001,KINDIPRIM 480mg (Al-Kindi co.),Co-trimoxazole 480mg Tablet,حبوب,480mg,,علبة,شريط,48,0,44000,916.67,44000,1
05-AF0-001,Metheprim tab 480mg (SDI),Co-trimoxazole 480mg Tablet,حبوب,480mg,,علبة,شريط,320,0,135000,421.88,135000,1
05-AF0-001,adiprin pediatric susp (Arabic drug co.),Co-trimoxazole 480mg Tablet,حقن,480mg,,علبة,حقنة,1,0,1500,1500,1500,1
05-AF0-001,SeptriCidal Raspberry flavor (Al Mansour),Co-trimoxazole 480mg Tablet,حقن,480mg,,علبة,حقنة,1,0,1500,1500,1500,1
05-AF0-001,DADPRIM (Wadi-Alrafidain),Co-trimoxazole 480mg Tablet,حقن,480mg,,علبة,حقنة,1,0,1500,1500,1500,1
05-AF0-001,METHEPRIM pediatric Oral suspension (100ml) (SDI),Co-trimoxazole 480mg Tablet,حقن,100ml,,علبة,حقنة,1,0,1750,1750,1750,1
05-AF0-001,septricidal oral susp 100ml with raspberry flavor (Al Mansour),Co-trimoxazole 480mg Tablet,حقن,100ml,,علبة,حقنة,30,0,33000,1100,33000,1
05-AG0-005,Microflox 500 mg tab. (Micro Lab),Ciprofloxacin as hydrochloride or Ciprofloxacin as hydrochloride monohydrate 500mg Tablet,حبوب,500 mg,,علبة,شريط,1,0,1500,1500,1500,1
05-AG0-005,CIPRODAIN 500mg (Wadi-Alrafidain),Ciprofloxacin as hydrochloride or Ciprofloxacin as hydrochloride monohydrate 500mg Tablet,حبوب,500mg,,علبة,شريط,1,0,1500,1500,1500,1
05-AG0-005,tyflox 500mg tab (Ajanta),Ciprofloxacin as hydrochloride or Ciprofloxacin as hydrochloride monohydrate 500mg Tablet,حبوب,500mg,,علبة,شريط,1,0,2000,2000,2000,1
05-AG0-005,ciprofloxacin 500mg (al jazeera),Ciprofloxacin as hydrochloride or Ciprofloxacin as hydrochloride monohydrate 500mg Tablet,حبوب,500mg,,علبة,شريط,1,0,2000,2000,2000,1
05-AG0-005,ciprox 500mg (Al-Furat.),Ciprofloxacin as hydrochloride or Ciprofloxacin as hydrochloride monohydrate 500mg Tablet,حبوب,500mg,,علبة,شريط,1,0,2000,2000,2000,1
05-AG0-005,Ciprosam 500mg TAB. (SDI),Ciprofloxacin as hydrochloride or Ciprofloxacin as hydrochloride monohydrate 500mg Tablet,حبوب,500mg,,علبة,شريط,1,0,2000,2000,2000,1
05-AG0-005,floroxin 500mg f.c.t (UPM),Ciprofloxacin as hydrochloride or Ciprofloxacin as hydrochloride monohydrate 500mg Tablet,حبوب,500mg,,علبة,شريط,1,0,3000,3000,3000,1
05-AG0-005,Ciprofloxacin 500mg tab (Medrich plc),Ciprofloxacin as hydrochloride or Ciprofloxacin as hydrochloride monohydrate 500mg Tablet,حبوب,500mg,,علبة,شريط,1,0,3000,3000,3000,1
05-AG0-005,Quinospan (Cyptopharma),Ciprofloxacin as hydrochloride or Ciprofloxacin as hydrochloride monohydrate 500mg Tablet,حبوب,500mg,,علبة,شريط,1,0,3000,3000,3000,1
05-AG0-005,Rancif 500 mg tab. (Sun pharma),Ciprofloxacin as hydrochloride or Ciprofloxacin as hydrochloride monohydrate 500mg Tablet,حبوب,500 mg,,علبة,شريط,1,0,3000,3000,3000,1
05-AG0-005,ciflox 500mg f.c.t (KSP( Kuwait Saudi pharamaceutical)),Ciprofloxacin as hydrochloride or Ciprofloxacin as hydrochloride monohydrate 500mg Tablet,حبوب,500mg,,علبة,شريط,1,0,3000,3000,3000,1
05-AG0-005,ciprosaf 500mg tablet (Safa Pharma),Ciprofloxacin as hydrochloride or Ciprofloxacin as hydrochloride monohydrate 500mg Tablet,حبوب,500mg,,علبة,شريط,1,0,3000,3000,3000,1
05-AG0-005,CiproCid Film Coated Tablets (Al Mansour),Ciprofloxacin as hydrochloride or Ciprofloxacin as hydrochloride monohydrate 500mg Tablet,حبوب,500mg,,علبة,شريط,1,0,3000,3000,3000,1
05-AG0-005,ciproquin 500mg f.c.tab (Hayat pharma.Ind.Co),Ciprofloxacin as hydrochloride or Ciprofloxacin as hydrochloride monohydrate 500mg Tablet,حبوب,500mg,,علبة,شريط,1,0,3500,3500,3500,1
05-AG0-005,cipro 500mg tab (Joswe),Ciprofloxacin as hydrochloride or Ciprofloxacin as hydrochloride monohydrate 500mg Tablet,حبوب,500mg,,علبة,شريط,1,0,3500,3500,3500,1
05-AG0-005,Ciflosin 500mg FC tab (Deva holding),Ciprofloxacin as hydrochloride or Ciprofloxacin as hydrochloride monohydrate 500mg Tablet,حبوب,500mg,,علبة,شريط,1,0,3500,3500,3500,1
05-AG0-005,Ciprolon 500mg F.C.T (Hikma),Ciprofloxacin as hydrochloride or Ciprofloxacin as hydrochloride monohydrate 500mg Tablet,حبوب,500mg,,علبة,شريط,1,0,3500,3500,3500,1
05-AG0-005,Quinox 500mg (Tabuk pharma),Ciprofloxacin as hydrochloride or Ciprofloxacin as hydrochloride monohydrate 500mg Tablet,حبوب,500mg,,علبة,شريط,1,0,3500,3500,3500,1
05-AG0-005,Cipronatin (Atabay),Ciprofloxacin as hydrochloride or Ciprofloxacin as hydrochloride monohydrate 500mg Tablet,حبوب,500mg,,علبة,شريط,2,0,3500,1750,3500,1
05-AG0-005,Cipropharm 500mg tab (Pharma international),Ciprofloxacin as hydrochloride or Ciprofloxacin as hydrochloride monohydrate 500mg Tablet,حبوب,500mg,,علبة,شريط,1,0,3500,3500,3500,1
05-AG0-005,Neocipro (Neopharma),Ciprofloxacin as hydrochloride or Ciprofloxacin as hydrochloride monohydrate 500mg Tablet,حبوب,500mg,,علبة,شريط,1,0,3500,3500,3500,1
05-AG0-005,Ciprodar 500 mg tab (DAD),Ciprofloxacin as hydrochloride or Ciprofloxacin as hydrochloride monohydrate 500mg Tablet,حبوب,500 mg,,علبة,شريط,1,0,3500,3500,3500,1
05-AG0-005,Sarf 500mg (Julphar),Ciprofloxacin as hydrochloride or Ciprofloxacin as hydrochloride monohydrate 500mg Tablet,حبوب,500mg,,علبة,شريط,1,0,3500,3500,3500,1
05-AG0-005,Ciprofloxacin (Accord),Ciprofloxacin as hydrochloride or Ciprofloxacin as hydrochloride monohydrate 500mg Tablet,حبوب,500mg,,علبة,شريط,1,0,3750,3750,3750,1
05-AG0-005,CIPRONEER 500mg (Pioneer),Ciprofloxacin as hydrochloride or Ciprofloxacin as hydrochloride monohydrate 500mg Tablet,حبوب,500mg,,علبة,شريط,1,0,3750,3750,3750,1
05-AG0-005,cipro quin Atb (Antibiotic S.A),Ciprofloxacin as hydrochloride or Ciprofloxacin as hydrochloride monohydrate 500mg Tablet,حبوب,500mg,,علبة,شريط,1,0,4000,4000,4000,1
05-AG0-005,bactall 500mg f.c.t (The Jordanian pharmaceutical),Ciprofloxacin as hydrochloride or Ciprofloxacin as hydrochloride monohydrate 500mg Tablet,حبوب,500mg,,علبة,شريط,1,0,4000,4000,4000,1
05-AG0-005,CIPRASID 500 f.c.tab (Recordati),Ciprofloxacin as hydrochloride or Ciprofloxacin as hydrochloride monohydrate 500mg Tablet,حبوب,500mg,,علبة,شريط,2,0,4000,2000,4000,1
05-AG0-005,cifoksin 500mg f.c.t (Biofarma ilac),Ciprofloxacin as hydrochloride or Ciprofloxacin as hydrochloride monohydrate 500mg Tablet,حبوب,500mg,,علبة,شريط,2,0,4000,2000,4000,1
05-AG0-005,Ladinin 500mg tab (Pharmathen),Ciprofloxacin as hydrochloride or Ciprofloxacin as hydrochloride monohydrate 500mg Tablet,حبوب,500mg,,علبة,شريط,1,0,4500,4500,4500,1
05-AG0-005,siprosan 500mg (Drogsan),Ciprofloxacin as hydrochloride or Ciprofloxacin as hydrochloride monohydrate 500mg Tablet,حبوب,500mg,,علبة,شريط,2,0,4750,2375,4750,1
05-AG0-005,cipro 500mg tab (Joswe),Ciprofloxacin as hydrochloride or Ciprofloxacin as hydrochloride monohydrate 500mg Tablet,حبوب,500mg,,علبة,شريط,2,0,5000,2500,5000,1
05-AG0-005,Zindolin 500mg tab (Remedica ltd),Ciprofloxacin as hydrochloride or Ciprofloxacin as hydrochloride monohydrate 500mg Tablet,حبوب,500mg,,علبة,شريط,1,0,5250,5250,5250,1
05-AG0-005,ciprofloxacin GP f.c. tab (Farmalabor),Ciprofloxacin as hydrochloride or Ciprofloxacin as hydrochloride monohydrate 500mg Tablet,حبوب,500mg,,علبة,شريط,2,0,5500,2750,5500,1
05-AG0-005,Cipro-Denk 500 fct (Denk pharma),Ciprofloxacin as hydrochloride or Ciprofloxacin as hydrochloride monohydrate 500mg Tablet,حبوب,500mg,,علبة,شريط,1,0,6000,6000,6000,1
05-AG0-005,Estecina 500 mg F.C.T (Normon),Ciprofloxacin as hydrochloride or Ciprofloxacin as hydrochloride monohydrate 500mg Tablet,حبوب,500 mg,,علبة,شريط,1,0,6000,6000,6000,1
05-AG0-005,Bactiflox Neo 500 mg Film Coated Tablet (Acino pharma AG),Ciprofloxacin as hydrochloride or Ciprofloxacin as hydrochloride monohydrate 500mg Tablet,حبوب,500 mg,,علبة,شريط,1,0,13750,13750,13750,1
05-AG0-005,ciprorec tab. 500mg (Sama Al Fayhaa),Ciprofloxacin as hydrochloride or Ciprofloxacin as hydrochloride monohydrate 500mg Tablet,حبوب,500mg,,علبة,شريط,50,0,68000,1360,68000,1
05-AG0-037,erythromycin MDI 250mg/5ml powder for oral,Erythromycin (as ethyl succinate) 250mg/5ml Suspension,حقن,250mg,,علبة,حقنة,1,0,2500,2500,2500,1
05-AG0-037,Ritrom 250mg (Pioneer),Erythromycin (as ethyl succinate) 250mg/5ml Suspension,حقن,250mg,,علبة,حقنة,1,0,3000,3000,3000,1
05-AG0-037,Erythrodain 250mg/5ml susp (WadiAlrafidain),Erythromycin (as ethyl succinate) 250mg/5ml Suspension,حقن,250mg,,علبة,حقنة,1,0,3000,3000,3000,1
05-AG0-059,afapenem 1gm vial (Afachemi),"Meropenem (as trihydrate) 1gm Vial I.V , I.V infusion",فيال,1gm,,علبة,فيال,1,0,5750,5750,5750,1
05-AG0-059,Maxipen 1000mg IV (Menarini),"Meropenem (as trihydrate) 1gm Vial I.V , I.V infusion",فيال,1000mg,,علبة,فيال,1,0,9250,9250,9250,1
05-AG0-059,merogram 1000mg vial (Eugia pharma),"Meropenem (as trihydrate) 1gm Vial I.V , I.V infusion",فيال,1000mg,,علبة,فيال,1,0,13250,13250,13250,1
05-AG0-059,PIOPENEM 1000mg (Pioneer),"Meropenem (as trihydrate) 1gm Vial I.V , I.V infusion",فيال,1000mg,,علبة,فيال,1,0,13750,13750,13750,1
05-AG0-059,Aropem 1gm IV inf (Arwan),"Meropenem (as trihydrate) 1gm Vial I.V , I.V infusion",فيال,1gm,,علبة,فيال,1,0,15250,15250,15250,1
05-AG0-059,"miran 1gm inj i.v. (facta farmaceutici SPA,teramo)","Meropenem (as trihydrate) 1gm Vial I.V , I.V infusion",فيال,1gm,,علبة,فيال,1,0,15250,15250,15250,1
05-AG0-059,merovia 1gm PD.I.S.INF. (Remedina),"Meropenem (as trihydrate) 1gm Vial I.V , I.V infusion",فيال,1gm,,علبة,فيال,1,0,16500,16500,16500,1
05-AG0-059,mepenex 1gm vial (Vianex),"Meropenem (as trihydrate) 1gm Vial I.V , I.V infusion",فيال,1gm,,علبة,فيال,1,0,16500,16500,16500,1
05-AG0-059,meropenem panphrma 1g vial (ACS dopfar),"Meropenem (as trihydrate) 1gm Vial I.V , I.V infusion",فيال,1g,,علبة,فيال,1,0,17750,17750,17750,1
05-AG0-059,Meropenem/anfarm powder,"Meropenem (as trihydrate) 1gm Vial I.V , I.V infusion",فيال,1gm,,علبة,فيال,1,0,18250,18250,18250,1
05-AG0-059,metorya 1g inj i.v (Remedina),"Meropenem (as trihydrate) 1gm Vial I.V , I.V infusion",فيال,1g,,علبة,فيال,1,0,18250,18250,18250,1
05-AG0-059,merosid 1000mg i.v powder (Kocak farma ilac),"Meropenem (as trihydrate) 1gm Vial I.V , I.V infusion",فيال,1000mg,,علبة,فيال,1,0,21500,21500,21500,1
05-AG0-059,nbaxo 1000mg i.v vial (Demo S.A),"Meropenem (as trihydrate) 1gm Vial I.V , I.V infusion",فيال,1000mg,,علبة,فيال,1,0,22000,22000,22000,1
05-AG0-059,meperya powder for inj. (Pharmathen),"Meropenem (as trihydrate) 1gm Vial I.V , I.V infusion",فيال,1gm,,علبة,فيال,1,0,22250,22250,22250,1
05-AG0-059,Ropenem 1000mg vial (Benta),"Meropenem (as trihydrate) 1gm Vial I.V , I.V infusion",فيال,1000mg,,علبة,فيال,1,0,22500,22500,22500,1
05-AG0-059,Ronem 1000 mg vial I.V (Venus Remedies ltd),"Meropenem (as trihydrate) 1gm Vial I.V , I.V infusion",فيال,1000 mg,,علبة,فيال,10,0,82000,8200,82000,1
05-AG0-059,Archifar 1gm powder for injection (Medochemie),"Meropenem (as trihydrate) 1gm Vial I.V , I.V infusion",فيال,1gm,,علبة,فيال,10,0,100000,10000,100000,1
05-AG0-059,meropa 1000mg inj or inf (ACS dobfar S.P.A. teramo),"Meropenem (as trihydrate) 1gm Vial I.V , I.V infusion",فيال,1000mg,,علبة,فيال,10,0,125000,12500,125000,1
05-AG0-059,MEROVAN IV 1G (ASC Dobfar),"Meropenem (as trihydrate) 1gm Vial I.V , I.V infusion",فيال,1G,,علبة,فيال,10,0,135000,13500,135000,1
05-AG0-059,Meropenem LDP Torlan 1g (ACS dobfar),"Meropenem (as trihydrate) 1gm Vial I.V , I.V infusion",فيال,1g,,علبة,فيال,10,0,138000,13800,138000,1
05-AG0-059,Meropenem Anfarm 1gm I.V. vial (Anfarm Hellas),"Meropenem (as trihydrate) 1gm Vial I.V , I.V infusion",فيال,1gm,,علبة,فيال,10,0,138000,13800,138000,1
05-AG0-059,"MeroLab I.V. 1 g , powder for injection or infusion (ACS Dobfar S.P.A, Italy)","Meropenem (as trihydrate) 1gm Vial I.V , I.V infusion",فيال,1 g,,علبة,فيال,10,0,138000,13800,138000,1
05-AG0-059,Meropenem Kabi 1 gm vial (ACS Dobfar),"Meropenem (as trihydrate) 1gm Vial I.V , I.V infusion",فيال,1 gm,,علبة,فيال,10,0,138000,13800,138000,1
05-AG0-059,Meronem 1gm IV inj. (ITALY),"Meropenem (as trihydrate) 1gm Vial I.V , I.V infusion",فيال,1gm,,علبة,فيال,10,0,231000,23100,231000,1
05-AG0-015,afapenem 500mg vial (Afachemi),"Meropenem (as trihydrate or anhydrous) 500mg I.V.,I.V Infusion Vial",فيال,500mg,,علبة,فيال,1,0,4500,4500,4500,1
05-AG0-015,metorya 500mg inj i.v (Remedina),"Meropenem (as trihydrate or anhydrous) 500mg I.V.,I.V Infusion Vial",فيال,500mg,,علبة,فيال,1,0,8500,8500,8500,1
05-AG0-015,PIOPENEM 500mg (Pioneer),"Meropenem (as trihydrate or anhydrous) 500mg I.V.,I.V Infusion Vial",فيال,500mg,,علبة,فيال,1,0,10250,10250,10250,1
05-AG0-015,Merogram 500mg vial (Auronext pharma),"Meropenem (as trihydrate or anhydrous) 500mg I.V.,I.V Infusion Vial",فيال,500mg,,علبة,فيال,1,0,10500,10500,10500,1
05-AG0-015,mepenex 500mg powder for solu. For inj (Vianex),"Meropenem (as trihydrate or anhydrous) 500mg I.V.,I.V Infusion Vial",فيال,500mg,,علبة,فيال,1,0,11500,11500,11500,1
05-AG0-015,archifar 500mg vial (Medochemie),"Meropenem (as trihydrate or anhydrous) 500mg I.V.,I.V Infusion Vial",فيال,500mg,,علبة,فيال,1,0,13250,13250,13250,1
05-AG0-015,Miran 0.5gm inj (Antibioticos DO Brasil Ltd),"Meropenem (as trihydrate or anhydrous) 500mg I.V.,I.V Infusion Vial",فيال,0.5gm,,علبة,فيال,1,0,13500,13500,13500,1
05-AG0-015,Meropenem /anfarm 500mg,"Meropenem (as trihydrate or anhydrous) 500mg I.V.,I.V Infusion Vial",فيال,500mg,,علبة,فيال,1,0,13750,13750,13750,1
05-AG0-015,meperya powder for inj. (Demo SA pharmaceutical),"Meropenem (as trihydrate or anhydrous) 500mg I.V.,I.V Infusion Vial",فيال,500mg,,علبة,فيال,1,0,14000,14000,14000,1
05-AG0-015,Merosid 500mg I.V powder for solution for injection (Kocak farma ilac),"Meropenem (as trihydrate or anhydrous) 500mg I.V.,I.V Infusion Vial",فيال,500mg,,علبة,فيال,1,0,14000,14000,14000,1
05-AG0-015,nbaxo 500mg i.v vial (Demo S.A),"Meropenem (as trihydrate or anhydrous) 500mg I.V.,I.V Infusion Vial",فيال,500mg,,علبة,فيال,1,0,15250,15250,15250,1
05-AG0-015,meropa 500mg inj or inf (ACS dobfar S.P.A. teramo),"Meropenem (as trihydrate or anhydrous) 500mg I.V.,I.V Infusion Vial",فيال,500mg,,علبة,فيال,10,0,82000,8200,82000,1
05-AG0-015,archifar 500mg vial (Medochemie),"Meropenem (as trihydrate or anhydrous) 500mg I.V.,I.V Infusion Vial",فيال,500mg,,علبة,فيال,10,0,100000,10000,100000,1
05-AG0-015,Meropenem anfarm 500mg,"Meropenem (as trihydrate or anhydrous) 500mg I.V.,I.V Infusion Vial",فيال,500mg,,علبة,فيال,10,0,101000,10100,101000,1
05-AG0-015,merolab 500mg i.v powder sol. For inj. (ASC Dofar),"Meropenem (as trihydrate or anhydrous) 500mg I.V.,I.V Infusion Vial",فيال,500mg,,علبة,فيال,10,0,104000,10400,104000,1
05-AG0-015,Meropenem LDP Torlan 500 (ACS dobfar),"Meropenem (as trihydrate or anhydrous) 500mg I.V.,I.V Infusion Vial",فيال,500mg,,علبة,فيال,10,0,104000,10400,104000,1
05-AG0-015,Meropenem Kabi 500mg powder for solution for (ACS Dobfar),"Meropenem (as trihydrate or anhydrous) 500mg I.V.,I.V Infusion Vial",فيال,500mg,,علبة,فيال,10,0,104000,10400,104000,1
05-AG0-015,MERONEM 0.5 gm IV vial (ITALY),"Meropenem (as trihydrate or anhydrous) 500mg I.V.,I.V Infusion Vial",فيال,0.5 gm,,علبة,فيال,10,0,173000,17300,173000,1
05-AG0-049,Azithrosam 500tab (SDI),Azithromycin (as dihydrate)or (as monohydrate)eq. To anhydrous Azithromycin 500mg base capsule or tablet,حبوب,500mg,,علبة,شريط,1,0,2000,2000,2000,1
05-AG0-049,Zithrocin 500 mg tablet (Unique),Azithromycin (as dihydrate)or (as monohydrate)eq. To anhydrous Azithromycin 500mg base capsule or tablet,حبوب,500 mg,,علبة,شريط,1,0,2250,2250,2250,1
05-AG0-049,zithro 500mg cap (Europa biocare),Azithromycin (as dihydrate)or (as monohydrate)eq. To anhydrous Azithromycin 500mg base capsule or tablet,كبسول,500mg,,علبة,شريط,1,0,2250,2250,2250,1
05-AG0-049,Azilide 500 tab. (Micro Lab),Azithromycin (as dihydrate)or (as monohydrate)eq. To anhydrous Azithromycin 500mg base capsule or tablet,حبوب,500mg,,علبة,شريط,1,0,2500,2500,2500,1
05-AG0-049,ALZYL 500mg tab (Aurobindo),Azithromycin (as dihydrate)or (as monohydrate)eq. To anhydrous Azithromycin 500mg base capsule or tablet,حبوب,500mg,,علبة,شريط,1,0,2500,2500,2500,1
05-AG0-049,yenizethro 500mg tab (Yeni pharma Tibbi),Azithromycin (as dihydrate)or (as monohydrate)eq. To anhydrous Azithromycin 500mg base capsule or tablet,حبوب,500mg,,علبة,شريط,1,0,3000,3000,3000,1
05-AG0-049,AZITHRO KINDIN 500mg (AL kindi),Azithromycin (as dihydrate)or (as monohydrate)eq. To anhydrous Azithromycin 500mg base capsule or tablet,حبوب,500mg,,علبة,شريط,1,0,3000,3000,3000,1
05-AG0-049,Zithruk tab 500mg (Urok),Azithromycin (as dihydrate)or (as monohydrate)eq. To anhydrous Azithromycin 500mg base capsule or tablet,حبوب,500mg,,علبة,شريط,1,0,3000,3000,3000,1
05-AG0-049,ZITRA 500mg (Aswar AL Khaleej),Azithromycin (as dihydrate)or (as monohydrate)eq. To anhydrous Azithromycin 500mg base capsule or tablet,حبوب,500mg,,علبة,شريط,3,0,3000,1000,3000,1
05-AG0-049,Xenocin 500mg (al jazeera),Azithromycin (as dihydrate)or (as monohydrate)eq. To anhydrous Azithromycin 500mg base capsule or tablet,حبوب,500mg,,علبة,شريط,1,0,3000,3000,3000,1
05-AG0-049,zithrodad 500mg tab (Wadi-Alrafidain),Azithromycin (as dihydrate)or (as monohydrate)eq. To anhydrous Azithromycin 500mg base capsule or tablet,حبوب,500mg,,علبة,شريط,1,0,3000,3000,3000,1
05-AG0-049,AzoTic-500 Film Coated Tablets (Al Mansour),Azithromycin (as dihydrate)or (as monohydrate)eq. To anhydrous Azithromycin 500mg base capsule or tablet,حبوب,500mg,,علبة,شريط,1,0,3000,3000,3000,1
05-AG0-049,epizithro 500mg hard gelatin cap (Eipico),Azithromycin (as dihydrate)or (as monohydrate)eq. To anhydrous Azithromycin 500mg base capsule or tablet,كبسول,500mg,,علبة,شريط,1,0,3250,3250,3250,1
05-AG0-049,delzosin 500mg tablet (El Deltafor pharmaceutica),Azithromycin (as dihydrate)or (as monohydrate)eq. To anhydrous Azithromycin 500mg base capsule or tablet,حبوب,500mg,,علبة,شريط,1,0,3250,3250,3250,1
05-AG0-049,ZITHRO-ONCE 500mg (Sama al fayhaa),Azithromycin (as dihydrate)or (as monohydrate)eq. To anhydrous Azithromycin 500mg base capsule or tablet,حبوب,500mg,,علبة,شريط,1,0,3250,3250,3250,1
05-AG0-049,AZITHROMYCIN-MDI 500mg,Azithromycin (as dihydrate)or (as monohydrate)eq. To anhydrous Azithromycin 500mg base capsule or tablet,كبسول,500mg,,علبة,شريط,1,0,3250,3250,3250,1
05-AG0-049,Ramezithro500 mg film coated tablet (Remeda),Azithromycin (as dihydrate)or (as monohydrate)eq. To anhydrous Azithromycin 500mg base capsule or tablet,حبوب,500 mg,,علبة,شريط,1,0,3500,3500,3500,1
05-AG0-049,Infectomycin (Sun pharma),Azithromycin (as dihydrate)or (as monohydrate)eq. To anhydrous Azithromycin 500mg base capsule or tablet,حبوب,500mg,,علبة,شريط,1,0,3500,3500,3500,1
05-AG0-049,Zithotrac (Gypto pharma),Azithromycin (as dihydrate)or (as monohydrate)eq. To anhydrous Azithromycin 500mg base capsule or tablet,حبوب,500mg,,علبة,شريط,1,0,3500,3500,3500,1
05-AG0-049,AZITHROMYCIN 500 (Al Furat),Azithromycin (as dihydrate)or (as monohydrate)eq. To anhydrous Azithromycin 500mg base capsule or tablet,حبوب,500mg,,علبة,شريط,1,0,3500,3500,3500,1
05-AG0-049,Awazitro 500mg (Awamedica),Azithromycin (as dihydrate)or (as monohydrate)eq. To anhydrous Azithromycin 500mg base capsule or tablet,حبوب,500mg,,علبة,شريط,1,0,3500,3500,3500,1
05-AG0-049,Azitro 500 mg (Deva Istanbul),Azithromycin (as dihydrate)or (as monohydrate)eq. To anhydrous Azithromycin 500mg base capsule or tablet,حبوب,500 mg,,علبة,شريط,1,0,3750,3750,3750,1
05-AG0-049,Zithroriv (Rameda),Azithromycin (as dihydrate)or (as monohydrate)eq. To anhydrous Azithromycin 500mg base capsule or tablet,كبسول,500mg,,علبة,شريط,1,0,3750,3750,3750,1
05-AG0-049,Ziromin (World medicine),Azithromycin (as dihydrate)or (as monohydrate)eq. To anhydrous Azithromycin 500mg base capsule or tablet,حبوب,500mg,,علبة,شريط,1,0,3750,3750,3750,1
05-AG0-049,ZITRONEER 500mg (Pioneer),Azithromycin (as dihydrate)or (as monohydrate)eq. To anhydrous Azithromycin 500mg base capsule or tablet,حبوب,500mg,,علبة,شريط,3,0,4000,1333.33,4000,1
05-AG0-049,Azox 500mg F.C.T (Jpm),Azithromycin (as dihydrate)or (as monohydrate)eq. To anhydrous Azithromycin 500mg base capsule or tablet,حبوب,500mg,,علبة,شريط,1,0,4250,4250,4250,1
05-AG0-049,adamaks 500mg (World medicine ilac),Azithromycin (as dihydrate)or (as monohydrate)eq. To anhydrous Azithromycin 500mg base capsule or tablet,حبوب,500mg,,علبة,شريط,1,0,4250,4250,4250,1
05-AG0-049,azexyl 500mg tab (Laboratories Sothema),Azithromycin (as dihydrate)or (as monohydrate)eq. To anhydrous Azithromycin 500mg base capsule or tablet,حبوب,500mg,,علبة,شريط,1,0,4500,4500,4500,1
05-AG0-049,zithrovan 500mg tab (Psychotropics),Azithromycin (as dihydrate)or (as monohydrate)eq. To anhydrous Azithromycin 500mg base capsule or tablet,حبوب,500mg,,علبة,شريط,1,0,4500,4500,4500,1
05-AG0-049,Azitromicina atral 500mg coated tablet (Labrotories Atral),Azithromycin (as dihydrate)or (as monohydrate)eq. To anhydrous Azithromycin 500mg base capsule or tablet,حبوب,500mg,,علبة,شريط,1,0,4750,4750,4750,1
05-AG0-049,azimac 500mg f.c tab (Riyadhpharma),Azithromycin (as dihydrate)or (as monohydrate)eq. To anhydrous Azithromycin 500mg base capsule or tablet,حبوب,500mg,,علبة,شريط,1,0,5000,5000,5000,1
05-AG0-049,azi-once forte 500mg (Jamjoom),Azithromycin (as dihydrate)or (as monohydrate)eq. To anhydrous Azithromycin 500mg base capsule or tablet,حبوب,500mg,,علبة,شريط,1,0,5000,5000,5000,1
05-AG0-049,Zeeto 500mg f.c.tab (Itqan),Azithromycin (as dihydrate)or (as monohydrate)eq. To anhydrous Azithromycin 500mg base capsule or tablet,حبوب,500mg,,علبة,شريط,1,0,5000,5000,5000,1
05-AG0-049,Azicure 500mg F.C.Tablet (UPM),Azithromycin (as dihydrate)or (as monohydrate)eq. To anhydrous Azithromycin 500mg base capsule or tablet,حبوب,500mg,,علبة,شريط,1,0,5000,5000,5000,1
05-AG0-049,azycyna 500mg f.c.tab (Adamed),Azithromycin (as dihydrate)or (as monohydrate)eq. To anhydrous Azithromycin 500mg base capsule or tablet,حبوب,500mg,,علبة,شريط,1,0,5500,5500,5500,1
05-AG0-049,zomisal 500mg f.c. tab (Blue pharmaIndustria),Azithromycin (as dihydrate)or (as monohydrate)eq. To anhydrous Azithromycin 500mg base capsule or tablet,حبوب,500mg,,علبة,شريط,1,0,5500,5500,5500,1
05-AG0-049,bezanin 500mg tab (Lasis pharma),Azithromycin (as dihydrate)or (as monohydrate)eq. To anhydrous Azithromycin 500mg base capsule or tablet,حبوب,500mg,,علبة,شريط,1,0,5750,5750,5750,1
05-AG0-049,Trozamil 500mg tab (Special product line),Azithromycin (as dihydrate)or (as monohydrate)eq. To anhydrous Azithromycin 500mg base capsule or tablet,حبوب,500mg,,علبة,شريط,1,0,6500,6500,6500,1
05-AG0-049,Azitromicina Azevedos 500mg fct,Azithromycin (as dihydrate)or (as monohydrate)eq. To anhydrous Azithromycin 500mg base capsule or tablet,حبوب,500mg,,علبة,شريط,1,0,6500,6500,6500,1
05-AG0-049,Zaraxin 500 mg Film Coated Table (Blue pharma),Azithromycin (as dihydrate)or (as monohydrate)eq. To anhydrous Azithromycin 500mg base capsule or tablet,حبوب,500 mg,,علبة,شريط,1,0,6750,6750,6750,1
05-AG0-049,Azikern (Kern pharma),Azithromycin (as dihydrate)or (as monohydrate)eq. To anhydrous Azithromycin 500mg base capsule or tablet,حبوب,500mg,,علبة,شريط,1,0,6750,6750,6750,1
05-AG0-049,azithro-Denk 500 (Denk pharma),Azithromycin (as dihydrate)or (as monohydrate)eq. To anhydrous Azithromycin 500mg base capsule or tablet,حبوب,500mg,,علبة,شريط,1,0,7500,7500,7500,1
05-AG0-049,azithromycin normon 500mg f.c.tab (Lab Normon),Azithromycin (as dihydrate)or (as monohydrate)eq. To anhydrous Azithromycin 500mg base capsule or tablet,حبوب,500mg,,علبة,شريط,1,0,7500,7500,7500,1
05-AG0-049,zithromax 500mg tab (Haupt),Azithromycin (as dihydrate)or (as monohydrate)eq. To anhydrous Azithromycin 500mg base capsule or tablet,حبوب,500mg,,علبة,شريط,1,0,9250,9250,9250,1
05-AG0-049,Azabact 500mg tab (Globela),Azithromycin (as dihydrate)or (as monohydrate)eq. To anhydrous Azithromycin 500mg base capsule or tablet,حبوب,500mg,,علبة,شريط,10,0,14000,1400,14000,1
05-AG0-049,azithromycin 500 mgtab (Al Furat),Azithromycin (as dihydrate)or (as monohydrate)eq. To anhydrous Azithromycin 500mg base capsule or tablet,حبوب,500 mg,,علبة,شريط,10,0,40000,4000,40000,1
05-AG0-049,azithrosam 500 (SDI),Azithromycin (as dihydrate)or (as monohydrate)eq. To anhydrous Azithromycin 500mg base capsule or tablet,حبوب,500mg,,علبة,شريط,390,0,509000,1305.13,509000,1
05-AG0-049,vancoject 1000mg (Afachemi),Azithromycin (as dihydrate)or (as monohydrate)eq. To anhydrous Azithromycin 500mg base capsule or tablet,فيال,1000mg,,علبة,فيال,1,0,5750,5750,5750,1
05-AG0-049,vanconex-CP (Venus),Azithromycin (as dihydrate)or (as monohydrate)eq. To anhydrous Azithromycin 500mg base capsule or tablet,فيال,500mg,,علبة,فيال,1,0,8000,8000,8000,1
05-AG0-049,vankopol 1000mg lyophilized powder for preparation solution for IV infusion (AROMA ilac),Azithromycin (as dihydrate)or (as monohydrate)eq. To anhydrous Azithromycin 500mg base capsule or tablet,فيال,1000mg,,علبة,فيال,1,0,8750,8750,8750,1
05-AG0-049,VANCO 1000 mg powder for solution for infusion (Hikma),Azithromycin (as dihydrate)or (as monohydrate)eq. To anhydrous Azithromycin 500mg base capsule or tablet,فيال,1000 mg,,علبة,فيال,1,0,9750,9750,9750,1
05-AG0-049,eurovanc 1000mg inj (Europa biocare),Azithromycin (as dihydrate)or (as monohydrate)eq. To anhydrous Azithromycin 500mg base capsule or tablet,فيال,1000mg,,علبة,فيال,1,0,11000,11000,11000,1
05-AG0-049,VOXIN powder for solution for infusion vial for (Vianex),Azithromycin (as dihydrate)or (as monohydrate)eq. To anhydrous Azithromycin 500mg base capsule or tablet,فيال,500mg,,علبة,فيال,1,0,13000,13000,13000,1
05-AG0-049,Vancomicina/Vancomycine Reig jofre 1gm vial (Lab Reig Jofre),Azithromycin (as dihydrate)or (as monohydrate)eq. To anhydrous Azithromycin 500mg base capsule or tablet,فيال,1gm,,علبة,فيال,1,0,14000,14000,14000,1
05-AG0-049,zermacin 1 gm vial sterile lyphilized (Arwan),Azithromycin (as dihydrate)or (as monohydrate)eq. To anhydrous Azithromycin 500mg base capsule or tablet,فيال,1 gm,,علبة,فيال,1,0,14500,14500,14500,1
05-AG0-049,vancomycin 1000mg powder for solu. (Xellia pharma),Azithromycin (as dihydrate)or (as monohydrate)eq. To anhydrous Azithromycin 500mg base capsule or tablet,فيال,1000mg,,علبة,فيال,10,0,84000,8400,84000,1
05-AG0-049,Vancolab 1 gm vial (Hikma Italia spa),Azithromycin (as dihydrate)or (as monohydrate)eq. To anhydrous Azithromycin 500mg base capsule or tablet,فيال,1 gm,,علبة,فيال,10,0,135000,13500,135000,1
05-AG0-025,clindamycin phosphste amp (Alborz Darou),"Clindamycin (as phosphate) 150mg/ml, (2ml) Ampoule I.V.,I.M",أمبول,150mg,,علبة,أمبولة,1,0,1250,1250,1250,1
05-AG0-025,clinceen 300mg/2ml (MS pharma),"Clindamycin (as phosphate) 150mg/ml, (2ml) Ampoule I.V.,I.M",فيال,300mg,,علبة,فيال,1,0,3750,3750,3750,1
05-AG0-025,clindamycin phosphste amp (Alborz Darou),"Clindamycin (as phosphate) 150mg/ml, (2ml) Ampoule I.V.,I.M",أمبول,150mg,,علبة,أمبولة,5,0,12000,2400,12000,1
05-AG0-025,Clindamycin-hameln inj. (Hamlen),"Clindamycin (as phosphate) 150mg/ml, (2ml) Ampoule I.V.,I.M",أمبول,150mg,,علبة,أمبولة,10,0,35500,3550,35500,1
05-AG0-025,Clindamycin 300mg/2ml (lek),"Clindamycin (as phosphate) 150mg/ml, (2ml) Ampoule I.V.,I.M",أمبول,300mg,,علبة,أمبولة,10,0,37000,3700,37000,1
05-AG0-051,ciprofloxacin inj. 200mg/100ml (Cisen Pharma Co),Ciprofloxacin 2mg/ml in sodium cloride 0.9%100ml(200mg ) I.V. infusion,فيال,200mg,,علبة,فيال,1,0,3000,3000,3000,1
05-AG0-051,lificipro inj. 200mg/100ml (Unique),Ciprofloxacin 2mg/ml in sodium cloride 0.9%100ml(200mg ) I.V. infusion,فيال,200mg,,علبة,فيال,1,0,4000,4000,4000,1
05-AG0-051,CIPRONEER 200mg (Pioneer),Ciprofloxacin 2mg/ml in sodium cloride 0.9%100ml(200mg ) I.V. infusion,فيال,200mg,,علبة,فيال,1,0,6000,6000,6000,1
05-AG0-051,ciprolon 200mg infusion (Hikmafarmaceutica/),Ciprofloxacin 2mg/ml in sodium cloride 0.9%100ml(200mg ) I.V. infusion,فيال,200mg,,علبة,فيال,1,0,12000,12000,12000,1
05-AG0-051,Quinox 200mg vial (Tabuk),Ciprofloxacin 2mg/ml in sodium cloride 0.9%100ml(200mg ) I.V. infusion,فيال,200mg,,علبة,فيال,1,0,13250,13250,13250,1
05-AG0-051,Ufexil solution for I.V. infusion (Demo S.A),Ciprofloxacin 2mg/ml in sodium cloride 0.9%100ml(200mg ) I.V. infusion,فيال,2mg,,علبة,فيال,1,0,14500,14500,14500,1
05-AG0-051,ciprorates solution for infu 100ml (Gulf inject),Ciprofloxacin 2mg/ml in sodium cloride 0.9%100ml(200mg ) I.V. infusion,فيال,100ml,,علبة,فيال,1,0,14500,14500,14500,1
05-AG0-012,Floxabact 500 (Eva pharma),Levofloxacin 500mg Scored Tablet,حبوب,500mg,,علبة,شريط,1,0,2750,2750,2750,1
05-AG0-012,Levomac (Macleods),Levofloxacin 500mg Scored Tablet,حبوب,500mg,,علبة,شريط,1,0,3000,3000,3000,1
05-AG0-012,Tavoniflox 500mg (.Borg ph),Levofloxacin 500mg Scored Tablet,حبوب,500mg,,علبة,شريط,1,0,3000,3000,3000,1
05-AG0-012,levofloxacin 500mg (Aswar alkhalej),Levofloxacin 500mg Scored Tablet,حبوب,500mg,,علبة,شريط,1,0,3000,3000,3000,1
05-AG0-012,Levofloxen 500mg (Al jazeera),Levofloxacin 500mg Scored Tablet,حبوب,500mg,,علبة,شريط,1,0,3500,3500,3500,1
05-AG0-012,levofloxacin-MEL 500mg (Middle east),Levofloxacin 500mg Scored Tablet,حبوب,500mg,,علبة,شريط,1,0,3500,3500,3500,1
05-AG0-012,Lebactovo (Gypto Pharma/Egypt),Levofloxacin 500mg Scored Tablet,حبوب,500mg,,علبة,شريط,1,0,3500,3500,3500,1
05-AG0-012,unibiotic 500mg tab (Hi pharma),Levofloxacin 500mg Scored Tablet,حبوب,500mg,,علبة,شريط,1,0,3750,3750,3750,1
05-AG0-012,ILflox 500mg F.C. Tablet (ilko),Levofloxacin 500mg Scored Tablet,حبوب,500mg,,علبة,شريط,1,0,4750,4750,4750,1
05-AG0-012,ILflox 500mg F.C. Tablet (ilko ilac sanayi ve tic A.S),Levofloxacin 500mg Scored Tablet,حبوب,500mg,,علبة,شريط,1,0,4750,4750,4750,1
05-AG0-012,Levosam 500mg tab (SDI),Levofloxacin 500mg Scored Tablet,حبوب,500mg,,علبة,شريط,1,0,4750,4750,4750,1
05-AG0-012,Larivex 500mg f.c.tab (European egyption),Levofloxacin 500mg Scored Tablet,حبوب,500mg,,علبة,شريط,1,0,5000,5000,5000,1
05-AG0-012,Levokilz 500mg (Aurobindo),Levofloxacin 500mg Scored Tablet,حبوب,500mg,,علبة,شريط,1,0,5750,5750,5750,1
05-AG0-012,levocid film coated tab (Al mansour),Levofloxacin 500mg Scored Tablet,حبوب,500mg,,علبة,شريط,1,0,5750,5750,5750,1
05-AG0-012,Unibiotic - 500mg f.c.tab (Hi pharma),Levofloxacin 500mg Scored Tablet,حبوب,500mg,,علبة,شريط,1,0,6500,6500,6500,1
05-AG0-012,Levotop - 500mg FCT (Ajanta),Levofloxacin 500mg Scored Tablet,حبوب,500mg,,علبة,شريط,1,0,7000,7000,7000,1
05-AG0-012,tavflox 500mg tab (.Avalon ph),Levofloxacin 500mg Scored Tablet,حبوب,500mg,,علبة,شريط,1,0,7250,7250,7250,1
05-AG0-012,Levotab - 500 (Global pharma),Levofloxacin 500mg Scored Tablet,حبوب,500mg,,علبة,شريط,1,0,7250,7250,7250,1
05-AG0-012,velox 500mg f.c tab (Spimaco),Levofloxacin 500mg Scored Tablet,حبوب,500mg,,علبة,شريط,1,0,7250,7250,7250,1
05-AG0-012,levaquin 500mg tab (Saja),Levofloxacin 500mg Scored Tablet,حبوب,500mg,,علبة,شريط,1,0,7250,7250,7250,1
05-AG0-012,levofoxate 500mg tab (INAD international Advanced pharmaceutical),Levofloxacin 500mg Scored Tablet,حبوب,500mg,,علبة,شريط,1,0,7250,7250,7250,1
05-AG0-012,UNIFLOX (UPM),Levofloxacin 500mg Scored Tablet,حبوب,500mg,,علبة,شريط,1,0,7250,7250,7250,1
05-AG0-012,Tavaquine 500 mg tsb. (Joriver),Levofloxacin 500mg Scored Tablet,حبوب,500 mg,,علبة,شريط,1,0,8750,8750,8750,1
05-AG0-012,Levonic 500mg (Jazeera),Levofloxacin 500mg Scored Tablet,حبوب,500mg,,علبة,شريط,1,0,8750,8750,8750,1
05-AG0-012,JOSWE Avoxin 500 mg,Levofloxacin 500mg Scored Tablet,حبوب,500 mg,,علبة,شريط,1,0,8750,8750,8750,1
05-AG0-012,levonidin 500mg FCT (Recordati),Levofloxacin 500mg Scored Tablet,حبوب,500mg,,علبة,شريط,1,0,8750,8750,8750,1
05-AG0-012,Levanix (neopharma),Levofloxacin 500mg Scored Tablet,حبوب,500mg,,علبة,شريط,1,0,8750,8750,8750,1
05-AG0-012,Levoxacin Awa 500mg tab (Awamedica),Levofloxacin 500mg Scored Tablet,حبوب,500mg,,علبة,شريط,1,0,9250,9250,9250,1
05-AG0-012,LEVOCIN 500mg (Sama Alfayhaa),Levofloxacin 500mg Scored Tablet,كبسول,500mg,,علبة,شريط,1,0,9250,9250,9250,1
05-AG0-012,Tavoxin 500mg (Julphar),Levofloxacin 500mg Scored Tablet,حبوب,500mg,,علبة,شريط,1,0,9500,9500,9500,1
05-AG0-012,NEXQUIN 500 mg film- coated tablet (Mylan),Levofloxacin 500mg Scored Tablet,حبوب,500 mg,,علبة,شريط,1,0,9750,9750,9750,1
05-AG0-012,Levotab - 500 (Global pharma),Levofloxacin 500mg Scored Tablet,حبوب,500mg,,علبة,شريط,1,0,10000,10000,10000,1
05-AG0-012,Floxilevo 500mg f.c.tab (DEVA),Levofloxacin 500mg Scored Tablet,حبوب,500mg,,علبة,شريط,1,0,10000,10000,10000,1
05-AG0-012,Leflox 500mg tab. (Medpharma),Levofloxacin 500mg Scored Tablet,حبوب,500mg,,علبة,شريط,1,0,10000,10000,10000,1
05-AG0-012,POTANT (Sanovel),Levofloxacin 500mg Scored Tablet,حبوب,500mg,,علبة,شريط,1,0,10000,10000,10000,1
05-AG0-012,Levonat (Atabay kimya san),Levofloxacin 500mg Scored Tablet,حبوب,500mg,,علبة,شريط,1,0,10000,10000,10000,1
05-AG0-012,Nevotic - 500 mg f.c.t (Pharma International),Levofloxacin 500mg Scored Tablet,حبوب,500 mg,,علبة,شريط,1,0,10500,10500,10500,1
05-AG0-012,Advaquin tab - (Zynova),Levofloxacin 500mg Scored Tablet,حبوب,500mg,,علبة,شريط,1,0,10500,10500,10500,1
05-AG0-012,avicare 500mg tab (Hayat pharma),Levofloxacin 500mg Scored Tablet,حبوب,500mg,,علبة,شريط,1,0,10500,10500,10500,1
05-AG0-012,Ravivo 500 mg tab (Drogsan),Levofloxacin 500mg Scored Tablet,حبوب,500 mg,,علبة,شريط,1,0,10750,10750,10750,1
05-AG0-012,Lovanic 500mg tab (Lab Sothema),Levofloxacin 500mg Scored Tablet,حبوب,500mg,,علبة,شريط,1,0,10750,10750,10750,1
05-AG0-012,"L-Stafloxin 500mg tab (Stellapharm J.V.Co.,Ltd)",Levofloxacin 500mg Scored Tablet,حبوب,500mg,,علبة,شريط,2,0,10750,5375,10750,1
05-AG0-012,Amesol 500mg FCT (Medochemie),Levofloxacin 500mg Scored Tablet,حبوب,500mg,,علبة,شريط,1,0,11500,11500,11500,1
05-AG0-012,levofloxacin normon (Lab Normon),Levofloxacin 500mg Scored Tablet,حبوب,500mg,,علبة,شريط,1,0,11500,11500,11500,1
05-AG0-012,Levanix 500 mg tablet (neopharma),Levofloxacin 500mg Scored Tablet,حبوب,500 mg,,علبة,شريط,1,0,12000,12000,12000,1
05-AG0-012,TAVOXIN - 500 mg F.C.T (Julphar),Levofloxacin 500mg Scored Tablet,حبوب,500 mg,,علبة,شريط,1,0,13000,13000,13000,1
05-AG0-012,Matador 500mg F.C tab (DAD),Levofloxacin 500mg Scored Tablet,حبوب,500mg,,علبة,شريط,1,0,13000,13000,13000,1
05-AG0-012,Oxalev (Lek pharma),Levofloxacin 500mg Scored Tablet,حبوب,500mg,,علبة,شريط,1,0,13250,13250,13250,1
05-AG0-012,ziquin 500mg tab (Laboratories cinfa),Levofloxacin 500mg Scored Tablet,حبوب,500mg,,علبة,شريط,1,0,13250,13250,13250,1
05-AG0-012,maddoflox 500 mg (Adipharm EAD),Levofloxacin 500mg Scored Tablet,حبوب,500 mg,,علبة,شريط,1,0,13500,13500,13500,1
05-AG0-012,Quinoflox 500 mg tablet (Farmalabor),Levofloxacin 500mg Scored Tablet,حبوب,500 mg,,علبة,شريط,1,0,13500,13500,13500,1
05-AG0-012,Advaquin tab 500mg (Zynova),Levofloxacin 500mg Scored Tablet,حبوب,500mg,,علبة,شريط,1,0,14000,14000,14000,1
05-AG0-012,LEVONEER 500mg (Pioneer),Levofloxacin 500mg Scored Tablet,حبوب,500mg,,علبة,شريط,1,0,14500,14500,14500,1
05-AG0-012,Amesol 500mg f.c.t (Medochemie),Levofloxacin 500mg Scored Tablet,حبوب,500mg,,علبة,شريط,1,0,15250,15250,15250,1
05-AG0-012,Lefort 500mg (Hikma farmaceutica),Levofloxacin 500mg Scored Tablet,حبوب,500mg,,علبة,شريط,1,0,15250,15250,15250,1
05-AG0-012,Tavoxin 500mg (Julphar),Levofloxacin 500mg Scored Tablet,حبوب,500mg,,علبة,شريط,1,0,16500,16500,16500,1
05-AG0-012,Levo - Denk 500 mg film coated tablet (Allphamed Pharbil),Levofloxacin 500mg Scored Tablet,حبوب,500 mg,,علبة,شريط,1,0,16750,16750,16750,1
05-AG0-012,Levo - Denk 500 mg film coated tablet (roten drof pharma Gmbh&CO.KG),Levofloxacin 500mg Scored Tablet,حبوب,500 mg,,علبة,شريط,1,0,16750,16750,16750,1
05-AG0-012,tavanic 500mg tab (Opella Healthcare International /France),Levofloxacin 500mg Scored Tablet,حبوب,500mg,,علبة,شريط,1,0,22750,22750,22750,1
05-AH0-052,Colidur 200mg (Drogsan),Rifaximin 200 mg,حبوب,200mg,,علبة,شريط,1,0,12000,12000,12000,1
05-AJ0-006,Samafurantion 100mg (SDI),Nitrofurantoin 100mg Tablet,حبوب,100mg,,علبة,شريط,1,0,500,500,500,1
05-AJ0-006,Urantoin Awa 100mg tab (Awamedica),Nitrofurantoin 100mg Tablet,حبوب,100mg,,علبة,شريط,1,0,1000,1000,1000,1
05-AJ0-006,Urantoin Awa 100mg tab (Awamedica),Nitrofurantoin 100mg Tablet,حبوب,100mg,,علبة,شريط,3,0,3500,1166.67,3500,1
05-AJ0-006,Samafurantin 100mg (SDI),Nitrofurantoin 100mg Tablet,حبوب,100mg,,علبة,شريط,2,0,5750,2875,5750,1
05-AJ0-006,piyeloseptyl 100mg tab (Biofarm),Nitrofurantoin 100mg Tablet,حبوب,100mg,,علبة,شريط,3,0,6750,2250,6750,1
05-AJ0-006,furolin 100mg tab (Iasis pharmaceutical hellas),Nitrofurantoin 100mg Tablet,حبوب,100mg,,علبة,شريط,3,0,9750,3250,9750,1
05-AJ0-006,Uvamin retard 100 mg (Acino),Nitrofurantoin 100mg Tablet,كبسول,100 mg,,علبة,شريط,2,0,10000,5000,10000,1
05-B00-001,Lovrak 250mg (Julphar),Acyclovir (as sodium salt) 250mg Vial I.V. Infusion,فيال,250mg,,علبة,فيال,1,0,5500,5500,5500,1
05-B00-001,Asirax 250mg IV infusion (VEM Ilac San),Acyclovir (as sodium salt) 250mg Vial I.V. Infusion,فيال,250mg,,علبة,فيال,1,0,5750,5750,5750,1
05-B00-001,Aciclovir Reig Jofre 250mg vial,Acyclovir (as sodium salt) 250mg Vial I.V. Infusion,فيال,250mg,,علبة,فيال,5,0,33000,6600,33000,1
05-B00-001,Lovira (MS pharma),Acyclovir (as sodium salt) 250mg Vial I.V. Infusion,فيال,250mg,,علبة,فيال,5,0,33000,6600,33000,1
05-B00-001,acyclovir 250mg (Hikma),Acyclovir (as sodium salt) 250mg Vial I.V. Infusion,فيال,250mg,,علبة,فيال,5,0,44000,8800,44000,1
05-B00-003,borgavirax susp (.Borg ph),Acyclovir 200mg/5ml Suspension,حقن,200mg,,علبة,حقنة,1,0,4750,4750,4750,1
05-B00-003,Lovrak 200mg susp (Julphar),Acyclovir 200mg/5ml Suspension,حقن,200mg,,علبة,حقنة,1,0,13000,13000,13000,1
05-B00-037,FLUTAN 75mg (Al safa),Oseltamivir as phosphate 75mg capsule,كبسول,75mg,,علبة,شريط,1,0,22500,22500,22500,1
05-B00-002,Medovir 200mg tab (Medochemie),Acyclovir 200mg Tablet,حبوب,200mg,,علبة,شريط,1,0,2000,2000,2000,1
05-B00-002,Acic 200mg tab (Hexal),Acyclovir 200mg Tablet,حبوب,200mg,,علبة,شريط,5,0,5500,1100,5500,1
05-B00-002,Medovir 200mg tab (Medochemie),Acyclovir 200mg Tablet,حبوب,200mg,,علبة,شريط,3,0,6750,2250,6750,1
05-B00-002,Medovir 200mg tab (Medochemie),Acyclovir 200mg Tablet,حبوب,200mg,,علبة,شريط,10,0,17750,1775,17750,1
05-B00-002,Fluconazole 150mg tab. (Macleods),Acyclovir 200mg Tablet,حبوب,150mg,,علبة,شريط,1,0,500,500,500,1
05-B00-002,Fluconazole 150 mg capsule (Brawn lab.),Acyclovir 200mg Tablet,كبسول,150 mg,,علبة,شريط,1,0,1000,1000,1000,1
05-B00-002,Fludconrizole 150mg (Riva pharma),Acyclovir 200mg Tablet,كبسول,150mg,,علبة,شريط,1,0,1000,1000,1000,1
05-B00-002,fluconaz-150mg tab (SDI),Acyclovir 200mg Tablet,حبوب,150mg,,علبة,شريط,1,0,1250,1250,1250,1
05-B00-002,Fluconazole Aljazeera tablet (Al jazeera),Acyclovir 200mg Tablet,كبسول,200mg,,علبة,شريط,1,0,2000,2000,2000,1
05-B00-002,DIFLUROK 150mg,Acyclovir 200mg Tablet,كبسول,150mg,,علبة,شريط,1,0,2000,2000,2000,1
05-B00-002,flucoheal 150mg cap (DAD),Acyclovir 200mg Tablet,كبسول,150mg,,علبة,شريط,1,0,2250,2250,2250,1
05-B00-002,minax 150mg cap (Neutec inhaler),Acyclovir 200mg Tablet,كبسول,150mg,,علبة,شريط,1,0,2750,2750,2750,1
05-B00-002,NAZOWELL 150mg H.G.cap (EGPI),Acyclovir 200mg Tablet,كبسول,150mg,,علبة,شريط,1,0,3000,3000,3000,1
05-B00-002,Azzol-S 150mg cap (Medicair Bioscience),Acyclovir 200mg Tablet,كبسول,150mg,,علبة,شريط,1,0,3000,3000,3000,1
05-B00-002,medoflucon 150 (Medochemie),Acyclovir 200mg Tablet,كبسول,200mg,,علبة,شريط,1,0,3500,3500,3500,1
05-B00-002,lucona 150mg (neopharma),Acyclovir 200mg Tablet,كبسول,150mg,,علبة,شريط,1,0,3500,3500,3500,1
05-B00-002,Fluzole 150mg cap (Biofarma Ilac Sanayi ve Tic A.S.),Acyclovir 200mg Tablet,كبسول,150mg,,علبة,شريط,1,0,3500,3500,3500,1
05-B00-002,Flocazole 150 (SPIMACO),Acyclovir 200mg Tablet,كبسول,200mg,,علبة,شريط,1,0,4000,4000,4000,1
05-B00-002,UNAZOL 150 mg cap. (Pharmaline),Acyclovir 200mg Tablet,كبسول,150 mg,,علبة,شريط,1,0,4000,4000,4000,1
05-B00-002,fluconazole 150mg cap (Bristol),Acyclovir 200mg Tablet,كبسول,150mg,,علبة,شريط,1,0,4000,4000,4000,1
05-B00-002,flunalijek 150mg cap (Bosnalijek pharmaceutical),Acyclovir 200mg Tablet,كبسول,150mg,,علبة,شريط,1,0,4000,4000,4000,1
05-B00-002,Candeur 150mg cap (Tabuk),Acyclovir 200mg Tablet,كبسول,150mg,,علبة,شريط,1,0,4000,4000,4000,1
05-B00-002,Flucand 150 mg cap. (Hikma),Acyclovir 200mg Tablet,كبسول,150 mg,,علبة,شريط,1,0,4000,4000,4000,1
05-B00-002,Oramax 150 mg cap. (Julphar),Acyclovir 200mg Tablet,كبسول,150 mg,,علبة,شريط,1,0,4500,4500,4500,1
05-B00-002,difluvid 150mg cap (Hovid),Acyclovir 200mg Tablet,كبسول,150mg,,علبة,شريط,4,0,4500,1125,4500,1
05-B00-002,Fluna 150 mg (Medpharma),Acyclovir 200mg Tablet,كبسول,150 mg,,علبة,شريط,1,0,4750,4750,4750,1
05-B00-002,FLUCOZOL 150mg (Pioneer),Acyclovir 200mg Tablet,كبسول,150mg,,علبة,شريط,4,0,7500,1875,7500,1
05-B00-002,forcan-150mg cap (Cipla),Acyclovir 200mg Tablet,كبسول,150mg,,علبة,شريط,5,0,8000,1600,8000,1
05-B00-002,DIFLUCAN 150mg cap (Pfizer),Acyclovir 200mg Tablet,كبسول,150mg,,علبة,شريط,1,0,10750,10750,10750,1
05-B00-002,flunazole cap (Sama Alfayhaa),Acyclovir 200mg Tablet,كبسول,200mg,,علبة,شريط,50,0,81000,1620,81000,1
05-B00-002,flunazole cap (Sama Alfayhaa),Acyclovir 200mg Tablet,كبسول,200mg,,علبة,شريط,50,0,163000,3260,163000,1
05-B00-002,nystatin al jazeera sugar coated,Acyclovir 200mg Tablet,حبوب,200mg,,علبة,شريط,1,0,1000,1000,1000,1
05-B00-002,Nystadad tab (WadiAlrafidain),Acyclovir 200mg Tablet,حبوب,200mg,,علبة,شريط,2,0,3000,1500,3000,1
05-B00-002,Nystatin Aljazeera (Al jazeera),Acyclovir 200mg Tablet,حبوب,200mg,,علبة,شريط,2,0,3250,1625,3250,1
05-B00-002,Nystadad tab (WadiAlrafidain),Acyclovir 200mg Tablet,حبوب,200mg,,علبة,شريط,10,0,7000,700,7000,1
05-C00-013,NYSTATIN-MDI,Nystatin 100000 U/ml Suspension (30 ml),حقن,100000 U,,علبة,حقنة,1,0,1500,1500,1500,1
05-C00-013,NYSTADAD (WadiAlrafidain),Nystatin 100000 U/ml Suspension (30 ml),حقن,100000 U,,علبة,حقنة,1,0,2000,2000,2000,1
05-C00-013,NystaRx (Sama Alfayhaa),Nystatin 100000 U/ml Suspension (30 ml),حقن,100000 U,,علبة,حقنة,1,0,2000,2000,2000,1
05-C00-013,nocandida oral drops (Pharopharma),Nystatin 100000 U/ml Suspension (30 ml),قطرات فموية,100000 U,,عبوة,عبوة,1,0,2250,2250,2250,1
05-C00-013,Fungistatin oral susp (Pharaonia),Nystatin 100000 U/ml Suspension (30 ml),حقن,100000 U,,علبة,حقنة,1,0,2250,2250,2250,1
05-C00-013,KINDISTATIN (Al_kindi),Nystatin 100000 U/ml Suspension (30 ml),حقن,100000 U,,علبة,حقنة,1,0,2500,2500,2500,1
05-C00-013,NYSTATIN oral drops (Al safa),Nystatin 100000 U/ml Suspension (30 ml),قطرات فموية,100000 U,,عبوة,عبوة,1,0,2500,2500,2500,1
05-C00-013,NYSTATIN oral drops (Al safa),Nystatin 100000 U/ml Suspension (30 ml),قطرات فموية,100000 U,,عبوة,عبوة,1,0,2500,2500,2500,1
05-C00-013,nystatin oral susp (Eipico),Nystatin 100000 U/ml Suspension (30 ml),حقن,100000 U,,علبة,حقنة,1,0,2750,2750,2750,1
05-C00-013,orastatin oral susp (Hi pharma),Nystatin 100000 U/ml Suspension (30 ml),حقن,100000 U,,علبة,حقنة,1,0,3000,3000,3000,1
05-C00-013,mycosat oral suspension. (API),Nystatin 100000 U/ml Suspension (30 ml),حقن,100000 U,,علبة,حقنة,1,0,3250,3250,3250,1
05-C00-013,Mycophil (Philadelphia),Nystatin 100000 U/ml Suspension (30 ml),حقن,100000 U,,علبة,حقنة,1,0,3250,3250,3250,1
05-D00-008,hydroxy kindin tab (Al_kindi),Hydroxychloroquine sulphate 200mg Tablet,حبوب,200mg,,علبة,شريط,2,0,3750,1875,3750,1
05-D00-008,hydroquine 200mg f.c.tab (Minapharm),Hydroxychloroquine sulphate 200mg Tablet,حبوب,200mg,,علبة,شريط,2,0,7250,3625,7250,1
05-D00-008,quinoric 200mg tab (Bristol),Hydroxychloroquine sulphate 200mg Tablet,حبوب,200mg,,علبة,شريط,6,0,27000,4500,27000,1
05-D00-012,Furazol forte tab 500mg (Al furat),Metronidazole 500 mg coated tab,حبوب,500mg,,علبة,شريط,1,0,500,500,500,1
05-D00-012,Medazole 500mg tab (SDI),Metronidazole 500 mg coated tab,حبوب,500mg,,علبة,شريط,1,0,750,750,750,1
05-D00-012,Flagimel 500mg (Middle east),Metronidazole 500 mg coated tab,حبوب,500mg,,علبة,شريط,1,0,750,750,750,1
05-D00-012,AsModazin (Aswar alkhalej),Metronidazole 500 mg coated tab,حبوب,500 mg,,علبة,شريط,2,0,1000,500,1000,1
05-D00-012,Flazi - MDI tab,Metronidazole 500 mg coated tab,حبوب,500 mg,,علبة,شريط,2,0,1000,500,1000,1
05-D00-012,Medazole 500mg tab (SDI),Metronidazole 500 mg coated tab,حبوب,500mg,,علبة,شريط,2,0,1250,625,1250,1
05-D00-012,safagyl 500mg (Al safa),Metronidazole 500 mg coated tab,حبوب,500mg,,علبة,شريط,2,0,1500,750,1500,1
05-D00-012,FLAGIMEL 500mg (Middle east),Metronidazole 500 mg coated tab,حبوب,500mg,,علبة,شريط,2,0,1500,750,1500,1
05-D00-012,Medazole 500mg tab (SDI),Metronidazole 500 mg coated tab,حبوب,500mg,,علبة,شريط,3,0,2000,666.67,2000,1
05-D00-012,METROBAC 500mg (Sama Alfayhaa),Metronidazole 500 mg coated tab,حبوب,500mg,,علبة,شريط,2,0,2000,1000,2000,1
05-D00-012,metrocidal 500mg tab (Al mansour),Metronidazole 500 mg coated tab,حبوب,500mg,,علبة,شريط,2,0,2250,1125,2250,1
05-D00-012,FURAZOL FORTE 500mg (Al furat),Metronidazole 500 mg coated tab,حبوب,500mg,,علبة,شريط,2,0,2500,1250,2500,1
05-D00-012,Midagyl 500mg (Pioneer),Metronidazole 500 mg coated tab,حبوب,500mg,,علبة,شريط,2,0,2500,1250,2500,1
05-D00-012,ETROZOL FORTE 500mg (Sama Alfayhaa),Metronidazole 500 mg coated tab,كبسول,500mg,,علبة,شريط,2,0,3000,1500,3000,1
05-D00-012,Flazol (Tabuk),Metronidazole 500 mg coated tab,حبوب,500 mg,,علبة,شريط,2,0,3500,1750,3500,1
05-D00-012,frajine 500mg tab (Al Afrah),Metronidazole 500 mg coated tab,حبوب,500mg,,علبة,شريط,10,0,4750,475,4750,1
05-D00-012,Flagyrol-fort 500mg (Al jazeera),Metronidazole 500 mg coated tab,حبوب,500mg,,علبة,شريط,10,0,7500,750,7500,1
05-D00-012,ASModazin 500mg (Aswar alkhalej),Metronidazole 500 mg coated tab,حبوب,500mg,,علبة,شريط,24,0,15500,645.83,15500,1
05-D00-012,safagyl 500mg (Al safa),Metronidazole 500 mg coated tab,حبوب,500mg,,علبة,شريط,100,0,25000,250,25000,1
05-D00-012,Flagimel 500mg (Middle east),Metronidazole 500 mg coated tab,حبوب,500mg,,علبة,شريط,50,0,25750,515,25750,1
05-D00-012,Flagyrol-fort 500mg (Al jazeera),Metronidazole 500 mg coated tab,حبوب,500mg,,علبة,شريط,50,0,26000,520,26000,1
05-D00-012,Furazol forte tab 500mg (Al furat),Metronidazole 500 mg coated tab,حبوب,500mg,,علبة,شريط,50,0,28000,560,28000,1
05-D00-012,FLAGYRUK 500mg tab (UROK),Metronidazole 500 mg coated tab,حبوب,500mg,,علبة,شريط,50,0,31000,620,31000,1
05-D00-012,metrobac tab (Sama Alfayhaa),Metronidazole 500 mg coated tab,حبوب,500 mg,,علبة,شريط,100,0,57000,570,57000,1
05-D00-012,FLAZI-MDI 500mg tab,Metronidazole 500 mg coated tab,حبوب,500mg,,علبة,شريط,360,0,130000,361.11,130000,1
05-D00-013,metronidazole I.V (Ahlcon),"Metronidazole 5mg/ml, (100ml) I.V. Infusion Vial",فيال,5mg,,علبة,فيال,1,0,1000,1000,1000,1
05-D00-013,metronidazole I.V (Parenteral Drugs),"Metronidazole 5mg/ml, (100ml) I.V. Infusion Vial",فيال,5mg,,علبة,فيال,1,0,1000,1000,1000,1
05-D00-013,Metronidazole IV infusion (Cisen Pharma Co),"Metronidazole 5mg/ml, (100ml) I.V. Infusion Vial",فيال,5mg,,علبة,فيال,1,0,1000,1000,1000,1
05-D00-013,Metrogyl* INJECTION (5mg/ml) ISOTONIC (Unique),"Metronidazole 5mg/ml, (100ml) I.V. Infusion Vial",فيال,5mg,,علبة,فيال,1,0,1500,1500,1500,1
05-D00-013,Metromark iv.infusion (Otsuka pharma),"Metronidazole 5mg/ml, (100ml) I.V. Infusion Vial",فيال,5mg,,علبة,فيال,1,0,1500,1500,1500,1
05-D00-013,Flagynid 500mg/100ml (ALPHA-Aleppo),"Metronidazole 5mg/ml, (100ml) I.V. Infusion Vial",فيال,500mg,,علبة,فيال,1,0,1750,1750,1750,1
05-D00-013,Metronidazole 0.5% inj. (Qatar pharma),"Metronidazole 5mg/ml, (100ml) I.V. Infusion Vial",فيال,0.50%,,علبة,فيال,1,0,2250,2250,2250,1
05-D00-013,metronidazole 500mg /100ml i.v inj. (P.S.I),"Metronidazole 5mg/ml, (100ml) I.V. Infusion Vial",فيال,500mg,,علبة,فيال,1,0,2250,2250,2250,1
05-D00-013,metroject 0.5% (Unimed),"Metronidazole 5mg/ml, (100ml) I.V. Infusion Vial",فيال,0.50%,,علبة,فيال,1,0,2250,2250,2250,1
05-D00-013,Polgyl 0.5% solu.for IV perfusion (Polifarma ilac san/ turkey),"Metronidazole 5mg/ml, (100ml) I.V. Infusion Vial",فيال,0.50%,,علبة,فيال,1,0,2250,2250,2250,1
05-D00-013,Metronidazole B.Braun 5mg / ml (B.Braun melsungan AG),"Metronidazole 5mg/ml, (100ml) I.V. Infusion Vial",فيال,5mg,,علبة,فيال,1,0,2500,2500,2500,1
05-D00-013,rasagyl 500mg/100ml vial (Rasan),"Metronidazole 5mg/ml, (100ml) I.V. Infusion Vial",فيال,500mg,,علبة,فيال,1,0,2500,2500,2500,1
05-D00-013,Midagyl 500mg/100ml (Pioneer),"Metronidazole 5mg/ml, (100ml) I.V. Infusion Vial",فيال,500mg,,علبة,فيال,1,0,2500,2500,2500,1
05-D00-013,metronidazole 500mg i.v (Gulf inject),"Metronidazole 5mg/ml, (100ml) I.V. Infusion Vial",فيال,500mg,,علبة,فيال,1,0,2750,2750,2750,1
05-D00-013,metronidazole vioser,"Metronidazole 5mg/ml, (100ml) I.V. Infusion Vial",فيال,5mg,,علبة,فيال,1,0,2750,2750,2750,1
05-D00-013,Metronidazole panpharma inj. 500 mg/100 ml (ROTEXMEDICA),"Metronidazole 5mg/ml, (100ml) I.V. Infusion Vial",فيال,500 mg,,علبة,فيال,1,0,3250,3250,3250,1
05-D00-013,Metronidazole COOPER Solution for infusion,"Metronidazole 5mg/ml, (100ml) I.V. Infusion Vial",فيال,5mg,,علبة,فيال,1,0,4000,4000,4000,1
05-D00-013,metronidazole fresenius 500mg/100ml solu. For (FRESENIUS KABI),"Metronidazole 5mg/ml, (100ml) I.V. Infusion Vial",فيال,500mg,,علبة,فيال,1,0,4500,4500,4500,1
05-D00-013,metronidazole fresenius 500mg/100ml solu. For infusion (FRESENIUS KABI),"Metronidazole 5mg/ml, (100ml) I.V. Infusion Vial",فيال,500mg,,علبة,فيال,10,0,36000,3600,36000,1
05-D00-014,metronidazole susp. (AL Dawaa alarabi),"Metronidazole (as benzoate) 200mg/5ml,Suspension",حقن,200mg,,علبة,حقنة,1,0,1500,1500,1500,1
05-D00-014,metronidazole susp. (Arabic drug co. (ADI)),"Metronidazole (as benzoate) 200mg/5ml,Suspension",حقن,200mg,,علبة,حقنة,1,0,1500,1500,1500,1
05-D00-014,Ditrazole 200mg susp (Dijla),"Metronidazole (as benzoate) 200mg/5ml,Suspension",حقن,200mg,,علبة,حقنة,1,0,1500,1500,1500,1
05-D00-014,Medazole susp. (SDI),"Metronidazole (as benzoate) 200mg/5ml,Suspension",حقن,200mg,,علبة,حقنة,1,0,1500,1500,1500,1
05-D00-014,METRODAD 200mg/5ml (WadiAlrafidain),"Metronidazole (as benzoate) 200mg/5ml,Suspension",حقن,200mg,,علبة,حقنة,1,0,1500,1500,1500,1
05-D00-014,AS-Medozal susp (Aswar alkhalej),"Metronidazole (as benzoate) 200mg/5ml,Suspension",حقن,200mg,,علبة,حقنة,1,0,1500,1500,1500,1
05-D00-014,MetroCidal (Al mansour),"Metronidazole (as benzoate) 200mg/5ml,Suspension",حقن,200mg,,علبة,حقنة,1,0,1750,1750,1750,1
05-D00-014,MetroCidal (Al mansour),"Metronidazole (as benzoate) 200mg/5ml,Suspension",حقن,200mg,,علبة,حقنة,1,0,2000,2000,2000,1
05-D00-014,Flagyl ALHAYAT (Al hayat),"Metronidazole (as benzoate) 200mg/5ml,Suspension",حقن,200mg,,علبة,حقنة,1,0,2000,2000,2000,1
05-D00-014,Metronidazole-s Awa susp. (Awamedica),"Metronidazole (as benzoate) 200mg/5ml,Suspension",حقن,200mg,,علبة,حقنة,1,0,2000,2000,2000,1
05-D00-014,METROBAC (Sama Alfayhaa),"Metronidazole (as benzoate) 200mg/5ml,Suspension",حقن,200mg,,علبة,حقنة,1,0,2000,2000,2000,1
05-D00-014,FLAGIMEL 200mg (Middle east),"Metronidazole (as benzoate) 200mg/5ml,Suspension",حقن,200mg,,علبة,حقنة,1,0,2000,2000,2000,1
05-D00-014,miedozol-D 200mg susp (Dijla),"Metronidazole (as benzoate) 200mg/5ml,Suspension",حقن,200mg,,علبة,حقنة,1,0,2000,2000,2000,1
05-D00-014,FLAGKIN (Al_kindi),"Metronidazole (as benzoate) 200mg/5ml,Suspension",حقن,200mg,,علبة,حقنة,1,0,2000,2000,2000,1
05-D00-014,FLAZI MDI,"Metronidazole (as benzoate) 200mg/5ml,Suspension",حقن,200mg,,علبة,حقنة,1,0,2000,2000,2000,1
05-D00-014,SAFAGYL (Al safa),"Metronidazole (as benzoate) 200mg/5ml,Suspension",حقن,200mg,,علبة,حقنة,1,0,2000,2000,2000,1
05-D00-014,metrocidal oral susp (Al mansour),"Metronidazole (as benzoate) 200mg/5ml,Suspension",حقن,200mg,,علبة,حقنة,30,0,40000,1333.33,40000,1
05-E00-002,Albazol-K oral susp. (Al_kindi),Albendazole 100mg/5ml Suspension,حقن,100mg,,علبة,حقنة,1,0,750,750,750,1
05-E00-002,Alzental susp (Eipico),Albendazole 100mg/5ml Suspension,حقن,100mg,,علبة,حقنة,1,0,1000,1000,1000,1
05-E00-002,albendazole-MDI 20ml one dose oral susp,Albendazole 100mg/5ml Suspension,حقن,20ml,,علبة,حقنة,1,0,1250,1250,1250,1
05-E00-002,Albendazole (Al safa),Albendazole 100mg/5ml Suspension,حقن,100mg,,علبة,حقنة,1,0,1250,1250,1250,1
05-E00-002,albendakin oral susp 20ml (Al_kindi),Albendazole 100mg/5ml Suspension,حقن,20ml,,علبة,حقنة,1,0,1250,1250,1250,1
05-E00-002,AFRADAZOL oral susp. (Al Afrah),Albendazole 100mg/5ml Suspension,حقن,100mg,,علبة,حقنة,1,0,1250,1250,1250,1
05-E00-002,Albenzol-S awa susp. (Awamedica),Albendazole 100mg/5ml Suspension,حقن,100mg,,علبة,حقنة,1,0,1250,1250,1250,1
05-E00-002,ALBENDAZOLE 100mg/5ml oral susp. (WadiAlrafidain),Albendazole 100mg/5ml Suspension,حقن,100mg,,علبة,حقنة,1,0,1250,1250,1250,1
05-E00-002,Antizole susp. (Alexandria),Albendazole 100mg/5ml Suspension,حقن,100mg,,علبة,حقنة,1,0,1750,1750,1750,1
05-E00-002,ZentaRX / Oral suspension lemon flavour (Sama Alfayhaa),Albendazole 100mg/5ml Suspension,حقن,100mg,,علبة,حقنة,49,0,48000,979.59,48000,1
05-E00-006,mebendazole 100mg tab (Al safa),Mebendazole 100mg tab or chewable Tablet,حبوب,100mg,,علبة,شريط,1,0,750,750,750,1
05-E00-006,vamix tab (IPI),Mebendazole 100mg tab or chewable Tablet,حبوب,100mg,,علبة,شريط,1,0,750,750,750,1
05-E00-006,mebendazole 100mg tab (IPI),Mebendazole 100mg tab or chewable Tablet,حبوب,100mg,,علبة,شريط,1,0,1000,1000,1000,1
05-E00-006,Vendazol 100mg (Al_kindi),Mebendazole 100mg tab or chewable Tablet,حبوب,100mg,,علبة,شريط,1,0,1000,1000,1000,1
05-E00-006,mebendazole Awa (Awamedica),Mebendazole 100mg tab or chewable Tablet,حبوب,100mg,,علبة,شريط,5,0,2000,400,2000,1
05-E00-006,BENDAZOLE 100 tablet (JPM),Mebendazole 100mg tab or chewable Tablet,حبوب,100mg,,علبة,شريط,1,0,2250,2250,2250,1
05-E00-006,Vermox 100mg tab (lusomedicamenta – sociedade),Mebendazole 100mg tab or chewable Tablet,حبوب,100mg,,علبة,شريط,1,0,4250,4250,4250,1
05-E00-006,MEBENDAZOLE-furate tab (Al furat),Mebendazole 100mg tab or chewable Tablet,حبوب,100mg,,علبة,شريط,10,0,7500,750,7500,1
05-E00-006,mebendazole 100mg tab (IPI),Mebendazole 100mg tab or chewable Tablet,حبوب,100mg,,علبة,شريط,40,0,30000,750,30000,1
05-E00-006,mebendazole 100mg tab (Al safa),Mebendazole 100mg tab or chewable Tablet,حبوب,100mg,,علبة,شريط,100,0,54000,540,54000,1
05-E00-006,vamix tab (IPI),Mebendazole 100mg tab or chewable Tablet,حبوب,100mg,,علبة,شريط,100,0,54000,540,54000,1
06-AA0-001,Humulin N vial for S.C. injection. (Eli Lilly),"insulin Human (rDNA) ( isophane ,NPH) suspention 100IU\ml( (eq. 3.5mg) 10ml vial SC",فيال,100IU,,علبة,فيال,1,0,19000,19000,19000,1
06-AA0-001,Insulatard 100 IU/ml vial (Novo Nordisk),"insulin Human (rDNA) ( isophane ,NPH) suspention 100IU\ml( (eq. 3.5mg) 10ml vial SC",فيال,100 IU,,علبة,فيال,1,0,20250,20250,20250,1
06-AA0-002,Humulin R vial For S.C. and I.V. injection (Eli Lilly),"insulin Human (soluble,regular) (rDNA) 100 IU\ml (eq. 3.5mg) 10mlvial SC. injection, IV infusion, IM injection.",فيال,100 IU,,علبة,فيال,1,0,19000,19000,19000,1
06-AA0-002,Actrapid 100 IU/ml vial (Novo Nordisk),"insulin Human (soluble,regular) (rDNA) 100 IU\ml (eq. 3.5mg) 10mlvial SC. injection, IV infusion, IM injection.",فيال,100 IU,,علبة,فيال,1,0,20250,20250,20250,1
06-AA0-003,Humulin 70/30 vial for S.C. injection (Eli Lilly),insulin Human suspention (rDNA) as( 30% soluble+70% isophane ) 100IU\ml (3.5mg) 10ml vial SC,فيال,30%,,علبة,فيال,1,0,19000,19000,19000,1
06-AA0-003,"Mixtard 30, 100 IU/ml , suspension for injection in a vial (Novo Nordisk)",insulin Human suspention (rDNA) as( 30% soluble+70% isophane ) 100IU\ml (3.5mg) 10ml vial SC,حقن,100 IU,,علبة,حقنة,1,0,20250,20250,20250,1
06-AA0-030,RYZODEG flex touch solution for injection in a prefilled pen (Novo Nordisk),insulin degludec 70% + 30% insulin asprat (eq to 2.56mg\1.05mg)solution 100IU\ml,حقن,70%,,علبة,حقنة,5,0,161000,32200,161000,1
06-AA0-026,Apidra Solostar 100IU/ML (Sanofi),Insluin Glulisine (r-DNA) 100IU\ml,حقن,100IU,,علبة,حقنة,5,0,63000,12600,63000,1
06-AA0-022,Basalog one inj (Biocodex),100U (3.64mg ) of Insluin glargine (r-DNA) 3ml pre- Filled pen S.C use,حقن,100U,,علبة,حقنة,5,0,52000,10400,52000,1
06-AA0-022,Basaglar Kwikpen 100 U/ml solution for injection in pre- filled pen. (Lilly France),100U (3.64mg ) of Insluin glargine (r-DNA) 3ml pre- Filled pen S.C use,حقن,100 U,,علبة,حقنة,5,0,90000,18000,90000,1
06-AA0-022,Lantus Solostar 300 IU/3ml (Sanofi Aventis),100U (3.64mg ) of Insluin glargine (r-DNA) 3ml pre- Filled pen S.C use,حقن,300 IU,,علبة,حقنة,5,0,92000,18400,92000,1
06-AA0-017,Levemir Flex Pen (Novo Nordisk),insulin Detemir (r-DNA) 100IU\ml (eq.14.2 mg) solution 3ml pre- Filled pen S.C use (3ml),حقن,100IU,,علبة,حقنة,5,0,112000,22400,112000,1
06-AA0-017,"Levemir flexpen 100U /ml ,3ml Pre-filled pen for S.C injection (Novo Nordisk)",insulin Detemir (r-DNA) 100IU\ml (eq.14.2 mg) solution 3ml pre- Filled pen S.C use (3ml),حقن,100U,,علبة,حقنة,5,0,112000,22400,112000,1
06-AB0-064,Uniglit (UPM),Pioglitazone (as hydrochloride ) 30 mg,حبوب,30 mg,,علبة,شريط,1,0,11500,11500,11500,1
06-AB0-064,Piozer 30 mg tablet (Hilton Pharma Pvt/Pakistan),Pioglitazone (as hydrochloride ) 30 mg,حبوب,30 mg,,علبة,شريط,2,0,12250,6125,12250,1
06-AB0-064,Glisenz 30 tablet (DAD),Pioglitazone (as hydrochloride ) 30 mg,حبوب,30 mg,,علبة,شريط,2,0,15750,7875,15750,1
06-AB0-064,glacera 30mg tab (Riyadh pharma),Pioglitazone (as hydrochloride ) 30 mg,حبوب,30mg,,علبة,شريط,3,0,23000,7666.67,23000,1
06-AB0-064,Glados 30mg tab (Tabuk),Pioglitazone (as hydrochloride ) 30 mg,حبوب,30mg,,علبة,شريط,1,0,26500,26500,26500,1
06-AB0-064,Glitagen 30mg tab (Atlantic pharma),Pioglitazone (as hydrochloride ) 30 mg,حبوب,30mg,,علبة,شريط,2,0,29250,14625,29250,1
06-AB0-064,Pioglinor 30mg tab (Lab Normon),Pioglitazone (as hydrochloride ) 30 mg,حبوب,30mg,,علبة,شريط,2,0,35500,17750,35500,1
06-AB0-064,Glitafit 30mg tablet (Atlantic pharma),Pioglitazone (as hydrochloride ) 30 mg,حبوب,30mg,,علبة,شريط,2,0,37000,18500,37000,1
06-AB0-064,Actos 30mg (APM),Pioglitazone (as hydrochloride ) 30 mg,حبوب,30mg,,علبة,شريط,1,0,42000,42000,42000,1
06-AB0-049,glisenz 15 tab (DAD),Pioglitazone (as hydrochloride ) 15 mg,حبوب,15 mg,,علبة,شريط,2,0,11500,5750,11500,1
06-AB0-049,Uniglit (UPM),Pioglitazone (as hydrochloride ) 15 mg,حبوب,15 mg,,علبة,شريط,1,0,11500,11500,11500,1
06-AB0-049,glacera 15mg tab (Riyadh pharma),Pioglitazone (as hydrochloride ) 15 mg,حبوب,15mg,,علبة,شريط,3,0,13500,4500,13500,1
06-AB0-049,Glados 15mg (Tabuk),Pioglitazone (as hydrochloride ) 15 mg,حبوب,15mg,,علبة,شريط,1,0,14500,14500,14500,1
06-AB0-049,Glitafit 15 mg tablet (Atlantic pharma),Pioglitazone (as hydrochloride ) 15 mg,حبوب,15 mg,,علبة,شريط,2,0,23000,11500,23000,1
06-AB0-049,Actos 15mg (APM),Pioglitazone (as hydrochloride ) 15 mg,حبوب,15mg,,علبة,شريط,1,0,27750,27750,27750,1
06-AB0-043,DIAMICRON MR 60 mg (Servier),Gliclazide 60 mg,حبوب,60 mg,,علبة,شريط,2,0,7750,3875,7750,1
06-AB0-008,Glibemid 5mg (Al furat),Glibenclamide 5mg Tablet,حبوب,5mg,,علبة,شريط,1,0,500,500,500,1
06-AB0-008,GlibeNil 5 mg Tablets (Al mansour),Glibenclamide 5mg Tablet,حبوب,5 mg,,علبة,شريط,3,0,2000,666.67,2000,1
06-AB0-008,Gliben Awa 5mg (Awamedica),Glibenclamide 5mg Tablet,حبوب,5mg,,علبة,شريط,2,0,2250,1125,2250,1
06-AB0-008,DAONEER 5mg (Pioneer),Glibenclamide 5mg Tablet,حبوب,5mg,,علبة,شريط,3,0,3000,1000,3000,1
06-AB0-008,Glitisol 5 mg tab (Remedica),Glibenclamide 5mg Tablet,حبوب,5 mg,,علبة,شريط,10,0,4750,475,4750,1
06-AB0-008,Glibesyn 5mg tab (Medochemie),Glibenclamide 5mg Tablet,حبوب,5mg,,علبة,شريط,10,0,5500,550,5500,1
06-AB0-008,Glibemid 5mg tab (Al furat),Glibenclamide 5mg Tablet,حبوب,5mg,,علبة,شريط,10,0,6500,650,6500,1
06-AB0-008,melix 5mg tab (Lagap),Glibenclamide 5mg Tablet,حبوب,5mg,,علبة,شريط,10,0,6750,675,6750,1
06-AB0-008,daonil 5mg tab (Opella Healthcare International /France),Glibenclamide 5mg Tablet,حبوب,5mg,,علبة,شريط,10,0,14250,1425,14250,1
06-AB0-014,piophage 500mg (Pioneer),Metformin hydrochloride 500mg Tablet,حبوب,500mg,,علبة,شريط,1,0,1000,1000,1000,1
06-AB0-014,metformin Awa 500mg tab (Awamedica),Metformin hydrochloride 500mg Tablet,حبوب,500mg,,علبة,شريط,3,0,1500,500,1500,1
06-AB0-014,Glucomet 500mg (Al furat),Metformin hydrochloride 500mg Tablet,حبوب,500mg,,علبة,شريط,3,0,1500,500,1500,1
06-AB0-014,metphage 500mg (Al_kindi),Metformin hydrochloride 500mg Tablet,حبوب,500mg,,علبة,شريط,1,0,1500,1500,1500,1
06-AB0-014,glucosaf 500 f.c.t (Al safa),Metformin hydrochloride 500mg Tablet,حبوب,500mg,,علبة,شريط,3,0,1500,500,1500,1
06-AB0-014,MDI metfor-500 tab,Metformin hydrochloride 500mg Tablet,حبوب,500mg,,علبة,شريط,3,0,2250,750,2250,1
06-AB0-014,PIOPHAGE 500mg (Pioneer),Metformin hydrochloride 500mg Tablet,حبوب,500mg,,علبة,شريط,2,0,2250,1125,2250,1
06-AB0-014,metphage 500mg (Al_kindi),Metformin hydrochloride 500mg Tablet,حبوب,500mg,,علبة,شريط,3,0,2250,750,2250,1
06-AB0-014,metformin-mel 500 mg tablet (Middle east),Metformin hydrochloride 500mg Tablet,حبوب,500 mg,,علبة,شريط,5,0,2500,500,2500,1
06-AB0-014,Dimet 500 mg tab (Zynova),Metformin hydrochloride 500mg Tablet,حبوب,500 mg,,علبة,شريط,5,0,2500,500,2500,1
06-AB0-014,Glucomet 500mg tab (Al furat),Metformin hydrochloride 500mg Tablet,حبوب,500mg,,علبة,شريط,5,0,2500,500,2500,1
06-AB0-014,Formit 500mg (DAD),Metformin hydrochloride 500mg Tablet,حبوب,500mg,,علبة,شريط,5,0,3000,600,3000,1
06-AB0-014,Dialon 500mg (Julphar),Metformin hydrochloride 500mg Tablet,حبوب,500mg,,علبة,شريط,4,0,3000,750,3000,1
06-AB0-014,Glucare 500 mg tab. (JPI (Jazeera pharma. Indust.)),Metformin hydrochloride 500mg Tablet,حبوب,500 mg,,علبة,شريط,5,0,3500,700,3500,1
06-AB0-014,Metformin Denk 500 (Denk pharma),Metformin hydrochloride 500mg Tablet,حبوب,500mg,,علبة,شريط,3,0,3500,1166.67,3500,1
06-AB0-014,Metforal 500 mg FCT (Menarini van hyden gmbh),Metformin hydrochloride 500mg Tablet,حبوب,500 mg,,علبة,شريط,5,0,5500,1100,5500,1
06-AB0-014,metformoin 500mg tab (Bristol lab),Metformin hydrochloride 500mg Tablet,حبوب,500mg,,علبة,شريط,6,0,5750,958.33,5750,1
06-AB0-014,Metphage 500mg (Al_kindi),Metformin hydrochloride 500mg Tablet,حبوب,500mg,,علبة,شريط,10,0,7500,750,7500,1
06-AB0-014,Metformin Denk 500mg tab (Denk pharma),Metformin hydrochloride 500mg Tablet,حبوب,500mg,,علبة,شريط,10,0,10750,1075,10750,1
06-AB0-014,Glucophage 500mg fct (Merck),Metformin hydrochloride 500mg Tablet,حبوب,500mg,,علبة,شريط,5,0,11500,2300,11500,1
06-AB0-014,metformin-mel 500 (Middle east),Metformin hydrochloride 500mg Tablet,حبوب,500mg,,علبة,شريط,100,0,37000,370,37000,1
06-AB0-014,glucosaf 500 f.c.t (Al safa),Metformin hydrochloride 500mg Tablet,حبوب,500mg,,علبة,شريط,100,0,37000,370,37000,1
06-AB0-014,piophage 500mg (Pioneer),Metformin hydrochloride 500mg Tablet,حبوب,500mg,,علبة,شريط,50,0,39000,780,39000,1
06-AB0-014,MDI metfor-500 f.c.tab,Metformin hydrochloride 500mg Tablet,حبوب,500mg,,علبة,شريط,360,0,167000,463.89,167000,1
06-AB0-015,piophage 850mg (Pioneer),Metformin hydrochloride 850mg,حبوب,850mg,,علبة,شريط,1,0,1000,1000,1000,1
06-AB0-015,PIOPHAGE 850mg (Pioneer),Metformin hydrochloride 850mg,حبوب,850mg,,علبة,شريط,2,0,2000,1000,2000,1
06-AB0-015,glucomet 850mg tab (Al furat),Metformin hydrochloride 850mg,حبوب,850mg,,علبة,شريط,3,0,2250,750,2250,1
06-AB0-015,metformin Awa 850mg tab (Awamedica),Metformin hydrochloride 850mg,حبوب,850mg,,علبة,شريط,2,0,2250,1125,2250,1
06-AB0-015,glucosaf 850 f.c.t (Al safa),Metformin hydrochloride 850mg,حبوب,850mg,,علبة,شريط,3,0,2500,833.33,2500,1
06-AB0-015,Dialon 850mg tab (Julphar),Metformin hydrochloride 850mg,حبوب,850mg,,علبة,شريط,2,0,2500,1250,2500,1
06-AB0-015,Formit 850mg (DAD),Metformin hydrochloride 850mg,حبوب,850mg,,علبة,شريط,3,0,3000,1000,3000,1
06-AB0-015,metfor MDI 850mg tab,Metformin hydrochloride 850mg,حبوب,850mg,,علبة,شريط,3,0,3000,1000,3000,1
06-AB0-015,Neomet 850mg tab (neopharma),Metformin hydrochloride 850mg,حبوب,850mg,,علبة,شريط,1,0,3000,3000,3000,1
06-AB0-015,Metformin AIWA 850 (T & D),Metformin hydrochloride 850mg,حبوب,850mg,,علبة,شريط,2,0,3500,1750,3500,1
06-AB0-015,Dimet 850mg tab (Zynova),Metformin hydrochloride 850mg,حبوب,850mg,,علبة,شريط,5,0,4000,800,4000,1
06-AB0-015,Metformin Denk 850 mg (Denk pharma),Metformin hydrochloride 850mg,حبوب,850 mg,,علبة,شريط,2,0,4750,2375,4750,1
06-AB0-015,Metphage 850mg (Al_kindi),Metformin hydrochloride 850mg,حبوب,850mg,,علبة,شريط,5,0,4750,950,4750,1
06-AB0-015,Brot 850 mg f.c. tab. (Medochemie),Metformin hydrochloride 850mg,حبوب,850 mg,,علبة,شريط,10,0,6750,675,6750,1
06-AB0-015,glucomet 850mg (Al furat),Metformin hydrochloride 850mg,حبوب,850mg,,علبة,شريط,10,0,7500,750,7500,1
06-AB0-015,metforvitae 850mg f.c.t (SAG manufacturing),Metformin hydrochloride 850mg,حبوب,850mg,,علبة,شريط,5,0,7750,1550,7750,1
06-AB0-015,Glifor 850 mg tab (Bilim),Metformin hydrochloride 850mg,حبوب,850 mg,,علبة,شريط,10,0,9250,925,9250,1
06-AB0-015,Siofor 850 mg tab (Berlin Chemie AG),Metformin hydrochloride 850mg,حبوب,850 mg,,علبة,شريط,8,0,14500,1812.5,14500,1
06-AB0-015,Metformin Denk 850 mg,Metformin hydrochloride 850mg,حبوب,850 mg,,علبة,شريط,8,0,15250,1906.25,15250,1
06-AB0-015,Glucophage 850 mg tab (Merck),Metformin hydrochloride 850mg,حبوب,850 mg,,علبة,شريط,5,0,16750,3350,16750,1
06-AB0-015,piophage 850mg (Pioneer),Metformin hydrochloride 850mg,حبوب,850mg,,علبة,شريط,50,0,39000,780,39000,1
06-AB0-019,PIOPHAGE 1000mg (Pioneer),Metformin hydrochloride 1000mg ordinary Tablet,حبوب,1000mg,,علبة,شريط,2,0,2750,1375,2750,1
06-AB0-019,metforix 1000mg F.C tab (Vefa ilac),Metformin hydrochloride 1000mg ordinary Tablet,حبوب,1000mg,,علبة,شريط,3,0,3000,1000,3000,1
06-AB0-019,MDImetfor 1000 tab,Metformin hydrochloride 1000mg ordinary Tablet,حبوب,1000mg,,علبة,شريط,3,0,3250,1083.33,3250,1
06-AB0-019,glucomet - 1000mg FCT (Al furat),Metformin hydrochloride 1000mg ordinary Tablet,حبوب,1000mg,,علبة,شريط,3,0,3250,1083.33,3250,1
06-AB0-019,glucosaf 1000 f.c.t (Al safa),Metformin hydrochloride 1000mg ordinary Tablet,حبوب,1000mg,,علبة,شريط,3,0,3250,1083.33,3250,1
06-AB0-019,Formit 1000mg (DAD),Metformin hydrochloride 1000mg ordinary Tablet,حبوب,1000mg,,علبة,شريط,2,0,3750,1875,3750,1
06-AB0-019,neomet 1000mg tab (neopharma),Metformin hydrochloride 1000mg ordinary Tablet,حبوب,1000mg,,علبة,شريط,2,0,3750,1875,3750,1
06-AB0-019,Dialon 1000mg (Julphar),Metformin hydrochloride 1000mg ordinary Tablet,حبوب,1000mg,,علبة,شريط,3,0,4000,1333.33,4000,1
06-AB0-019,Metformin Denk 1000 mg (Denk pharma),Metformin hydrochloride 1000mg ordinary Tablet,حبوب,1000 mg,,علبة,شريط,2,0,6750,3375,6750,1
06-AB0-019,Glucophage 1000mg (Merck Sante S.A.S.),Metformin hydrochloride 1000mg ordinary Tablet,حبوب,1000mg,,علبة,شريط,2,0,7500,3750,7500,1
06-AB0-019,glucomet 1000mg tab (Al furat),Metformin hydrochloride 1000mg ordinary Tablet,حبوب,1000mg,,علبة,شريط,10,0,10000,1000,10000,1
06-AB0-019,Siofor 1000 mg tab (Berlin),Metformin hydrochloride 1000mg ordinary Tablet,حبوب,1000 mg,,علبة,شريط,4,0,10000,2500,10000,1
06-AB0-019,Glifor 1000 mg fct (Bilim),Metformin hydrochloride 1000mg ordinary Tablet,حبوب,1000 mg,,علبة,شريط,10,0,11750,1175,11750,1
06-AB0-019,glucosaf 1000 f.c.t (Al safa),Metformin hydrochloride 1000mg ordinary Tablet,حبوب,1000mg,,علبة,شريط,100,0,74000,740,74000,1
06-AB0-010,Glim 2mg (Spimaco),Glimepiride 2mg Tablet,حبوب,2mg,,علبة,شريط,2,0,4250,2125,4250,1
06-AB0-010,glimee-2 (SDI),Glimepiride 2mg Tablet,حبوب,2mg,,علبة,شريط,2,0,4500,2250,4500,1
06-AB0-010,dolcyl 2mg tab (Medical union),Glimepiride 2mg Tablet,حبوب,2mg,,علبة,شريط,3,0,5000,1666.67,5000,1
06-AB0-010,Glimeryl 2mg (UPM),Glimepiride 2mg Tablet,حبوب,2mg,,علبة,شريط,3,0,5250,1750,5250,1
06-AB0-010,Diapride 2mg tab (DAD),Glimepiride 2mg Tablet,حبوب,2mg,,علبة,شريط,2,0,5750,2875,5750,1
06-AB0-010,Emipride 2mg (Global pharma),Glimepiride 2mg Tablet,حبوب,2mg,,علبة,شريط,2,0,5750,2875,5750,1
06-AB0-010,Glypride 2 mg (Julphar),Glimepiride 2mg Tablet,حبوب,2 mg,,علبة,شريط,3,0,5750,1916.67,5750,1
06-AB0-010,PIORYL 2mg (Pioneer),Glimepiride 2mg Tablet,حبوب,2mg,,علبة,شريط,3,0,5750,1916.67,5750,1
06-AB0-010,Aylide 2 (Mylan laboratoies limited/india),Glimepiride 2mg Tablet,حبوب,2mg,,علبة,شريط,2,0,5750,2875,5750,1
06-AB0-010,Glemax 2mg (Joswe),Glimepiride 2mg Tablet,حبوب,2mg,,علبة,شريط,2,0,5750,2875,5750,1
06-AB0-010,labmaryl 2mg tab (IPI),Glimepiride 2mg Tablet,حبوب,2mg,,علبة,شريط,3,0,6000,2000,6000,1
06-AB0-010,Glimsaf 2mg tab (Al safa),Glimepiride 2mg Tablet,حبوب,2mg,,علبة,شريط,3,0,6000,2000,6000,1
06-AB0-010,Glimeryl 3mg (UPM),Glimepiride 2mg Tablet,حبوب,3mg,,علبة,شريط,3,0,6000,2000,6000,1
06-AB0-010,Dialosa (Pharmapath S.A/Greece),Glimepiride 2mg Tablet,حبوب,2mg,,علبة,شريط,2,0,6500,3250,6500,1
06-AB0-010,Diameril 2 mg (Pharmaline),Glimepiride 2mg Tablet,حبوب,2 mg,,علبة,شريط,1,0,7500,7500,7500,1
06-AB0-010,piramyl 2 mg tab (Tabuk),Glimepiride 2mg Tablet,حبوب,2 mg,,علبة,شريط,3,0,7750,2583.33,7750,1
06-AB0-010,Glimepiride Denk 2 tab (Denk pharma),Glimepiride 2mg Tablet,حبوب,2mg,,علبة,شريط,2,0,8750,4375,8750,1
06-AB0-010,Glorion 2mg tab (Hikma),Glimepiride 2mg Tablet,حبوب,2mg,,علبة,شريط,3,0,8750,2916.67,8750,1
06-AB0-010,Glemax 2mg tablet (Joswe),Glimepiride 2mg Tablet,حبوب,2mg,,علبة,شريط,4,0,10500,2625,10500,1
06-AB0-010,Amaryl 2mg tab (Sanofi),Glimepiride 2mg Tablet,حبوب,2mg,,علبة,شريط,2,0,13250,6625,13250,1
06-AB0-010,MDIPRIDE 2 tab,Glimepiride 2mg Tablet,حبوب,2mg,,علبة,شريط,10,0,17250,1725,17250,1
06-AB0-026,glimee-4 (SDI),Glimepiride 4mg,حبوب,4mg,,علبة,شريط,2,0,5750,2875,5750,1
06-AB0-026,dolcyl 4mg tab (Medical union pharmaceutical -ARE),Glimepiride 4mg,حبوب,4mg,,علبة,شريط,3,0,7250,2416.67,7250,1
06-AB0-026,awaryl 4mg (Awamedica),Glimepiride 4mg,حبوب,4mg,,علبة,شريط,3,0,8000,2666.67,8000,1
06-AB0-026,furapride 4mg tab (Al furat),Glimepiride 4mg,حبوب,4mg,,علبة,شريط,3,0,8000,2666.67,8000,1
06-AB0-026,As-Amarine 4mg (Aswar alkhalej),Glimepiride 4mg,حبوب,4mg,,علبة,شريط,3,0,8000,2666.67,8000,1
06-AB0-026,Glemax 4mg (Joswe),Glimepiride 4mg,حبوب,4mg,,علبة,شريط,2,0,8000,4000,8000,1
06-AB0-026,labmaryl 4mg tab (IPI),Glimepiride 4mg,حبوب,4mg,,علبة,شريط,3,0,9000,3000,9000,1
06-AB0-026,Aylide 4 (Mylan laboratoies limited/india),Glimepiride 4mg,حبوب,4mg,,علبة,شريط,2,0,9750,4875,9750,1
06-AB0-026,Diapride 4mg tab (DAD),Glimepiride 4mg,حبوب,4mg,,علبة,شريط,2,0,9750,4875,9750,1
06-AB0-026,Glim 4mg (Spimaco),Glimepiride 4mg,حبوب,4mg,,علبة,شريط,2,0,9750,4875,9750,1
06-AB0-026,Glimeryl 4 mg tab. (UPM),Glimepiride 4mg,حبوب,4 mg,,علبة,شريط,3,0,10750,3583.33,10750,1
06-AB0-026,Adinsulin-S 4mg tab (Medicair Bioscience),Glimepiride 4mg,حبوب,4mg,,علبة,شريط,2,0,11500,5750,11500,1
06-AB0-026,Diameril 4mg tablet (Pharmaline),Glimepiride 4mg,حبوب,4mg,,علبة,شريط,2,0,12000,6000,12000,1
06-AB0-026,piramyl 4mg (Tabuk),Glimepiride 4mg,حبوب,4mg,,علبة,شريط,3,0,12250,4083.33,12250,1
06-AB0-026,Glypride 4mg (Julphar),Glimepiride 4mg,حبوب,4mg,,علبة,شريط,3,0,12750,4250,12750,1
06-AB0-026,Glemax 4mg tab. (Joswe),Glimepiride 4mg,حبوب,4mg,,علبة,شريط,4,0,13000,3250,13000,1
06-AB0-026,Glorion 4mg tab (Hikma),Glimepiride 4mg,حبوب,4mg,,علبة,شريط,3,0,13750,4583.33,13750,1
06-AB0-026,Amaryl 4mg tab (Sanofi),Glimepiride 4mg,حبوب,4mg,,علبة,شريط,2,0,16250,8125,16250,1
06-AB0-038,Vildasaf (Al safa),Vildagliptin 50 mg,حبوب,50 mg,,علبة,شريط,3,0,10500,3500,10500,1
06-AB0-038,vicreas 50mg (Awamedica),Vildagliptin 50 mg,حبوب,50mg,,علبة,شريط,3,0,10500,3500,10500,1
06-AB0-038,gleptal tab 50mg (AL-taqaddom pharmaceutical Industries),Vildagliptin 50 mg,حبوب,50mg,,علبة,شريط,3,0,10750,3583.33,10750,1
06-AB0-038,Gliptus 50mg tab (Eva pharma),Vildagliptin 50 mg,حبوب,50mg,,علبة,شريط,3,0,11500,3833.33,11500,1
06-AB0-038,iylus 50mg tab (Savvy Pharma),Vildagliptin 50 mg,حبوب,50mg,,علبة,شريط,3,0,11500,3833.33,11500,1
06-AB0-038,Viltin 50mg tab (Pharma International),Vildagliptin 50 mg,حبوب,50mg,,علبة,شريط,4,0,12750,3187.5,12750,1
06-AB0-038,Vildus (.Jamjoom ph),Vildagliptin 50 mg,حبوب,50 mg,,علبة,شريط,3,0,13000,4333.33,13000,1
06-AB0-038,VIDEL 50 mg (Delorbis),Vildagliptin 50 mg,حبوب,50 mg,,علبة,شريط,3,0,13500,4500,13500,1
06-AB0-038,Glunorm 50mg tab (DAD),Vildagliptin 50 mg,حبوب,50mg,,علبة,شريط,3,0,13750,4583.33,13750,1
06-AB0-038,dalmevin 50mg tab (Medochemie),Vildagliptin 50 mg,حبوب,50mg,,علبة,شريط,3,0,13750,4583.33,13750,1
06-AB0-038,VILDARIL 50 mg tablet (Ajanta),Vildagliptin 50 mg,حبوب,50 mg,,علبة,شريط,3,0,15250,5083.33,15250,1
06-AB0-038,Vildavitae (SAG manufacturing),Vildagliptin 50 mg,حبوب,50 mg,,علبة,شريط,2,0,17000,8500,17000,1
06-AB0-038,gleptal tab 50mg (AL-taqaddom pharmaceutical Industries),Vildagliptin 50 mg,حبوب,50mg,,علبة,شريط,6,0,18750,3125,18750,1
06-AB0-038,vildatin 50mg tab (med city pharma),Vildagliptin 50 mg,حبوب,50mg,,علبة,شريط,6,0,20250,3375,20250,1
06-AB0-038,viltin 50mg tab (Pharma International),Vildagliptin 50 mg,حبوب,50mg,,علبة,شريط,10,0,20250,2025,20250,1
06-AB0-038,Galvus 50 mg tab. (NOVARTIS),Vildagliptin 50 mg,حبوب,50 mg,,علبة,شريط,2,0,25500,12750,25500,1
06-AB0-038,Vildasaf (Al safa),Vildagliptin 50 mg,حبوب,50 mg,,علبة,شريط,50,0,130000,2600,130000,1
06-AB0-031,Onglyza 2.5mg tab (Astrazeneca),Saxagliptin (as hydrochloride ) 2.5mg,حبوب,2.5mg,,علبة,شريط,3,0,36000,12000,36000,1
06-AB0-032,Onglyza 5mg tab (Astrazeneca),Saxagliptin (as hydrochloride ) 5mg,حبوب,5mg,,علبة,شريط,3,0,36000,12000,36000,1
06-AB0-048,Adrance 25mg (ATCO),Empagliflozin 25 mg,حبوب,25mg,,علبة,شريط,2,0,14250,7125,14250,1
06-AB0-048,xenglu 25mg tab (Hilton Pharma Pvt/Pakistan),Empagliflozin 25 mg,حبوب,25mg,,علبة,شريط,4,0,14250,3562.5,14250,1
06-AB0-048,Empaglimax 25mg f.c.t (Hikma),Empagliflozin 25 mg,حبوب,25mg,,علبة,شريط,3,0,24500,8166.67,24500,1
06-AB0-048,empaza 25mg f.c.tab (Pharmaline),Empagliflozin 25 mg,حبوب,25mg,,علبة,شريط,3,0,24500,8166.67,24500,1
06-AB0-048,Xigus 25mg (Sama Alfayhaa),Empagliflozin 25 mg,حبوب,25mg,,علبة,شريط,3,0,26000,8666.67,26000,1
06-AB0-048,Sana empaxa 25mg tab (Sana pharma),Empagliflozin 25 mg,حبوب,25mg,,علبة,شريط,3,0,30750,10250,30750,1
06-AB0-048,Jardiance 25mg fct (Rottendorf pharma GmbH),Empagliflozin 25 mg,حبوب,25mg,,علبة,شريط,3,0,59000,19666.67,59000,1
06-AB0-024,Atcoglip 100mg,Sitagliptin 100mg film coated tablet,حبوب,100mg,,علبة,شريط,2,0,10750,5375,10750,1
06-AB0-024,sagifor 100mg tab (Pharmaline),Sitagliptin 100mg film coated tablet,حبوب,100mg,,علبة,شريط,3,0,20250,6750,20250,1
06-AB0-024,sitapril 100 f.c tab (Awamedica),Sitagliptin 100mg film coated tablet,حبوب,100mg,,علبة,شريط,3,0,26000,8666.67,26000,1
06-AB0-024,SITAVIA 100mg (Pioneer),Sitagliptin 100mg film coated tablet,حبوب,100mg,,علبة,شريط,2,0,30000,15000,30000,1
06-AB0-024,SITAGLIPT-100tab (MDI),Sitagliptin 100mg film coated tablet,حبوب,100mg,,علبة,شريط,3,0,30000,10000,30000,1
06-AB0-024,Januvia 100mg tab (ORGANON PHARMA LIMITED),Sitagliptin 100mg film coated tablet,حبوب,100mg,,علبة,شريط,2,0,51000,25500,51000,1
06-AB0-024,SITAGLIPT-100tab (MDI),Sitagliptin 100mg film coated tablet,حبوب,100mg,,علبة,شريط,600,0,5044000,8406.67,5044000,1
06-AB0-047,Adrance 10mg (ATCO),Empagliflozin 10 mg tablet,حبوب,10mg,,علبة,شريط,2,0,12500,6250,12500,1
06-AB0-047,Diacol (Ultra medica),Empagliflozin 10 mg tablet,حبوب,10 mg,,علبة,شريط,3,0,23750,7916.67,23750,1
06-AB0-047,endozin 10mg (Pioneer),Empagliflozin 10 mg tablet,حبوب,10mg,,علبة,شريط,2,0,24000,12000,24000,1
06-AB0-047,empaza 10mg f.c.tab (Pharmaline),Empagliflozin 10 mg tablet,حبوب,10mg,,علبة,شريط,3,0,24500,8166.67,24500,1
06-AB0-047,Sana empaxa 10mg tab (Sana pharma),Empagliflozin 10 mg tablet,حبوب,10mg,,علبة,شريط,3,0,24500,8166.67,24500,1
06-AB0-047,Xigus 10mg tab (Sama Alfayhaa),Empagliflozin 10 mg tablet,حبوب,10mg,,علبة,شريط,3,0,25750,8583.33,25750,1
06-AB0-047,empadil 10mg F.C.T (Awamedica),Empagliflozin 10 mg tablet,حبوب,10mg,,علبة,شريط,3,0,26000,8666.67,26000,1
06-AB0-047,Jardiance 10mg fct (Rottendorf pharma GmbH),Empagliflozin 10 mg tablet,حبوب,10mg,,علبة,شريط,3,0,59000,19666.67,59000,1
06-AB0-046,DAPA tab 5mg (Hilton Pharma Pvt/Pakistan),Dapagliflozin ( as propanediol) 5 mg tablet,حبوب,5mg,,علبة,شريط,2,0,9500,4750,9500,1
06-AB0-046,DAPAFIX 5mg Film Coated Tablets (Dubai),Dapagliflozin ( as propanediol) 5 mg tablet,حبوب,5mg,,علبة,شريط,3,0,15500,5166.67,15500,1
06-AB0-046,dapaxosin 5 mg tab (SDI),Dapagliflozin ( as propanediol) 5 mg tablet,حبوب,5 mg,,علبة,شريط,3,0,15500,5166.67,15500,1
06-AB0-046,dapaveldactin(f.c.t) (Liptis),Dapagliflozin ( as propanediol) 5 mg tablet,حبوب,5 mg,,علبة,شريط,4,0,21750,5437.5,21750,1
06-AB0-046,Deplazen (DAD),Dapagliflozin ( as propanediol) 5 mg tablet,حبوب,5 mg,,علبة,شريط,3,0,23500,7833.33,23500,1
06-AB0-046,PIOXIGA 5mg (Pioneer),Dapagliflozin ( as propanediol) 5 mg tablet,حبوب,5mg,,علبة,شريط,2,0,24250,12125,24250,1
06-AB0-046,EXORENA 5mg (Sama Alfayhaa),Dapagliflozin ( as propanediol) 5 mg tablet,كبسول,5mg,,علبة,شريط,3,0,24250,8083.33,24250,1
06-AB0-046,Diaglip 5mg f.c.tab (Jamjoom),Dapagliflozin ( as propanediol) 5 mg tablet,حبوب,5mg,,علبة,شريط,3,0,29500,9833.33,29500,1
06-AB0-046,Divinus 5mg f.c.tab (Hikma),Dapagliflozin ( as propanediol) 5 mg tablet,حبوب,5mg,,علبة,شريط,3,0,31500,10500,31500,1
06-AB0-046,DAPA 10mg tablet (Hilton Pharma Pvt/Pakistan),Dapagliflozin ( as propanediol) 10 mg tablet,حبوب,10mg,,علبة,شريط,2,0,12000,6000,12000,1
06-AB0-046,Dapaveldactin 10mg (f.c.t) (Lipitis),Dapagliflozin ( as propanediol) 10 mg tablet,حبوب,10mg,,علبة,شريط,4,0,21750,5437.5,21750,1
06-AB0-046,EXORENA 10mg (Sama Alfayhaa),Dapagliflozin ( as propanediol) 10 mg tablet,كبسول,10mg,,علبة,شريط,3,0,28000,9333.33,28000,1
06-AB0-046,Diaglip 10mg f.c.tab (Jamjoom),Dapagliflozin ( as propanediol) 10 mg tablet,حبوب,10mg,,علبة,شريط,3,0,29500,9833.33,29500,1
06-AB0-046,Deplazen 10 (DAD),Dapagliflozin ( as propanediol) 10 mg tablet,حبوب,10 mg,,علبة,شريط,3,0,29500,9833.33,29500,1
06-AB0-046,DAPAFIX 10mg Film Coated Tablets (Dubai),Dapagliflozin ( as propanediol) 10 mg tablet,حبوب,10mg,,علبة,شريط,3,0,30000,10000,30000,1
06-AB0-046,dapaxosin 10 mg f.c.t (SDI),Dapagliflozin ( as propanediol) 10 mg tablet,حبوب,10 mg,,علبة,شريط,3,0,30000,10000,30000,1
06-AB0-046,PIOXIGA 10mg (Pioneer),Dapagliflozin ( as propanediol) 10 mg tablet,حبوب,10mg,,علبة,شريط,2,0,30000,15000,30000,1
06-AB0-046,Divinus 10mg FCT (Hikma),Dapagliflozin ( as propanediol) 10 mg tablet,حبوب,10mg,,علبة,شريط,3,0,36500,12166.67,36500,1
06-AB0-046,forxiga 10mg (Astra zeneca),Dapagliflozin ( as propanediol) 10 mg tablet,حبوب,10mg,,علبة,شريط,2,0,61000,30500,61000,1
06-B00-001,Glucagen 1mg hypokit (Novo Nordisk),"Glucagon 1mg ≡ 1 I.U (as hydrochloride) Biosynthetic /ml with solvent S.C, I.M , I.V (inj- vial )",فيال,1mg,,علبة,فيال,1,0,46000,46000,46000,1
06-B00-001,Glucagen 1 mg (Novo Nordisk),"Glucagon 1mg ≡ 1 I.U (as hydrochloride) Biosynthetic /ml with solvent S.C, I.M , I.V (inj- vial )",فيال,1 mg,,علبة,فيال,1,0,50000,50000,50000,1
06-C00-028,Minirin melt 120mcg (Catalent U.K Swindon /uk),Desmopressin (as acetate ) 120 mcg,حبوب,120mcg,,علبة,شريط,3,0,89000,29666.67,89000,1
06-C00-043,Minirin nasal spray (Ferring),Desmopressin acetate 150 mcg/dose metered nasal spray delivering 25 doses,بخاخ,150 mcg,,عبوة,عبوة,1,0,55000,55000,55000,1
06-C00-010,Saizen 1.33 mg vial (Lab Serono),"Somatropin (Recombinant Human Growth Hormone,rhGH) vial or pen",فيال,1.33 mg,,علبة,فيال,1,0,37000,37000,37000,1
06-C00-010,Cinnatropin 5mg (Cinnagen co.),"Somatropin (Recombinant Human Growth Hormone,rhGH) vial or pen",حقن,5mg,,علبة,حقنة,1,0,53000,53000,53000,1
06-C00-010,cinnatropin 10mg prefilled pen (Cinnagen co.),"Somatropin (Recombinant Human Growth Hormone,rhGH) vial or pen",حقن,10mg,,علبة,حقنة,1,0,105000,105000,105000,1
06-C00-010,Genotropin 12mg Go quick (Pfizer),"Somatropin (Recombinant Human Growth Hormone,rhGH) vial or pen",حقن,12mg,,علبة,حقنة,1,0,126000,126000,126000,1
06-C00-010,Genotonorm 5.3 mg(Genotropine) (16 IU) (Pfizer),"Somatropin (Recombinant Human Growth Hormone,rhGH) vial or pen",حقن,5.3 mg,,علبة,حقنة,1,0,173000,173000,173000,1
06-C00-010,Genotropin (5.3 mg) Go Quick (vetter pharma Fertigung GmbH & Co.),"Somatropin (Recombinant Human Growth Hormone,rhGH) vial or pen",حقن,5.3 mg,,علبة,حقنة,2,0,173000,86500,173000,1
06-C00-010,Genotropin 5.3 mg (vetter pharma Fertigung GmbH & Co.),"Somatropin (Recombinant Human Growth Hormone,rhGH) vial or pen",حقن,5.3 mg,,علبة,حقنة,1,0,173000,173000,173000,1
06-C00-010,orditropin nordiflex 10mg/1.5 (ml Novo Nordisk),"Somatropin (Recombinant Human Growth Hormone,rhGH) vial or pen",حقن,10mg,,علبة,حقنة,1,0,173000,173000,173000,1
06-C00-010,"omnitrope 3,3mg/ml sol. For inj. (sandoz)","Somatropin (Recombinant Human Growth Hormone,rhGH) vial or pen",حقن,3mg,,علبة,حقنة,5,0,271000,54200,271000,1
06-C00-010,Saizen 8mg/ml s.c inj. (serono spa),"Somatropin (Recombinant Human Growth Hormone,rhGH) vial or pen",حقن,8mg,,علبة,حقنة,1,0,531000,531000,531000,1
06-C00-010,Omnitrope 10mg/1.5ml injection (sandoz),"Somatropin (Recombinant Human Growth Hormone,rhGH) vial or pen",حقن,10mg,,علبة,حقنة,5,0,867000,173400,867000,1
06-C00-011,"Follitrope injection 75IU/0.15ml in PFS for S.C. or I.M. Use (LG Chem,Ltd)","Follitropin alfa (recombinant human follicle stimulating hormone ,r-hFSH) 75 IU vial S.C , I.M injection",حقن,75IU,,علبة,حقنة,1,0,28000,28000,28000,1
06-C00-011,Fostimon 75 IU s.c. i.m. vial (IBSA),"Follitropin alfa (recombinant human follicle stimulating hormone ,r-hFSH) 75 IU vial S.C , I.M injection",فيال,75 IU,,علبة,فيال,1,0,30500,30500,30500,1
06-C00-011,Gonal-f 75IU (5.5mcg) (Merck Serono),"Follitropin alfa (recombinant human follicle stimulating hormone ,r-hFSH) 75 IU vial S.C , I.M injection",فيال,75IU,,علبة,فيال,1,0,38000,38000,38000,1
06-C00-045,Menotas HP 75I.U I.M/S.C vial (Intas),"menotrophin 75 (human menopausal gonadotrophin, HMG) corresponding to highly purified human postmenopausal urinary follicle stimulating hormone,FSH 75 IU +highly purified human postmenopausal urinary luteinising hormone,LH 75 IU powder+solvent ampoule or vial I.M ,S.C",فيال,75I.U,,علبة,فيال,1,0,12750,12750,12750,1
06-C00-045,"IVF-M 75 IU injection (LG Chem,Ltd)","menotrophin 75 (human menopausal gonadotrophin, HMG) corresponding to highly purified human postmenopausal urinary follicle stimulating hormone,FSH 75 IU +highly purified human postmenopausal urinary luteinising hormone,LH 75 IU powder+solvent ampoule or vial I.M ,S.C",حقن,75 IU,,علبة,حقنة,1,0,18250,18250,18250,1
06-C00-045,Merional 75 IU vial (IBSA),"menotrophin 75 (human menopausal gonadotrophin, HMG) corresponding to highly purified human postmenopausal urinary follicle stimulating hormone,FSH 75 IU +highly purified human postmenopausal urinary luteinising hormone,LH 75 IU powder+solvent ampoule or vial I.M ,S.C",فيال,75 IU,,علبة,فيال,1,0,28000,28000,28000,1
06-C00-045,Menogon 75 IU inj (Ferring GmbH),"menotrophin 75 (human menopausal gonadotrophin, HMG) corresponding to highly purified human postmenopausal urinary follicle stimulating hormone,FSH 75 IU +highly purified human postmenopausal urinary luteinising hormone,LH 75 IU powder+solvent ampoule or vial I.M ,S.C",حقن,75 IU,,علبة,حقنة,10,0,154000,15400,154000,1
06-C00-045,Menopur 75 IU inj (Ferring GmbH),"menotrophin 75 (human menopausal gonadotrophin, HMG) corresponding to highly purified human postmenopausal urinary follicle stimulating hormone,FSH 75 IU +highly purified human postmenopausal urinary luteinising hormone,LH 75 IU powder+solvent ampoule or vial I.M ,S.C",حقن,75 IU,,علبة,حقنة,10,0,298000,29800,298000,1
06-C00-046,Choriomon 5000 IU vial (IBSA),"higly purified Urinary human chorionic gonadotrophin (HCG) 5000 IU powder + solvent vial or ampoule ,I.M, S.C injection",فيال,5000 IU,,علبة,فيال,3,0,57000,19000,57000,1
06-C00-046,"Chorapur 5000 IU solution for inj. (ferring GmbH, Houpt pharma wulfing GmbH)","higly purified Urinary human chorionic gonadotrophin (HCG) 5000 IU powder + solvent vial or ampoule ,I.M, S.C injection",حقن,5000 IU,,علبة,حقنة,3,0,130000,43333.33,130000,1
06-C00-021,Ovitrelle 250mcg/0.5ml (Merck Serono),"Choriogonadotropin alfa( Recombinant human choriogonadotropin alfa,r-hCG ) 250mcg (6500 IU ) pre-filled syring S.C injecaon",حقن,250mcg,,علبة,حقنة,1,0,37000,37000,37000,1
06-D00-001,Neomercazole 5mg (Cenexi),Carbimazole 5mg Tablet,حبوب,5mg,,علبة,شريط,1,0,12250,12250,12250,1
06-D00-007,L-Thyroxin 50mcg Berlin- chemie (Berlin Chemie AG),Thyroxine sodium or anhydrous Levothyroxin Sodium 50mcg tablet,حبوب,50mcg,,علبة,شريط,2,0,5750,2875,5750,1
06-D00-007,Eltroxin 50 mcg tab. (Aspen Bad Oldesloe GmbH),Thyroxine sodium or anhydrous Levothyroxin Sodium 50mcg tablet,حبوب,50 mcg,,علبة,شريط,1,0,8750,8750,8750,1
06-D00-007,Euthyrox 50mcg TABLET (Merck health care),Thyroxine sodium or anhydrous Levothyroxin Sodium 50mcg tablet,حبوب,50mcg,,علبة,شريط,4,0,9000,2250,9000,1
06-D00-008,Eltroxin 100 mcg tab. (Aspen Bad Oldesloe GmbH),Thyroxine sodium or anhydrous Levothyroxin Sodium 100mcg Tablet,حبوب,100 mcg,,علبة,شريط,1,0,11500,11500,11500,1
06-D00-008,L-Thyroxin 100mcg Berlin- chemie (Berlin Chemie AG),Thyroxine sodium or anhydrous Levothyroxin Sodium 100mcg Tablet,حبوب,100mcg,,علبة,شريط,4,0,11500,2875,11500,1
06-D00-008,Euthyrox 100 mcg (Merck),Thyroxine sodium or anhydrous Levothyroxin Sodium 100mcg Tablet,حبوب,100 mcg,,علبة,شريط,4,0,13250,3312.5,13250,1
06-D00-010,Euthyrox 25mcg (Merck health care),levothyroxine sodium ( Anhydrous) 25mcg,حبوب,25mcg,,علبة,شريط,4,0,5750,1437.5,5750,1
06-D00-004,Prothuril50mg tab (Uni pharma),Propylthiouracil 50mg,حبوب,50mg,,علبة,شريط,6,0,13250,2208.33,13250,1
06-E00-009,dexamethasone sodium phosphate (Strisun drug ltd),Dexamethasone phosphate 8mg/2ml (2ml Ampoule or Vial) I.V . I.M or I.V infusion,أمبول,8mg,,علبة,أمبولة,1,0,500,500,500,1
06-E00-009,Adrecon inj. (Strides Arcolab),Dexamethasone phosphate 8mg/2ml (2ml Ampoule or Vial) I.V . I.M or I.V infusion,أمبول,8mg,,علبة,أمبولة,1,0,500,500,500,1
06-E00-009,Dexamet 8mg/2ml amp (Osel ilac),Dexamethasone phosphate 8mg/2ml (2ml Ampoule or Vial) I.V . I.M or I.V infusion,أمبول,8mg,,علبة,أمبولة,1,0,1000,1000,1000,1
06-E00-009,Deksamet ampoule (Osel ilac),Dexamethasone phosphate 8mg/2ml (2ml Ampoule or Vial) I.V . I.M or I.V infusion,أمبول,8mg,,علبة,أمبولة,1,0,1000,1000,1000,1
06-E00-009,DECADRALE (ALPHA-Aleppo),Dexamethasone phosphate 8mg/2ml (2ml Ampoule or Vial) I.V . I.M or I.V infusion,أمبول,8mg,,علبة,أمبولة,3,0,1500,500,1500,1
06-E00-009,xamethasone -INAD Pharma a (INAD international mp Advanced),Dexamethasone phosphate 8mg/2ml (2ml Ampoule or Vial) I.V . I.M or I.V infusion,أمبول,8mg,,علبة,أمبولة,3,0,2500,833.33,2500,1
06-E00-009,DEXALAB 8mg/2ml (Laborate pharmaceuticals/india),Dexamethasone phosphate 8mg/2ml (2ml Ampoule or Vial) I.V . I.M or I.V infusion,أمبول,8mg,,علبة,أمبولة,10,0,2500,250,2500,1
06-E00-009,Dexacure 8mg/2ml (Pioneer),Dexamethasone phosphate 8mg/2ml (2ml Ampoule or Vial) I.V . I.M or I.V infusion,أمبول,8mg,,علبة,أمبولة,5,0,3000,600,3000,1
06-E00-009,Dexamethasone -MUP solution for IM. or IV,Dexamethasone phosphate 8mg/2ml (2ml Ampoule or Vial) I.V . I.M or I.V infusion,أمبول,8mg,,علبة,أمبولة,5,0,3500,700,3500,1
06-E00-009,Dexamethasone sod.phosphate 8mg/amp (Eipico),Dexamethasone phosphate 8mg/2ml (2ml Ampoule or Vial) I.V . I.M or I.V infusion,أمبول,8mg,,علبة,أمبولة,5,0,3500,700,3500,1
06-E00-009,Dexabru 8mg/2ml amp (Brawn lab.),Dexamethasone phosphate 8mg/2ml (2ml Ampoule or Vial) I.V . I.M or I.V infusion,أمبول,8mg,,علبة,أمبولة,10,0,3750,375,3750,1
06-E00-009,deksamet 8mg/2ml im iv amp (Osel ilac),Dexamethasone phosphate 8mg/2ml (2ml Ampoule or Vial) I.V . I.M or I.V infusion,أمبول,8mg,,علبة,أمبولة,5,0,4500,900,4500,1
06-E00-009,dexavan inj (Brussels),Dexamethasone phosphate 8mg/2ml (2ml Ampoule or Vial) I.V . I.M or I.V infusion,أمبول,8mg,,علبة,أمبولة,10,0,5500,550,5500,1
06-E00-009,aquason 8mg/2ml amp (Aburraihan pharma),Dexamethasone phosphate 8mg/2ml (2ml Ampoule or Vial) I.V . I.M or I.V infusion,أمبول,8mg,,علبة,أمبولة,10,0,6750,675,6750,1
06-E00-009,"Dexavan 8mg/2ml IM,IV (Psychotropics)",Dexamethasone phosphate 8mg/2ml (2ml Ampoule or Vial) I.V . I.M or I.V infusion,أمبول,8mg,,علبة,أمبولة,10,0,7250,725,7250,1
06-E00-009,"dexamethasone-hamlen 4mg/ml i.v,i.m",Dexamethasone phosphate 8mg/2ml (2ml Ampoule or Vial) I.V . I.M or I.V infusion,أمبول,4mg,,علبة,أمبولة,10,0,8750,875,8750,1
06-E00-009,penatone 8mg/2ml amp. (Duopharma),Dexamethasone phosphate 8mg/2ml (2ml Ampoule or Vial) I.V . I.M or I.V infusion,أمبول,8mg,,علبة,أمبولة,10,0,8750,875,8750,1
06-E00-009,dekort amp (DEVA),Dexamethasone phosphate 8mg/2ml (2ml Ampoule or Vial) I.V . I.M or I.V infusion,أمبول,8mg,,علبة,أمبولة,1,0,1000,1000,1000,1
06-E00-009,DEKORT Ampoule(Solution for injection) I.M./I.V. (DEVA),Dexamethasone phosphate 8mg/2ml (2ml Ampoule or Vial) I.V . I.M or I.V infusion,أمبول,8mg,,علبة,أمبولة,10,0,9250,925,9250,1
06-E00-009,Dexamed 8mg/2ml (Medochemie),Dexamethasone phosphate 8mg/2ml (2ml Ampoule or Vial) I.V . I.M or I.V infusion,أمبول,8mg,,علبة,أمبولة,10,0,11500,1150,11500,1
06-E00-009,xamethasone sodium phospha (te Strisun drug ltd),Dexamethasone phosphate 8mg/2ml (2ml Ampoule or Vial) I.V . I.M or I.V infusion,أمبول,8mg,,علبة,أمبولة,100,0,37000,370,37000,1
06-E00-009,dexacure 8mg/2ml (Pioneer),Dexamethasone phosphate 8mg/2ml (2ml Ampoule or Vial) I.V . I.M or I.V infusion,أمبول,8mg,,علبة,أمبولة,100,0,45000,450,45000,1
06-E00-009,Aquason 8mg/2ml amp (Aburaihan pharma),Dexamethasone phosphate 8mg/2ml (2ml Ampoule or Vial) I.V . I.M or I.V infusion,أمبول,8mg,,علبة,أمبولة,100,0,46000,460,46000,1
06-E00-009,"dexamed 8mg/2ml IM,IV (Medochemie)",Dexamethasone phosphate 8mg/2ml (2ml Ampoule or Vial) I.V . I.M or I.V infusion,أمبول,8mg,,علبة,أمبولة,100,0,61000,610,61000,1
06-E00-018,lycortin-S (Lyka labs limited),"Hydrocortisone 100mg Vial with 2 ml ampoule of solvent for solution for injection I.M. slow I.V, I.V. Infusion H",فيال,100mg,,علبة,فيال,1,0,1000,1000,1000,1
06-E00-018,Eurozon-H inj (Europa biocare),"Hydrocortisone 100mg Vial with 2 ml ampoule of solvent for solution for injection I.M. slow I.V, I.V. Infusion H",فيال,100mg,,علبة,فيال,1,0,1750,1750,1750,1
06-E00-018,Hydrocortisone vial (Eipico),"Hydrocortisone 100mg Vial with 2 ml ampoule of solvent for solution for injection I.M. slow I.V, I.V. Infusion H",فيال,100mg,,علبة,فيال,1,0,3000,3000,3000,1
06-E00-018,"hydrovan 100mg powder for inj i.m,i.v (Psychotropics)","Hydrocortisone 100mg Vial with 2 ml ampoule of solvent for solution for injection I.M. slow I.V, I.V. Infusion H",فيال,100mg,,علبة,فيال,1,0,3000,3000,3000,1
06-E00-018,ikotref 100mg powder for inj. i.m i.v (Tabuk),"Hydrocortisone 100mg Vial with 2 ml ampoule of solvent for solution for injection I.M. slow I.V, I.V. Infusion H",فيال,100mg,,علبة,فيال,1,0,3000,3000,3000,1
06-E00-018,LYO-CORTIN vial (Vianex),"Hydrocortisone 100mg Vial with 2 ml ampoule of solvent for solution for injection I.M. slow I.V, I.V. Infusion H",فيال,100mg,,علبة,فيال,1,0,3500,3500,3500,1
06-E00-018,Hydrocortisone bicodex 100 mg (Biocodex),"Hydrocortisone 100mg Vial with 2 ml ampoule of solvent for solution for injection I.M. slow I.V, I.V. Infusion H",فيال,100 mg,,علبة,فيال,1,0,3500,3500,3500,1
06-E00-018,Hidrokortizon vial (Hemofarm AD),"Hydrocortisone 100mg Vial with 2 ml ampoule of solvent for solution for injection I.M. slow I.V, I.V. Infusion H",فيال,100mg,,علبة,فيال,1,0,4750,4750,4750,1
06-E00-018,Hydrocortisone bicodex 100 mg (Biocodex),"Hydrocortisone 100mg Vial with 2 ml ampoule of solvent for solution for injection I.M. slow I.V, I.V. Infusion H",فيال,100 mg,,علبة,فيال,100,0,192000,1920,192000,1
06-E00-020,Depo - medrol 40 mg /1ml vial (Pfizer),Methylprednisolone acetate 40mg/ml,فيال,40 mg,,علبة,فيال,1,0,6000,6000,6000,1
06-E00-033,prednisolone tab (Dubai),Prednisolone 5mg Tablet,حبوب,5mg,,علبة,شريط,1,0,500,500,500,1
06-E00-033,presilon-D (Dijla),Prednisolone 5mg Tablet,حبوب,5mg,,علبة,شريط,1,0,500,500,500,1
06-E00-033,Pisolon 5mg (Al_kindi),Prednisolone 5mg Tablet,حبوب,5mg,,علبة,شريط,1,0,500,500,500,1
06-E00-033,prednisolone 5mg tab (Al safa),Prednisolone 5mg Tablet,حبوب,5mg,,علبة,شريط,1,0,500,500,500,1
06-E00-033,Presoldain 5mg tab (WadiAlrafidain),Prednisolone 5mg Tablet,حبوب,5mg,,علبة,شريط,1,0,500,500,500,1
06-E00-033,Prisolone 5mg tab (SDI),Prednisolone 5mg Tablet,حبوب,5mg,,علبة,شريط,1,0,500,500,500,1
06-E00-033,as-prislone tab (Aswar alkhalej),Prednisolone 5mg Tablet,حبوب,5mg,,علبة,شريط,1,0,750,750,750,1
06-E00-033,prednicor (Al mansour),Prednisolone 5mg Tablet,حبوب,5mg,,علبة,شريط,1,0,750,750,750,1
06-E00-033,Presoldain 5mg tab (WadiAlrafidain),Prednisolone 5mg Tablet,حبوب,5mg,,علبة,شريط,2,0,750,375,750,1
06-E00-033,PREDNICORT 5mg (Pioneer),Prednisolone 5mg Tablet,حبوب,5mg,,علبة,شريط,1,0,1000,1000,1000,1
06-E00-033,prednisolone-MDI,Prednisolone 5mg Tablet,حبوب,5mg,,علبة,شريط,2,0,1000,500,1000,1
06-E00-033,prednisolone aljazeera 5MGtablet (Al jazeera),Prednisolone 5mg Tablet,حبوب,5MG,,علبة,شريط,2,0,1250,625,1250,1
06-E00-033,prednisolone 5mg tab (Al safa),Prednisolone 5mg Tablet,حبوب,5mg,,علبة,شريط,3,0,1250,416.67,1250,1
06-E00-033,prednomel 5 tab (Middle east),Prednisolone 5mg Tablet,حبوب,5mg,,علبة,شريط,2,0,1250,625,1250,1
06-E00-033,presoldain tab 5mg (WadiAlrafidain),Prednisolone 5mg Tablet,حبوب,5mg,,علبة,شريط,3,0,1250,416.67,1250,1
06-E00-033,Pisolon 5mg (Al_kindi),Prednisolone 5mg Tablet,حبوب,5mg,,علبة,شريط,3,0,1500,500,1500,1
06-E00-033,Presol 5mg (Al furat),Prednisolone 5mg Tablet,حبوب,5mg,,علبة,شريط,2,0,2000,1000,2000,1
06-E00-033,As-Prislone 5mg (Aswar alkhalej),Prednisolone 5mg Tablet,حبوب,5mg,,علبة,شريط,10,0,3250,325,3250,1
06-E00-033,adelcort 5mg,Prednisolone 5mg Tablet,حبوب,5mg,,علبة,شريط,3,0,4500,1500,4500,1
06-E00-033,Presilon-D 5mg (Dijla),Prednisolone 5mg Tablet,حبوب,5mg,,علبة,شريط,10,0,4750,475,4750,1
06-E00-033,PRESOLDAIN 5mg tab. (WadiAlrafidain),Prednisolone 5mg Tablet,حبوب,5mg,,علبة,شريط,10,0,5750,575,5750,1
06-E00-033,PISOLON 5mg (Al_kindi),Prednisolone 5mg Tablet,حبوب,5mg,,علبة,شريط,50,0,21500,430,21500,1
06-E00-033,Prednisolone 5mg (Dubai),Prednisolone 5mg Tablet,حبوب,5mg,,علبة,شريط,50,0,21500,430,21500,1
06-E00-033,Prisolone 5mg tab (SDI),Prednisolone 5mg Tablet,حبوب,5mg,,علبة,شريط,50,0,21500,430,21500,1
06-E00-033,prednicor (Al mansour),Prednisolone 5mg Tablet,حبوب,5mg,,علبة,شريط,50,0,25000,500,25000,1
06-E00-033,PREDNISOLONE 5mg (Al safa),Prednisolone 5mg Tablet,حبوب,5mg,,علبة,شريط,100,0,31000,310,31000,1
06-E00-033,Presol 5mg tab (Al furat),Prednisolone 5mg Tablet,حبوب,5mg,,علبة,شريط,100,0,31000,310,31000,1
06-E00-033,Pisolon 5mg (Al_kindi),Prednisolone 5mg Tablet,حبوب,5mg,,علبة,شريط,100,0,39000,390,39000,1
06-E00-033,prednisolone-MDI,Prednisolone 5mg Tablet,حبوب,5mg,,علبة,شريط,800,0,261000,326.25,261000,1
06-E00-033,prisolone 5mg tab (SDI),Prednisolone 5mg Tablet,حبوب,5mg,,علبة,شريط,840,0,274000,326.19,274000,1
06-E00-039,PISOLON 20mg (Al_kindi),Prednisolone 20mg,حبوب,20mg,,علبة,شريط,2,0,3000,1500,3000,1
06-E00-039,Gupisone 20mg (Julphar),Prednisolone 20mg,حبوب,20mg,,علبة,شريط,1,0,7250,7250,7250,1
06-E00-039,PREDNICORT 20mg (Pioneer),Prednisolone 20mg,حبوب,20mg,,علبة,شريط,2,0,7750,3875,7750,1
06-E00-021,"EPIZOLONE-DEPOT vial 80mg/2ml for I.M , intrasynovial injection (EIPICO)","Methylprednisolone acetate 80mg/2ml I.M, intra-articular, injection (2ml) Vial or Ampoule",فيال,80mg,,علبة,فيال,1,0,4500,4500,4500,1
06-E00-021,DEPO-MEDROL 80 (Pfizer),"Methylprednisolone acetate 80mg/2ml I.M, intra-articular, injection (2ml) Vial or Ampoule",فيال,80mg,,علبة,فيال,1,0,11000,11000,11000,1
06-F00-001,Diane 35 (Bayer Weimar GmbH and co. kg / Germany),Ethinylestradiol (Ethinyloestradiol) 35mcg + Cyproterone acetate 2mg,حبوب,35mcg,,علبة,شريط,1,0,10250,10250,10250,1
06-F00-001,Clairette 2000 / 35 tablets (Haupt Pharma minster),Ethinylestradiol (Ethinyloestradiol) 35mcg + Cyproterone acetate 2mg,حبوب,35mcg,,علبة,شريط,3,0,20250,6750,20250,1
06-F00-020,steronate 5 mg tab (Hi pharma),Norethisterone 5mg Tablet,حبوب,5 mg,,علبة,شريط,2,0,3750,1875,3750,1
06-F00-020,NORCUTIN 5mg tab (Duopharma),Norethisterone 5mg Tablet,حبوب,5mg,,علبة,شريط,3,0,5500,1833.33,5500,1
06-F00-020,Primolut Nor 5 mg tablet (Bayer Weimar GmbH and co. kg / Germany),Norethisterone 5mg Tablet,حبوب,5 mg,,علبة,شريط,2,0,6000,3000,6000,1
06-F00-020,Primolut N 5 mg tablet (Bayer Weimar GmbH and co. kg / Germany),Norethisterone 5mg Tablet,حبوب,5 mg,,علبة,شريط,2,0,10250,5125,10250,1
06-F00-017,DEPO-PROVERA 150 (Pfizer),"Medroxyprogesterone acetate 150mg/ml deep I.M inj, (1ml) Vial",فيال,150mg,,علبة,فيال,1,0,9250,9250,9250,1
06-G00-007,Prosteride 5mg tab (SDI),Finasteride 5mg Tablet P,حبوب,5mg,,علبة,شريط,1,0,1500,1500,1500,1
06-G00-007,prosteride 5 mg tablet (SDI),Finasteride 5mg Tablet P,حبوب,5 mg,,علبة,شريط,2,0,2750,1375,2750,1
06-G00-007,finastir 5mg tab (Genepharma),Finasteride 5mg Tablet P,حبوب,5mg,,علبة,شريط,3,0,12750,4250,12750,1
06-G00-007,dilaprost 5mg f.c.tab (Biofarma Ilac Sanayi ve Tic A.S.),Finasteride 5mg Tablet P,حبوب,5mg,,علبة,شريط,3,0,13250,4416.67,13250,1
06-G00-007,finasteride GP f.c tab (Farmalabor),Finasteride 5mg Tablet P,حبوب,5mg,,علبة,شريط,2,0,13250,6625,13250,1
06-G00-007,Finiscar 5mg f.c.t (Tabuk),Finasteride 5mg Tablet P,حبوب,5mg,,علبة,شريط,2,0,13750,6875,13750,1
06-G00-007,finasteride GP f.c tab (Farmalabor),Finasteride 5mg Tablet P,حبوب,5mg,,علبة,شريط,4,0,24000,6000,24000,1
06-G00-007,ROSCAR 5mg film coated table (AIAC INTERNATIONAL t PHARMA LLC),Finasteride 5mg Tablet P,حبوب,5mg,,علبة,شريط,2,0,25500,12750,25500,1
06-G00-007,prosteride 5 mg tablet (SDI),Finasteride 5mg Tablet P,حبوب,5 mg,,علبة,شريط,50,0,47000,940,47000,1
06-G00-008,golexin 3.6mg implant (AMW Gmb),Goserelin acetate implant 3.6mg in syringe application,حقن,3.6mg,,علبة,حقنة,1,0,125000,125000,125000,1
06-G00-008,Zoladex 3.6mg inj (AstraZeneca),Goserelin acetate implant 3.6mg in syringe application,حقن,3.6mg,,علبة,حقنة,1,0,130000,130000,130000,1
06-G00-004,Androcur10 mg tab (Bayer Weimar GmbH und co. KG / Germany),Cyproterone 10mg,حبوب,10 mg,,علبة,شريط,1,0,10750,10750,10750,1
06-IB0-011,bonafor 150mg FCT (Pharmaline),Ibandronic acid 150mg,حبوب,150mg,,علبة,شريط,1,0,9250,9250,9250,1
06-IB0-013,loss 70mg (SoSe pharm),Alendronic acid 70 mg,حبوب,70mg,,علبة,شريط,1,0,8750,8750,8750,1
06-IB0-013,Drolate 70mg F.C.T (JPM),Alendronic acid 70 mg,حبوب,70mg,,علبة,شريط,1,0,14000,14000,14000,1
06-IB0-013,Alendro 70 mg tab (.Jamjoom ph),Alendronic acid 70 mg,حبوب,70 mg,,علبة,شريط,1,0,15500,15500,15500,1
06-IB0-013,Alfa-porosis 70mg tab (UPM),Alendronic acid 70 mg,حبوب,70mg,,علبة,شريط,1,0,16000,16000,16000,1
06-IB0-013,Fosamax 70mg tab (Aesica Pharmaceuticals GmbH),Alendronic acid 70 mg,حبوب,70mg,,علبة,شريط,1,0,20250,20250,20250,1
06-IB0-013,Binosto 70mg effer.tab (SwissCo Services),Alendronic acid 70 mg,حبوب,70mg,,علبة,شريط,1,0,30500,30500,30500,1
06-J00-003,delcabrin 0.5mg tab (Egyptian group),cabergoline 0.5mg tablet,حبوب,0.5mg,,علبة,شريط,2,0,6500,3250,6500,1
06-J00-003,nostifix 0.5mg tab (Jazeera pharma),cabergoline 0.5mg tablet,حبوب,0.5mg,,علبة,شريط,2,0,7000,3500,7000,1
06-J00-003,lovista 0.5mg tab (DAD),cabergoline 0.5mg tablet,حبوب,0.5mg,,علبة,شريط,2,0,7000,3500,7000,1
06-J00-003,elonda0.5 mg tab (EGPI (egyption group for pharmaceutical industries)),cabergoline 0.5mg tablet,حبوب,0.5 mg,,علبة,شريط,2,0,7000,3500,7000,1
06-J00-003,Bergo 0.5mg tab (Joriver),cabergoline 0.5mg tablet,حبوب,0.5mg,,علبة,شريط,2,0,8750,4375,8750,1
06-J00-003,Dostinex 0.5mg tab (Pfizer),cabergoline 0.5mg tablet,حبوب,0.5mg,,علبة,شريط,2,0,15250,7625,15250,1
06-J00-003,nostifix 0.5mg tab (Jazeera pharma),cabergoline 0.5mg tablet,حبوب,0.5mg,,علبة,شريط,8,0,18250,2281.25,18250,1
06-J00-003,lovista 0.5mg tab (DAD),cabergoline 0.5mg tablet,حبوب,0.5mg,,علبة,شريط,8,0,20250,2531.25,20250,1
06-J00-003,Bergo 0.5mg tab (Joriver),cabergoline 0.5mg tablet,حبوب,0.5mg,,علبة,شريط,8,0,26750,3343.75,26750,1
06-J00-003,Dostinex 0.5mg tab (Pfizer),cabergoline 0.5mg tablet,حبوب,0.5mg,,علبة,شريط,8,0,41000,5125,41000,1
06-J00-004,clomifert 50mg tab (DAD),Clomiphene citrate 50mg Tablet,حبوب,50mg,,علبة,شريط,1,0,3500,3500,3500,1
06-J00-004,Fertab 50mg (Zynova),Clomiphene citrate 50mg Tablet,حبوب,50mg,,علبة,شريط,1,0,4000,4000,4000,1
06-J00-004,Duinum 50 mg tab. (Medochemie),Clomiphene citrate 50mg Tablet,حبوب,50 mg,,علبة,شريط,1,0,4250,4250,4250,1
06-J00-004,clomiphen citrate/anfarm 50mg tab (Anfarm hellas S.A),Clomiphene citrate 50mg Tablet,حبوب,50mg,,علبة,شريط,1,0,6500,6500,6500,1
06-J00-004,clomid 50mg tablet (Patheon),Clomiphene citrate 50mg Tablet,حبوب,50mg,,علبة,شريط,1,0,10750,10750,10750,1
06-K00-022,Atorvasam 40mg (SDI),Atorvastatin 40mg coated Tablet,حبوب,40mg,,علبة,شريط,2,0,3750,1875,3750,1
06-K00-022,atorkey 40mg tab (Aurobindo),Atorvastatin 40mg coated Tablet,حبوب,40mg,,علبة,شريط,3,0,9250,3083.33,9250,1
06-K00-022,Atorvastatin Awa 40mg (Awamedica),Atorvastatin 40mg coated Tablet,حبوب,40mg,,علبة,شريط,3,0,9250,3083.33,9250,1
06-K00-022,Avas- 40mg F.C.T (Micro Lab),Atorvastatin 40mg coated Tablet,حبوب,40mg,,علبة,شريط,3,0,10000,3333.33,10000,1
06-K00-022,ateroz 40mg f.c.t (Bilim),Atorvastatin 40mg coated Tablet,حبوب,40mg,,علبة,شريط,3,0,11750,3916.67,11750,1
06-K00-022,colastin -L 40mg f.c. tab (DEVA),Atorvastatin 40mg coated Tablet,حبوب,40mg,,علبة,شريط,3,0,13250,4416.67,13250,1
06-K00-022,torvaplus 40mg fct (Iasis pharma),Atorvastatin 40mg coated Tablet,حبوب,40mg,,علبة,شريط,2,0,14000,7000,14000,1
06-K00-022,Toralac 40mg tab (UPM),Atorvastatin 40mg coated Tablet,حبوب,40mg,,علبة,شريط,3,0,15250,5083.33,15250,1
06-K00-022,stohart 40mg f.c.tab (Acino Pharmaceuticals FZ-LLC - United Arab Emirates),Atorvastatin 40mg coated Tablet,حبوب,40mg,,علبة,شريط,3,0,16250,5416.67,16250,1
06-K00-022,Tarden 40mg tab (ABDi iBRAHiM),Atorvastatin 40mg coated Tablet,حبوب,40mg,,علبة,شريط,5,0,17000,3400,17000,1
06-K00-022,Lipovast 40mg tab (Anfarm hellas S.A),Atorvastatin 40mg coated Tablet,حبوب,40mg,,علبة,شريط,2,0,17750,8875,17750,1
06-K00-022,joswe-atorvast 40mg f.c.tab,Atorvastatin 40mg coated Tablet,حبوب,40mg,,علبة,شريط,3,0,17750,5916.67,17750,1
06-K00-022,Astatin 40mg (.Jamjoom ph),Atorvastatin 40mg coated Tablet,حبوب,40mg,,علبة,شريط,3,0,17750,5916.67,17750,1
06-K00-022,Avora 40. Film coated tablet (Joswe),Atorvastatin 40mg coated Tablet,حبوب,40mg,,علبة,شريط,3,0,17750,5916.67,17750,1
06-K00-022,Atorlip 40 mg FCT (Global pharma),Atorvastatin 40mg coated Tablet,حبوب,40 mg,,علبة,شريط,3,0,19000,6333.33,19000,1
06-K00-022,Orvasta 40mg FCT (Haupt pharma),Atorvastatin 40mg coated Tablet,حبوب,40mg,,علبة,شريط,3,0,20000,6666.67,20000,1
06-K00-022,atorvastatin-MDI 40mg tab,Atorvastatin 40mg coated Tablet,حبوب,40mg,,علبة,شريط,3,0,20000,6666.67,20000,1
06-K00-022,LiPONEER 40mg (Pioneer),Atorvastatin 40mg coated Tablet,حبوب,40mg,,علبة,شريط,3,0,20000,6666.67,20000,1
06-K00-022,Lipodar 40 (DAD),Atorvastatin 40mg coated Tablet,حبوب,40mg,,علبة,شريط,3,0,20250,6750,20250,1
06-K00-022,Vastor 40mg FCT (Hikma),Atorvastatin 40mg coated Tablet,حبوب,40mg,,علبة,شريط,1,0,21000,21000,21000,1
06-K00-022,piotorva 40 (Tabuk pharma),Atorvastatin 40mg coated Tablet,حبوب,40mg,,علبة,شريط,3,0,23000,7666.67,23000,1
06-K00-022,Tulip 40mg tab (Sandoz GmbH (Lek pharmaceutical d. d. )),Atorvastatin 40mg coated Tablet,حبوب,40mg,,علبة,شريط,3,0,40000,13333.33,40000,1
06-K00-022,atorvastatin-MDI 40mg tab,Atorvastatin 40mg coated Tablet,حبوب,40mg,,علبة,شريط,600,0,3018000,5030,3018000,1
06-K00-002,Kivas-20 (Al_kindi),Atorvastatin 20mg coated Tablet,حبوب,20mg,,علبة,شريط,1,0,2000,2000,2000,1
06-K00-002,ATORVASAM 20mg F/C.tab (SDI),Atorvastatin 20mg coated Tablet,حبوب,20mg,,علبة,شريط,2,0,4250,2125,4250,1
06-K00-002,Atorfit 20 (Ajanta),Atorvastatin 20mg coated Tablet,حبوب,20mg,,علبة,شريط,3,0,5250,1750,5250,1
06-K00-002,KIVAS-20 (Al_kindi),Atorvastatin 20mg coated Tablet,حبوب,20mg,,علبة,شريط,3,0,5750,1916.67,5750,1
06-K00-002,Atorvastatin 20mg (MDI),Atorvastatin 20mg coated Tablet,حبوب,20mg,,علبة,شريط,3,0,6000,2000,6000,1
06-K00-002,ASPITOR 20mg (Aswar alkhalej),Atorvastatin 20mg coated Tablet,حبوب,20mg,,علبة,شريط,3,0,6000,2000,6000,1
06-K00-002,Atorvastatin Awa 20mg (Awamedica),Atorvastatin 20mg coated Tablet,حبوب,20mg,,علبة,شريط,3,0,6250,2083.33,6250,1
06-K00-002,Atorkey 20mg FCT (Aurobindo),Atorvastatin 20mg coated Tablet,حبوب,20mg,,علبة,شريط,3,0,6750,2250,6750,1
06-K00-002,Avas- 20mg (Micro Lab),Atorvastatin 20mg coated Tablet,حبوب,20mg,,علبة,شريط,3,0,7500,2500,7500,1
06-K00-002,Ateroz 20mg f.c.t (Bilim),Atorvastatin 20mg coated Tablet,حبوب,20mg,,علبة,شريط,3,0,8750,2916.67,8750,1
06-K00-002,ATROVAS 20mg (Sama Alfayhaa),Atorvastatin 20mg coated Tablet,كبسول,20mg,,علبة,شريط,3,0,9250,3083.33,9250,1
06-K00-002,Lipodar 20mg (DAD),Atorvastatin 20mg coated Tablet,حبوب,20mg,,علبة,شريط,3,0,9500,3166.67,9500,1
06-K00-002,Tovast 20mg tab (Spimaco),Atorvastatin 20mg coated Tablet,حبوب,20mg,,علبة,شريط,3,0,9750,3250,9750,1
06-K00-002,stohart 20mg f.c.tab (Acino Pharmaceuticals FZ-LLC - United Arab Emirates),Atorvastatin 20mg coated Tablet,حبوب,20mg,,علبة,شريط,3,0,9750,3250,9750,1
06-K00-002,LiPONEER 20mg (Pioneer),Atorvastatin 20mg coated Tablet,حبوب,20mg,,علبة,شريط,3,0,9750,3250,9750,1
06-K00-002,Lipigard 20 mg F/C (EGIS Pharmaceuticals PLC.),Atorvastatin 20mg coated Tablet,حبوب,20 mg,,علبة,شريط,3,0,10750,3583.33,10750,1
06-K00-002,Toralac 20mg (UPM),Atorvastatin 20mg coated Tablet,حبوب,20mg,,علبة,شريط,3,0,11500,3833.33,11500,1
06-K00-002,Joswe-atorvast 20mg tablet,Atorvastatin 20mg coated Tablet,حبوب,20mg,,علبة,شريط,2,0,11500,5750,11500,1
06-K00-002,lipi 20mg f.c.t (ABDi iBRAHiM),Atorvastatin 20mg coated Tablet,حبوب,20mg,,علبة,شريط,3,0,11500,3833.33,11500,1
06-K00-002,colastin -L 20mg f.c. tab (DEVA),Atorvastatin 20mg coated Tablet,حبوب,20mg,,علبة,شريط,3,0,11500,3833.33,11500,1
06-K00-002,Avora 20. Film coated tablet (Joswe),Atorvastatin 20mg coated Tablet,حبوب,20mg,,علبة,شريط,2,0,11500,5750,11500,1
06-K00-002,orvasta 20mg f.c.tab (Haupt pharma),Atorvastatin 20mg coated Tablet,حبوب,20mg,,علبة,شريط,3,0,13250,4416.67,13250,1
06-K00-002,Atorlip 20mg f.c.t (Global pharma),Atorvastatin 20mg coated Tablet,حبوب,20mg,,علبة,شريط,3,0,13250,4416.67,13250,1
06-K00-002,Tarden 20mg tab (ABDi iBRAHiM),Atorvastatin 20mg coated Tablet,حبوب,20mg,,علبة,شريط,3,0,13250,4416.67,13250,1
06-K00-002,Vastor 20mg coated tablet (Hikma),Atorvastatin 20mg coated Tablet,حبوب,20mg,,علبة,شريط,3,0,13250,4416.67,13250,1
06-K00-002,Atorvastatin film coated tablets 20mg (Accord),Atorvastatin 20mg coated Tablet,حبوب,20mg,,علبة,شريط,2,0,13500,6750,13500,1
06-K00-002,Astatin 20mg (.Jamjoom ph),Atorvastatin 20mg coated Tablet,حبوب,20mg,,علبة,شريط,3,0,14000,4666.67,14000,1
06-K00-002,torvaplus 20mg fct (Iasis pharma),Atorvastatin 20mg coated Tablet,حبوب,20mg,,علبة,شريط,2,0,14500,7250,14500,1
06-K00-002,Divator 20mg f.c. tab. (Drogsan),Atorvastatin 20mg coated Tablet,حبوب,20mg,,علبة,شريط,3,0,14500,4833.33,14500,1
06-K00-002,Atorvastatin TAD 20mg (KRKA),Atorvastatin 20mg coated Tablet,حبوب,20mg,,علبة,شريط,3,0,15250,5083.33,15250,1
06-K00-002,piotorva 20 (Tabuk pharma),Atorvastatin 20mg coated Tablet,حبوب,20mg,,علبة,شريط,3,0,17750,5916.67,17750,1
06-K00-002,Lipitor 20 (Pfizer),Atorvastatin 20mg coated Tablet,حبوب,20mg,,علبة,شريط,3,0,25000,8333.33,25000,1
06-K00-002,Atorvastatin-MDI 20mg,Atorvastatin 20mg coated Tablet,حبوب,20mg,,علبة,شريط,600,0,885000,1475,885000,1
06-K00-001,Atorvastatin Awa 10mg (Awamedica),Atorvastatin 10mg,حبوب,10mg,,علبة,شريط,2,0,3000,1500,3000,1
06-K00-001,Atorfit 10 tablet (Ajanta pharma),Atorvastatin 10mg,حبوب,10mg,,علبة,شريط,3,0,3250,1083.33,3250,1
06-K00-001,ATRODAD 10 mg TABLETS (WadiAlrafidain),Atorvastatin 10mg,حبوب,10 mg,,علبة,شريط,3,0,3750,1250,3750,1
06-K00-001,Atorvas 10mg (Sama Alfayhaa),Atorvastatin 10mg,حبوب,10mg,,علبة,شريط,3,0,3750,1250,3750,1
06-K00-001,Avas-10 mg tablet (Micro Lab),Atorvastatin 10mg,حبوب,10 mg,,علبة,شريط,3,0,4500,1500,4500,1
06-K00-001,Ateroz 10mg (Bilim),Atorvastatin 10mg,حبوب,10mg,,علبة,شريط,3,0,5250,1750,5250,1
06-K00-001,LiPONEER 10mg (Pioneer),Atorvastatin 10mg,حبوب,10mg,,علبة,شريط,3,0,5500,1833.33,5500,1
06-K00-001,Tovast 10mg tab (Spimaco),Atorvastatin 10mg,حبوب,10mg,,علبة,شريط,3,0,7000,2333.33,7000,1
06-K00-001,stohart 10mg FCT (Acino Pharmaceuticals FZ-LLC - United Arab Emirates),Atorvastatin 10mg,حبوب,10mg,,علبة,شريط,3,0,7000,2333.33,7000,1
06-K00-001,Lipodar 10mg (DAD),Atorvastatin 10mg,حبوب,10mg,,علبة,شريط,3,0,7250,2416.67,7250,1
06-K00-001,colastin -L 10mg f.c. tab (DEVA),Atorvastatin 10mg,حبوب,10mg,,علبة,شريط,3,0,8750,2916.67,8750,1
06-K00-001,Toralac 10mg (UPM),Atorvastatin 10mg,حبوب,10mg,,علبة,شريط,3,0,9250,3083.33,9250,1
06-K00-001,Atorlip 10mg f.c.tab (Global pharma),Atorvastatin 10mg,حبوب,10mg,,علبة,شريط,3,0,9750,3250,9750,1
06-K00-001,"orvasta 10mg (Haupt Pharma Latina SRL. Address: Strada statale 156 km 47,600, borgo San Michele (LT), I-04100, Italy.)",Atorvastatin 10mg,حبوب,10mg,,علبة,شريط,3,0,10500,3500,10500,1
06-K00-001,piotorva 10 tab (Tabuk pharma),Atorvastatin 10mg,حبوب,10mg,,علبة,شريط,3,0,12750,4250,12750,1
06-K00-001,lipozal 10mg tab (Bennett pharmaceuticals),Atorvastatin 10mg,حبوب,10mg,,علبة,شريط,5,0,13750,2750,13750,1
06-K00-001,Lipitor 10 (Pfizer),Atorvastatin 10mg,حبوب,10mg,,علبة,شريط,3,0,22750,7583.33,22750,1
06-K00-019,Rofast 10mg tab (Aurobindo),Rosuvastatin 10mg coated Tablet,حبوب,10mg,,علبة,شريط,3,0,7000,2333.33,7000,1
06-K00-019,Rosatin 10mg f.c.tab (AL-taqaddom pharmaceutical Industries),Rosuvastatin 10mg coated Tablet,حبوب,10mg,,علبة,شريط,3,0,7500,2500,7500,1
06-K00-019,Rosuvas 10 mg tab (Sun pharma),Rosuvastatin 10mg coated Tablet,حبوب,10 mg,,علبة,شريط,3,0,7500,2500,7500,1
06-K00-019,Rosatin Awa 10mg tab (Awamedica),Rosuvastatin 10mg coated Tablet,حبوب,10mg,,علبة,شريط,3,0,7500,2500,7500,1
06-K00-019,rosvadad 10mg tablet (WadiAlrafidain),Rosuvastatin 10mg coated Tablet,حبوب,10mg,,علبة,شريط,3,0,7500,2500,7500,1
06-K00-019,Rovas- 10 film coated tablet (Micro Lab),Rosuvastatin 10mg coated Tablet,حبوب,10mg,,علبة,شريط,3,0,7500,2500,7500,1
06-K00-019,CRESTOSAM 10mg (SDI),Rosuvastatin 10mg coated Tablet,حبوب,10mg,,علبة,شريط,3,0,7750,2583.33,7750,1
06-K00-019,Ivarin 10 mg (Tabuk),Rosuvastatin 10mg coated Tablet,حبوب,10 mg,,علبة,شريط,3,0,8000,2666.67,8000,1
06-K00-019,Rosufix 10mg tablet (Neutec inhaler),Rosuvastatin 10mg coated Tablet,حبوب,10mg,,علبة,شريط,2,0,8500,4250,8500,1
06-K00-019,Rosalus 10mg tab (Julphar),Rosuvastatin 10mg coated Tablet,حبوب,10mg,,علبة,شريط,2,0,8500,4250,8500,1
06-K00-019,roxytor 10mg (Acino Pharmaceuticals FZ-LLC - United Arab Emirates),Rosuvastatin 10mg coated Tablet,حبوب,10mg,,علبة,شريط,2,0,8500,4250,8500,1
06-K00-019,rosuvastatin-MDI 10mg,Rosuvastatin 10mg coated Tablet,حبوب,10mg,,علبة,شريط,3,0,8500,2833.33,8500,1
06-K00-019,ROSVA 10mg (Pioneer),Rosuvastatin 10mg coated Tablet,حبوب,10mg,,علبة,شريط,3,0,9500,3166.67,9500,1
06-K00-019,Zerotin 10mg (Sama Alfayhaa),Rosuvastatin 10mg coated Tablet,كبسول,10mg,,علبة,شريط,3,0,9750,3250,9750,1
06-K00-019,Stage 10mg FCT (ABDi iBRAHiM),Rosuvastatin 10mg coated Tablet,حبوب,10mg,,علبة,شريط,4,0,10500,2625,10500,1
06-K00-019,rosulag 10 mg tab (Medochemie),Rosuvastatin 10mg coated Tablet,حبوب,10 mg,,علبة,شريط,4,0,10500,2625,10500,1
06-K00-019,Statol 10mg tab (Medochemie),Rosuvastatin 10mg coated Tablet,حبوب,10mg,,علبة,شريط,3,0,11000,3666.67,11000,1
06-K00-019,Apo-Rosuvastatin 10mg tab (APOTEX),Rosuvastatin 10mg coated Tablet,حبوب,10mg,,علبة,شريط,3,0,11000,3666.67,11000,1
06-K00-019,Rosakit 10mg tab (JPM),Rosuvastatin 10mg coated Tablet,حبوب,10mg,,علبة,شريط,3,0,11250,3750,11250,1
06-K00-019,scolta 10mg tab (UPM),Rosuvastatin 10mg coated Tablet,حبوب,10mg,,علبة,شريط,3,0,11250,3750,11250,1
06-K00-019,rosunor 10mg (Lab.Normon),Rosuvastatin 10mg coated Tablet,حبوب,10mg,,علبة,شريط,2,0,12000,6000,12000,1
06-K00-019,Rosuvitae 10mg f.c.t (Biofarm),Rosuvastatin 10mg coated Tablet,حبوب,10mg,,علبة,شريط,2,0,12000,6000,12000,1
06-K00-019,Rosuvanox 10 mg FCT (Medicair Bioscience),Rosuvastatin 10mg coated Tablet,حبوب,10 mg,,علبة,شريط,3,0,12000,4000,12000,1
06-K00-019,rozal 10mg tablet (Atlantic pharama),Rosuvastatin 10mg coated Tablet,حبوب,10mg,,علبة,شريط,2,0,12500,6250,12500,1
06-K00-019,Corteza 10mg tablet (Joswe),Rosuvastatin 10mg coated Tablet,حبوب,10mg,,علبة,شريط,2,0,13000,6500,13000,1
06-K00-019,PMS-Rosuvastatin 10mg tab (Pharmascience),Rosuvastatin 10mg coated Tablet,حبوب,10mg,,علبة,شريط,3,0,13000,4333.33,13000,1
06-K00-019,rosuvastatin Atb10mg (S.C.Antibiotice),Rosuvastatin 10mg coated Tablet,حبوب,10mg,,علبة,شريط,3,0,13250,4416.67,13250,1
06-K00-019,Rozuvin (Bilim),Rosuvastatin 10mg coated Tablet,حبوب,10mg,,علبة,شريط,2,0,13250,6625,13250,1
06-K00-019,resova 10mg tab (JPI),Rosuvastatin 10mg coated Tablet,حبوب,10mg,,علبة,شريط,3,0,13250,4416.67,13250,1
06-K00-019,Eveness 10mg f.c.t (Pharma International),Rosuvastatin 10mg coated Tablet,حبوب,10mg,,علبة,شريط,4,0,13250,3312.5,13250,1
06-K00-019,rovista 10mg tab (Medpharma),Rosuvastatin 10mg coated Tablet,حبوب,10mg,,علبة,شريط,2,0,13250,6625,13250,1
06-K00-019,rozitta 10mg tab (DAD),Rosuvastatin 10mg coated Tablet,حبوب,10mg,,علبة,شريط,3,0,14500,4833.33,14500,1
06-K00-019,Rovasta 10mg (Medochemie),Rosuvastatin 10mg coated Tablet,حبوب,10mg,,علبة,شريط,3,0,15250,5083.33,15250,1
06-K00-019,CRESTOR 10mg tablet (IPR pharmaceuticals Inc),Rosuvastatin 10mg coated Tablet,حبوب,10mg,,علبة,شريط,2,0,15250,7625,15250,1
06-K00-019,rovast 10mg fct (Medochemie),Rosuvastatin 10mg coated Tablet,حبوب,10mg,,علبة,شريط,2,0,17750,8875,17750,1
06-K00-019,superstat 10mg tab (SIP ibn albaytar),Rosuvastatin 10mg coated Tablet,حبوب,10mg,,علبة,شريط,9,0,22000,2444.44,22000,1
06-K00-019,Corteza 10mg (Joswe),Rosuvastatin 10mg coated Tablet,حبوب,10mg,,علبة,شريط,4,0,23000,5750,23000,1
06-K00-019,STATEZOL 10 mg/ 10 mg Film- coated tablets (Rontis Hellas Medical And Pharmaceutica products S.A),Rosuvastatin 10mg coated Tablet,حبوب,10 mg,,علبة,شريط,3,0,23500,7833.33,23500,1
06-K00-021,Novistoric 20mg tab (Future pharma),Rosuvastatin (as calcium ) 20mg,حبوب,20mg,,علبة,شريط,2,0,7500,3750,7500,1
06-K00-021,rosvadad 20mg tablet (WadiAlrafidain),Rosuvastatin (as calcium ) 20mg,حبوب,20mg,,علبة,شريط,3,0,9750,3250,9750,1
06-K00-021,CRESTOSAM 20mg (SDI),Rosuvastatin (as calcium ) 20mg,حبوب,20mg,,علبة,شريط,3,0,9750,3250,9750,1
06-K00-021,Rosufix 20mg tab (Neutec ilac san tic A.S),Rosuvastatin (as calcium ) 20mg,حبوب,20mg,,علبة,شريط,2,0,11500,5750,11500,1
06-K00-021,rosuvas 20 mg tab (Sun pharma),Rosuvastatin (as calcium ) 20mg,حبوب,20 mg,,علبة,شريط,3,0,11500,3833.33,11500,1
06-K00-021,Rofast 20mg tab (Aurobindo),Rosuvastatin (as calcium ) 20mg,حبوب,20mg,,علبة,شريط,3,0,11500,3833.33,11500,1
06-K00-021,ROSMAX (Future pharma),Rosuvastatin (as calcium ) 20mg,حبوب,20mg,,علبة,شريط,2,0,11750,5875,11750,1
06-K00-021,superstat 20mg tab (SIP ibn albaytar),Rosuvastatin (as calcium ) 20mg,حبوب,20mg,,علبة,شريط,3,0,12500,4166.67,12500,1
06-K00-021,Rosatin Awa 20mg tab (Awamedica),Rosuvastatin (as calcium ) 20mg,حبوب,20mg,,علبة,شريط,3,0,12500,4166.67,12500,1
06-K00-021,Zerotin 20mg (Sama Alfayhaa),Rosuvastatin (as calcium ) 20mg,كبسول,20mg,,علبة,شريط,3,0,12500,4166.67,12500,1
06-K00-021,rosuvastatin-MDI 20mg tab,Rosuvastatin (as calcium ) 20mg,حبوب,20mg,,علبة,شريط,3,0,12500,4166.67,12500,1
06-K00-021,roxytor 20mg f.c.tab (Acino Pharmaceuticals FZ-LLC - United Arab Emirates),Rosuvastatin (as calcium ) 20mg,حبوب,20mg,,علبة,شريط,2,0,12750,6375,12750,1
06-K00-021,ROSVA 20mg (Pioneer),Rosuvastatin (as calcium ) 20mg,حبوب,20mg,,علبة,شريط,3,0,13000,4333.33,13000,1
06-K00-021,zyrosa 20 (Zynova),Rosuvastatin (as calcium ) 20mg,حبوب,20mg,,علبة,شريط,2,0,13000,6500,13000,1
06-K00-021,ROSALUS 20mg film coated tablet (Julphar),Rosuvastatin (as calcium ) 20mg,حبوب,20mg,,علبة,شريط,2,0,13250,6625,13250,1
06-K00-021,Stage 20mg film tab (ABDi iBRAHiM),Rosuvastatin (as calcium ) 20mg,حبوب,20mg,,علبة,شريط,4,0,13500,3375,13500,1
06-K00-021,Rosatin 20mg f.c.tab (AL-taqaddom pharmaceutical Industries),Rosuvastatin (as calcium ) 20mg,حبوب,20mg,,علبة,شريط,3,0,14250,4750,14250,1
06-K00-021,livercol 20mg f.c.tab (ilko ilac sanayi ve tic A.S),Rosuvastatin (as calcium ) 20mg,حبوب,20mg,,علبة,شريط,2,0,14250,7125,14250,1
06-K00-021,ROSAKIT 20 mg tab (JPM),Rosuvastatin (as calcium ) 20mg,حبوب,20 mg,,علبة,شريط,3,0,14500,4833.33,14500,1
06-K00-021,Rosunor 20mg (Lab. Normon),Rosuvastatin (as calcium ) 20mg,حبوب,20mg,,علبة,شريط,2,0,15250,7625,15250,1
06-K00-021,rozitta 20 mg f.c.t (DAD),Rosuvastatin (as calcium ) 20mg,حبوب,20 mg,,علبة,شريط,3,0,16250,5416.67,16250,1
06-K00-021,Rosulag 20mg tab (Medochemie),Rosuvastatin (as calcium ) 20mg,حبوب,20mg,,علبة,شريط,4,0,16500,4125,16500,1
06-K00-021,pharmano 20mg fct (Hemofarm),Rosuvastatin (as calcium ) 20mg,حبوب,20mg,,علبة,شريط,3,0,16500,5500,16500,1
06-K00-021,rozal 20mg f.c.tab (Bennett pharmaceuticals),Rosuvastatin (as calcium ) 20mg,حبوب,20mg,,علبة,شريط,4,0,16500,4125,16500,1
06-K00-021,scolta 20mg FCT (UPM),Rosuvastatin (as calcium ) 20mg,حبوب,20mg,,علبة,شريط,3,0,16500,5500,16500,1
06-K00-021,Rosuvitae 20mg f.c.t (Biofarm),Rosuvastatin (as calcium ) 20mg,حبوب,20mg,,علبة,شريط,2,0,16500,8250,16500,1
06-K00-021,Apo-Rosuvastatin 20mg tab (APOTEX),Rosuvastatin (as calcium ) 20mg,حبوب,20mg,,علبة,شريط,3,0,16500,5500,16500,1
06-K00-021,rozuvin 20mg tab (Bilim),Rosuvastatin (as calcium ) 20mg,حبوب,20mg,,علبة,شريط,2,0,16500,8250,16500,1
06-K00-021,rosuvastatin Atb20mg (S.C.Antibiotice),Rosuvastatin (as calcium ) 20mg,حبوب,20mg,,علبة,شريط,3,0,17000,5666.67,17000,1
06-K00-021,Corteza 20mg (Joswe),Rosuvastatin (as calcium ) 20mg,حبوب,20mg,,علبة,شريط,3,0,17250,5750,17250,1
06-K00-021,Rosuvanox 20 mg FCT (Medicair Bioscience),Rosuvastatin (as calcium ) 20mg,حبوب,20 mg,,علبة,شريط,3,0,17750,5916.67,17750,1
06-K00-021,PMS-Rosuvastatin 20mg tab (Pharmascience),Rosuvastatin (as calcium ) 20mg,حبوب,20mg,,علبة,شريط,3,0,17750,5916.67,17750,1
06-K00-021,Rovasta 20mg (Medochemie),Rosuvastatin (as calcium ) 20mg,حبوب,20mg,,علبة,شريط,3,0,18250,6083.33,18250,1
06-K00-021,Ivarin 20 mg (Tabuk),Rosuvastatin (as calcium ) 20mg,حبوب,20 mg,,علبة,شريط,3,0,18750,6250,18750,1
06-K00-021,Eveness 20mg f.c.t (Pharma International),Rosuvastatin (as calcium ) 20mg,حبوب,20mg,,علبة,شريط,4,0,18750,4687.5,18750,1
06-K00-021,resova 20mg tab (Hikma),Rosuvastatin (as calcium ) 20mg,حبوب,20mg,,علبة,شريط,3,0,19750,6583.33,19750,1
06-K00-021,rovast 20mg f.c.tab (Medochemie),Rosuvastatin (as calcium ) 20mg,حبوب,20mg,,علبة,شريط,4,0,25000,6250,25000,1
06-K00-021,Rosulox 20mg (Atlantic pharma),Rosuvastatin (as calcium ) 20mg,حبوب,20mg,,علبة,شريط,4,0,25500,6375,25500,1
06-K00-021,CRESTOR 20mg tab (Astra zeneca),Rosuvastatin (as calcium ) 20mg,حبوب,20mg,,علبة,شريط,2,0,25750,12875,25750,1
06-K00-021,Rosuvastatin-MDI 20mg,Rosuvastatin (as calcium ) 20mg,حبوب,20mg,,علبة,شريط,800,0,2758000,3447.5,2758000,1
06-K00-024,COLNAR 40 MG FILM TABLET (Sanovel),Rosuvastatin (as calcium ) 40mg,حبوب,40 MG,,علبة,شريط,2,0,14500,7250,14500,1
06-K00-024,stage 40 mg (ABDi iBRAHiM),Rosuvastatin (as calcium ) 40mg,حبوب,40 mg,,علبة,شريط,4,0,15500,3875,15500,1
06-K00-024,rouvastatin-Kindi 40mg as calicium (Al_kindi),Rosuvastatin (as calcium ) 40mg,حبوب,40mg,,علبة,شريط,3,0,15500,5166.67,15500,1
06-K00-024,rosvadad 40mg tablet (WadiAlrafidain),Rosuvastatin (as calcium ) 40mg,حبوب,40mg,,علبة,شريط,3,0,15500,5166.67,15500,1
06-K00-024,Rofast 40mg tab (Aurobindo),Rosuvastatin (as calcium ) 40mg,حبوب,40mg,,علبة,شريط,3,0,16500,5500,16500,1
06-K00-024,Scolta 40mg (UPM),Rosuvastatin (as calcium ) 40mg,حبوب,40mg,,علبة,شريط,3,0,16500,5500,16500,1
06-K00-024,Rosatin 40 mg (AL-taqaddom pharmaceutical Industries),Rosuvastatin (as calcium ) 40mg,حبوب,40 mg,,علبة,شريط,3,0,16500,5500,16500,1
06-K00-024,roxytor 40mg fct (Acino Pharmaceuticals FZ-LLC - United Arab Emirates),Rosuvastatin (as calcium ) 40mg,حبوب,40mg,,علبة,شريط,4,0,16750,4187.5,16750,1
06-K00-024,rosva 40mg tab (Pioneer),Rosuvastatin (as calcium ) 40mg,حبوب,40mg,,علبة,شريط,3,0,18500,6166.67,18500,1
06-K00-024,Zerotin 40mg (Sama Alfayhaa),Rosuvastatin (as calcium ) 40mg,كبسول,40mg,,علبة,شريط,3,0,18500,6166.67,18500,1
06-K00-024,rovamax 40mg (Laboratorios Liconsa),Rosuvastatin (as calcium ) 40mg,حبوب,40mg,,علبة,شريط,2,0,23000,11500,23000,1
06-K00-024,APO-ROSUVASTATIN 40mg tab (APOTEX),Rosuvastatin (as calcium ) 40mg,حبوب,40mg,,علبة,شريط,3,0,23250,7750,23250,1
06-K00-024,Statol 40mg tab (Medochemie),Rosuvastatin (as calcium ) 40mg,حبوب,40mg,,علبة,شريط,3,0,23250,7750,23250,1
06-K00-024,rozal 40mg f.c.tab (Bennett pharmaceuticals),Rosuvastatin (as calcium ) 40mg,حبوب,40mg,,علبة,شريط,4,0,23250,5812.5,23250,1
06-K00-024,PMS-Rosuvastatin 40mg tab (Pharmascience),Rosuvastatin (as calcium ) 40mg,حبوب,40mg,,علبة,شريط,3,0,24750,8250,24750,1
06-K00-024,rozitta 40mg tab (DAD),Rosuvastatin (as calcium ) 40mg,حبوب,40mg,,علبة,شريط,4,0,25500,6375,25500,1
06-K00-024,rovista 40mg tab (Medpharma),Rosuvastatin (as calcium ) 40mg,حبوب,40mg,,علبة,شريط,2,0,26500,13250,26500,1
06-K00-024,Ivarin 40mg (Tabuk),Rosuvastatin (as calcium ) 40mg,حبوب,40mg,,علبة,شريط,5,0,30000,6000,30000,1
06-K00-024,CRESTOR 40mg (IPR pharmaceuticals Inc),Rosuvastatin (as calcium ) 40mg,حبوب,40mg,,علبة,شريط,4,0,35000,8750,35000,1
06-K00-024,Roxardio 40mg (Lek pharmaceutical),Rosuvastatin (as calcium ) 40mg,حبوب,40mg,,علبة,شريط,4,0,38000,9500,38000,1
06-K00-025,ezufix 10mg tab (Neutec inhaler),Ezetimibe 10 mg,حبوب,10mg,,علبة,شريط,2,0,17750,8875,17750,1
06-K00-025,Xitrol (UPM),Ezetimibe 10 mg,حبوب,10 mg,,علبة,شريط,3,0,17750,5916.67,17750,1
06-K00-025,Zemil 10mg (Pharmaline),Ezetimibe 10 mg,حبوب,10mg,,علبة,شريط,3,0,18000,6000,18000,1
06-K00-025,Zetex 10mg (Tabuk),Ezetimibe 10 mg,حبوب,10mg,,علبة,شريط,3,0,21250,7083.33,21250,1
06-K00-025,Ezetrol 10mg (MSD international gmbh),Ezetimibe 10 mg,حبوب,10mg,,علبة,شريط,4,0,57000,14250,57000,1
06-K00-027,Lipanthyl 145mg film coated tablet (Fournier lab .),fenofibrate 145 mg nanoparticle,حبوب,145mg,,علبة,شريط,3,0,19750,6583.33,19750,1
07-A00-009,Methylerlen inj. (Gland pharma),"Methylergometrine maleate inj 200mcg/ml, (1ml) Ampoule",أمبول,200mcg,,علبة,أمبولة,10,0,10000,1000,10000,1
07-A00-012,oxytocin inj 5 i.unit (Haupt pharma),"ox Oxytocin 10units/ml I.V.,I.M.&slow I.V. infusion inj(1ml) Ampoule",أمبول,5 i.u,,علبة,أمبولة,1,0,1250,1250,1250,1
07-A00-012,xytocin panpharma inj 10 unit/ (Pan pharma ml),"ox Oxytocin 10units/ml I.V.,I.M.&slow I.V. infusion inj(1ml) Ampoule",أمبول,10 u,,علبة,أمبولة,1,0,1500,1500,1500,1
07-A00-012,oxytocin panpharma inj 10 unit/ml,"ox Oxytocin 10units/ml I.V.,I.M.&slow I.V. infusion inj(1ml) Ampoule",أمبول,10 u,,علبة,أمبولة,1,0,1500,1500,1500,1
07-A00-012,Gynocin 5 IU/0.5 ml amp (Hikma Farma),"ox Oxytocin 10units/ml I.V.,I.M.&slow I.V. infusion inj(1ml) Ampoule",أمبول,5 IU,,علبة,أمبولة,6,0,6250,1041.67,6250,1
07-A00-012,Gynocin 10 IU/ml (Hikma),"ox Oxytocin 10units/ml I.V.,I.M.&slow I.V. infusion inj(1ml) Ampoule",أمبول,10 IU,,علبة,أمبولة,6,0,6750,1125,6750,1
07-A00-012,Oxytoflex 10 I.U./ml (Marcyrl pharma),"ox Oxytocin 10units/ml I.V.,I.M.&slow I.V. infusion inj(1ml) Ampoule",أمبول,10 I.U,,علبة,أمبولة,5,0,7250,1450,7250,1
07-A00-012,Oxytip 5 IU/ml (Caspian),"ox Oxytocin 10units/ml I.V.,I.M.&slow I.V. infusion inj(1ml) Ampoule",أمبول,5 IU,,علبة,أمبولة,10,0,7500,750,7500,1
07-A00-012,Oxytocin 10 IU/ml amp (Mina pharma),"ox Oxytocin 10units/ml I.V.,I.M.&slow I.V. infusion inj(1ml) Ampoule",أمبول,10 IU,,علبة,أمبولة,10,0,8750,875,8750,1
07-A00-012,oxytocin 5 IU/ml (Ever pharma),"ox Oxytocin 10units/ml I.V.,I.M.&slow I.V. infusion inj(1ml) Ampoule",أمبول,5 IU,,علبة,أمبولة,5,0,8750,1750,8750,1
07-A00-012,Oxytocin inj 10 IU/ml (Gland pharma),"ox Oxytocin 10units/ml I.V.,I.M.&slow I.V. infusion inj(1ml) Ampoule",أمبول,10 IU,,علبة,أمبولة,10,0,10000,1000,10000,1
07-A00-012,UDOXAN inj. Solu. (Duopharma),"ox Oxytocin 10units/ml I.V.,I.M.&slow I.V. infusion inj(1ml) Ampoule",أمبول,10u,,علبة,أمبولة,10,0,11500,1150,11500,1
07-A00-012,oxytocin inj 5 i.unit (Haupt pharma),"ox Oxytocin 10units/ml I.V.,I.M.&slow I.V. infusion inj(1ml) Ampoule",أمبول,5 i.u,,علبة,أمبولة,10,0,12000,1200,12000,1
07-A00-012,oxytocinpanpharma inj 10 unit/ml,"ox Oxytocin 10units/ml I.V.,I.M.&slow I.V. infusion inj(1ml) Ampoule",أمبول,10 u,,علبة,أمبولة,10,0,13000,1300,13000,1
07-A00-012,oxytocin 10 IU/ml (Ever pharma),"ox Oxytocin 10units/ml I.V.,I.M.&slow I.V. infusion inj(1ml) Ampoule",أمبول,10 IU,,علبة,أمبولة,5,0,13250,2650,13250,1
07-A00-012,YTOCIN PANPHARMA inj 10 i.u (nit Panpharma),"ox Oxytocin 10units/ml I.V.,I.M.&slow I.V. infusion inj(1ml) Ampoule",أمبول,10 i.u,,علبة,أمبولة,10,0,14000,1400,14000,1
07-A00-012,oxytip 5 (Caspian Tamin),"ox Oxytocin 10units/ml I.V.,I.M.&slow I.V. infusion inj(1ml) Ampoule",أمبول,10u,,علبة,أمبولة,100,0,57000,570,57000,1
02-C00-013,Cytotec 200mcg (Pfizer),Misoprostol 200 mcg (synthetic prostaglandin analogue) Scored or plain Tablet,حبوب,200mcg,,علبة,شريط,28,0,24250,866.07,24250,1
07-B00-004,atosiban ever pharma 37.5mg/5ml,Atosiban (as acetate)7.5mg /ml (5ml Vial),فيال,37.5mg,,علبة,فيال,1,0,106000,106000,106000,1
07-B00-004,TRACTOCILE 7.5 MG /ML CONCENTRATE FOR SOLUTION FOR INFUSION (Ferring),Atosiban (as acetate)7.5mg /ml (5ml Vial),فيال,7.5 MG,,علبة,فيال,1,0,138000,138000,138000,1
07-C00-004,As-Fugidin (Aswar alkhalej),Clotrimazole 1% topical cream,كريم,1%,,تيوب,تيوب,1,0,1000,1000,1000,1
07-C00-004,FUGIDIN cream (SDI),Clotrimazole 1% topical cream,كريم,1%,,تيوب,تيوب,1,0,1250,1250,1250,1
07-C00-004,Fugedene 1% (Al_kindi),Clotrimazole 1% topical cream,كريم,1%,,تيوب,تيوب,1,0,1250,1250,1250,1
07-C00-004,Handistan 1% (Al hayat),Clotrimazole 1% topical cream,كريم,1%,,تيوب,تيوب,1,0,1250,1250,1250,1
07-C00-004,Clotridain 1% (WadiAlrafidain),Clotrimazole 1% topical cream,كريم,1%,,تيوب,تيوب,1,0,1250,1250,1250,1
07-C00-004,FUGIDEEN-D (Dijla),Clotrimazole 1% topical cream,كريم,1%,,تيوب,تيوب,1,0,1250,1250,1250,1
07-C00-004,Fugizol cream (Dubai),Clotrimazole 1% topical cream,كريم,1%,,تيوب,تيوب,1,0,1250,1250,1250,1
07-C00-004,MDIFUGIDIM CREAM,Clotrimazole 1% topical cream,كريم,1%,,تيوب,تيوب,1,0,1250,1250,1250,1
07-C00-004,canestal 1% (ALPHA-Aleppo),Clotrimazole 1% topical cream,كريم,1%,,تيوب,تيوب,1,0,1500,1500,1500,1
07-C00-004,Opizole Cream 1% (Zynova),Clotrimazole 1% topical cream,كريم,1%,,تيوب,تيوب,1,0,2000,2000,2000,1
07-C00-004,Mycoril 1 % cream (Remedica),Clotrimazole 1% topical cream,كريم,1%,,تيوب,تيوب,1,0,2750,2750,2750,1
07-C00-004,Candi Mazol cream (Domina),Clotrimazole 1% topical cream,كريم,1%,,تيوب,تيوب,1,0,3250,3250,3250,1
07-C00-004,Camysten 1% cream (Opalia),Clotrimazole 1% topical cream,كريم,1%,,تيوب,تيوب,1,0,3750,3750,3750,1
07-C00-004,Canesten cream (Grenzach produktions GmbH),Clotrimazole 1% topical cream,كريم,1%,,تيوب,تيوب,1,0,7000,7000,7000,1
07-C00-004,fugidin cream (SDI),Clotrimazole 1% topical cream,كريم,1%,,تيوب,تيوب,192,0,156000,812.5,156000,1
07-C00-021,micozol 400mg (SDI),Miconazole nitrate 400mg Vaginal Suppository or ovules,تحاميل,400mg,,علبة,تحميلة,1,0,2000,2000,2000,1
07-C00-021,AsMyco-heal 400mg (Aswar alkhalej),Miconazole nitrate 400mg Vaginal Suppository or ovules,تحاميل,400mg,,علبة,تحميلة,1,0,2500,2500,2500,1
07-C00-021,Micover 400mg vaginal ovule (Joriver),Miconazole nitrate 400mg Vaginal Suppository or ovules,تحاميل,400mg,,علبة,تحميلة,1,0,3000,3000,3000,1
07-C00-021,MICAZOL 400mg (Al safa),Miconazole nitrate 400mg Vaginal Suppository or ovules,تحاميل,400mg,,علبة,تحميلة,1,0,3250,3250,3250,1
07-C00-021,MYCOYAT 400mg (Al hayat),Miconazole nitrate 400mg Vaginal Suppository or ovules,تحاميل,400mg,,علبة,تحميلة,1,0,3250,3250,3250,1
07-C00-021,mycoheal 400mg vaginal supp (DAD),Miconazole nitrate 400mg Vaginal Suppository or ovules,تحاميل,400mg,,علبة,تحميلة,1,0,3500,3500,3500,1
07-C00-021,Gyno-mikozal 400mg vag. ovules (Julphar),Miconazole nitrate 400mg Vaginal Suppository or ovules,تحاميل,400mg,,علبة,تحميلة,1,0,3500,3500,3500,1
07-C00-021,GYNO-CANDIZOL 400 mg vaginal ovules (UPM),Miconazole nitrate 400mg Vaginal Suppository or ovules,تحاميل,400 mg,,علبة,تحميلة,1,0,3500,3500,3500,1
07-C00-021,GYNO-CANDIZOL 400 mg vaginal ovules (UPM),Miconazole nitrate 400mg Vaginal Suppository or ovules,تحاميل,400 mg,,علبة,تحميلة,1,0,3500,3500,3500,1
07-C00-021,Gyno Daktarin 400mg vagainal ovules (Janssen),Miconazole nitrate 400mg Vaginal Suppository or ovules,تحاميل,400mg,,علبة,تحميلة,1,0,11750,11750,11750,1
07-C00-021,MICAZOL 400mg vag.supp. (Al safa),Miconazole nitrate 400mg Vaginal Suppository or ovules,تحاميل,400mg,,علبة,تحميلة,10,0,13750,1375,13750,1
07-C00-027,Kindistatin oint (Al_kindi),Nystatin 100000 units/g Topical Ointment,مرهم,100000 u,,تيوب,تيوب,1,0,1000,1000,1000,1
07-C00-027,Mycodin oint. (SDI),Nystatin 100000 units/g Topical Ointment,مرهم,100000 u,,تيوب,تيوب,1,0,1000,1000,1000,1
07-C00-027,mycodad oint. (WadiAlrafidain),Nystatin 100000 units/g Topical Ointment,مرهم,100000 u,,تيوب,تيوب,1,0,1250,1250,1250,1
07-C00-027,NYSTATIN (Al hayat),Nystatin 100000 units/g Topical Ointment,مرهم,100000 u,,تيوب,تيوب,1,0,1250,1250,1250,1
07-C00-027,nystamid oint. (MDI),Nystatin 100000 units/g Topical Ointment,مرهم,100000 u,,تيوب,تيوب,1,0,1250,1250,1250,1
07-C00-027,mikostat (Julphar),Nystatin 100000 units/g Topical Ointment,مرهم,100000 u,,تيوب,تيوب,1,0,2750,2750,2750,1
07-DA0-004,Ovocept-LD sugar coated tablet (Aburaihan pharmaceutical co.),Ethinyloestradiol 30mcg+ levonorgestrel 150 mcg Tablet,حبوب,30mcg,,علبة,شريط,1,0,1500,1500,1500,1
07-DA0-004,Rigevidon DRG (Gedeon Richter),Ethinyloestradiol 30mcg+ levonorgestrel 150 mcg Tablet,حبوب,30mcg,,علبة,شريط,1,0,3500,3500,3500,1
07-DA0-004,Ovocept-LD (Aburaihan pharmaceutical co.),Ethinyloestradiol 30mcg+ levonorgestrel 150 mcg Tablet,حبوب,30mcg,,علبة,شريط,10,0,7000,700,7000,1
07-DA0-015,Salima 0.15 mg/0.03 mg (Cyndea pharma),Ethinylestradiol (Ethinyloestradio) 30mcg+Desogestrel 150mcg,حبوب,0.15 mg,,علبة,شريط,1,0,6000,6000,6000,1
07-DA0-015,Marvelon tab (N.V. Organon),Ethinylestradiol (Ethinyloestradio) 30mcg+Desogestrel 150mcg,حبوب,30mcg,,علبة,شريط,1,0,7000,7000,7000,1
07-DB0-005,violet f.c. tab (DAD),Desogestrel 75mcg Tablet,حبوب,75mcg,,علبة,شريط,1,0,4500,4500,4500,1
07-DB0-005,Salimette 75 mcg F.C tab (Cyndea pharma),Desogestrel 75mcg Tablet,حبوب,75 mcg,,علبة,شريط,1,0,8750,8750,8750,1
07-DB0-005,Cerazette f.c.tab (N.V organon),Desogestrel 75mcg Tablet,حبوب,75mcg,,علبة,شريط,1,0,10000,10000,10000,1
01-E00-063,Urimax-0.4mg cap (Cipla),Tamsulosion Hydrochloride 0.4mg modified release Capsule or tablet,كبسول,0.4mg,,علبة,شريط,3,0,6250,2083.33,6250,1
01-E00-063,prostarok cap (UROK),Tamsulosion Hydrochloride 0.4mg modified release Capsule or tablet,كبسول,0.4mg,,علبة,شريط,2,0,7500,3750,7500,1
01-E00-063,OD-Tam 0.4mg (Aurobindo),Tamsulosion Hydrochloride 0.4mg modified release Capsule or tablet,كبسول,0.4mg,,علبة,شريط,3,0,8250,2750,8250,1
01-E00-063,tamsulin 0.4mg cap MR. (Marcyrl),Tamsulosion Hydrochloride 0.4mg modified release Capsule or tablet,كبسول,0.4mg,,علبة,شريط,4,0,8750,2187.5,8750,1
01-E00-063,OMNIMAX 0.4mg (Pioneer),Tamsulosion Hydrochloride 0.4mg modified release Capsule or tablet,كبسول,0.4mg,,علبة,شريط,4,0,10500,2625,10500,1
01-E00-063,block alpha 0.4mg MR cap (ADWIA),Tamsulosion Hydrochloride 0.4mg modified release Capsule or tablet,كبسول,0.4mg,,علبة,شريط,3,0,11250,3750,11250,1
01-E00-063,tansulosina baldacci 0.4mg (Bluepharma),Tamsulosion Hydrochloride 0.4mg modified release Capsule or tablet,كبسول,0.4mg,,علبة,شريط,3,0,11500,3833.33,11500,1
01-E00-063,Prostafine 0.4 mg modified release cap. (Benta S.A.L),Tamsulosion Hydrochloride 0.4mg modified release Capsule or tablet,كبسول,0.4 mg,,علبة,شريط,3,0,11500,3833.33,11500,1
01-E00-063,prostomax 0.4mg MR cap (Drogsan),Tamsulosion Hydrochloride 0.4mg modified release Capsule or tablet,كبسول,0.4mg,,علبة,شريط,3,0,12750,4250,12750,1
01-E00-063,prostulosin 0.4mg prolonged release tab (NOVARTIS),Tamsulosion Hydrochloride 0.4mg modified release Capsule or tablet,حبوب,0.4mg,,علبة,شريط,3,0,14500,4833.33,14500,1
01-E00-063,Prosta-tab PR (Tabuk),Tamsulosion Hydrochloride 0.4mg modified release Capsule or tablet,حبوب,0.4mg,,علبة,شريط,3,0,14500,4833.33,14500,1
01-E00-063,Eziflo 0.4 mg prolong release (UPM),Tamsulosion Hydrochloride 0.4mg modified release Capsule or tablet,كبسول,0.4 mg,,علبة,شريط,3,0,14500,4833.33,14500,1
01-E00-063,Gamcet 0.4 Prolonged release film coated tablet. (DAD),Tamsulosion Hydrochloride 0.4mg modified release Capsule or tablet,حبوب,0.4mg,,علبة,شريط,3,0,14500,4833.33,14500,1
01-E00-063,salunic 0.4mg cap (Bluepharma),Tamsulosion Hydrochloride 0.4mg modified release Capsule or tablet,كبسول,0.4mg,,علبة,شريط,3,0,16500,5500,16500,1
01-E00-063,Tamsulosin STADA 0.4 mg. (Synthon),Tamsulosion Hydrochloride 0.4mg modified release Capsule or tablet,كبسول,0.4 mg,,علبة,شريط,3,0,17000,5666.67,17000,1
01-E00-063,Apo-Tamsulosin CR 0.4mg (APOTEX),Tamsulosion Hydrochloride 0.4mg modified release Capsule or tablet,كبسول,0.4mg,,علبة,شريط,3,0,18250,6083.33,18250,1
01-E00-063,Prostaosina (Adamed pharma),Tamsulosion Hydrochloride 0.4mg modified release Capsule or tablet,حبوب,0.4mg,,علبة,شريط,3,0,19500,6500,19500,1
01-E00-063,Omnic Ocas 0.4 prolong release tab (Astellas),Tamsulosion Hydrochloride 0.4mg modified release Capsule or tablet,حبوب,0.4mg,,علبة,شريط,3,0,25750,8583.33,25750,1
08-AA0-003,ferrodad oral elixir (WadiAlrafidain),Ferrous gluconate 400mg/15ml Syrup,شراب,400mg,,عبوة,عبوة,1,0,1500,1500,1500,1
08-AA0-003,Ferrosam syrup (SDI),Ferrous gluconate 400mg/15ml Syrup,شراب,400mg,,عبوة,عبوة,1,0,1500,1500,1500,1
08-AA0-003,ferrodad oral elixir (WadiAlrafidain),Ferrous gluconate 400mg/15ml Syrup,شراب,400mg,,عبوة,عبوة,1,0,1500,1500,1500,1
08-AA0-003,KIRON (Al_kindi),Ferrous gluconate 400mg/15ml Syrup,شراب,400mg,,عبوة,عبوة,1,0,4000,4000,4000,1
08-AA0-003,Ferrovef syrup (Vefa ilac),Ferrous gluconate 400mg/15ml Syrup,شراب,400mg,,عبوة,عبوة,1,0,7500,7500,7500,1
08-AA0-005,MDIrrous sulphate tab 200mg,Ferrous sulphate 200mg Tablet,حبوب,200mg,,علبة,شريط,2,0,1000,500,1000,1
08-AA0-005,Fesulfate Awa 200 FCT (Awamedica),Ferrous sulphate 200mg Tablet,حبوب,200mg,,علبة,شريط,3,0,4500,1500,4500,1
08-AA0-005,FERROUS SULFATE (Accord),Ferrous sulphate 200mg Tablet,حبوب,200mg,,علبة,شريط,2,0,4750,2375,4750,1
08-AA0-005,fesulfate awa 200 (Awamedica),Ferrous sulphate 200mg Tablet,حبوب,200mg,,علبة,شريط,10,0,13500,1350,13500,1
08-AA0-005,MDIrrous sulphate tab 200mg,Ferrous sulphate 200mg Tablet,حبوب,200mg,,علبة,شريط,600,0,196000,326.67,196000,1
08-AA0-009,fercayl sol.for inj.infu. (Lab. Sterop),Iron (as Iron dextran) 50mg/ml (2ml Ampoule) by deep I.M or slow I.V or by Slow I.V infusion,أمبول,50mg,,علبة,أمبولة,100,0,192000,1920,192000,1
08-AA0-014,Iron sucrose injection for IV use only (Gland pharma),Iron (as Iron sucrose) 20 mg/ 1ml (5ml) Ampoule INTRAVENOUS INFUSION,أمبول,20 mg,,علبة,أمبولة,5,0,16500,3300,16500,1
08-AA0-014,Xeratec 100mg/5ml (MS pharma),Iron (as Iron sucrose) 20 mg/ 1ml (5ml) Ampoule INTRAVENOUS INFUSION,أمبول,100mg,,علبة,أمبولة,5,0,19000,3800,19000,1
08-AA0-014,Feroton ampoule IV 5ml (Jamjoom),Iron (as Iron sucrose) 20 mg/ 1ml (5ml) Ampoule INTRAVENOUS INFUSION,أمبول,5ml,,علبة,أمبولة,5,0,20250,4050,20250,1
08-AA0-014,Fericose 100 mg / 5 ml ampoule (VEM llac San),Iron (as Iron sucrose) 20 mg/ 1ml (5ml) Ampoule INTRAVENOUS INFUSION,أمبول,100 mg,,علبة,أمبولة,5,0,20250,4050,20250,1
08-AA0-014,Santaferron 100mg/5ml iv inj (Mefar ilac san),Iron (as Iron sucrose) 20 mg/ 1ml (5ml) Ampoule INTRAVENOUS INFUSION,أمبول,100mg,,علبة,أمبولة,5,0,20250,4050,20250,1
08-AA0-014,Feromax 20mg/ml amp. (Julphar),Iron (as Iron sucrose) 20 mg/ 1ml (5ml) Ampoule INTRAVENOUS INFUSION,أمبول,20mg,,علبة,أمبولة,5,0,21500,4300,21500,1
08-AA0-014,Iro-max 100mg/5ml i.v amp. (Osel ilac),Iron (as Iron sucrose) 20 mg/ 1ml (5ml) Ampoule INTRAVENOUS INFUSION,أمبول,100mg,,علبة,أمبولة,5,0,21500,4300,21500,1
08-AA0-014,Irovin 20mg/ml concentrate for solution for infusion (I.V) (Rafram),Iron (as Iron sucrose) 20 mg/ 1ml (5ml) Ampoule INTRAVENOUS INFUSION,أمبول,20mg,,علبة,أمبولة,5,0,26250,5250,26250,1
08-AA0-014,hemafer-S 100mg/5ml amp (Uni-pharma kleon),Iron (as Iron sucrose) 20 mg/ 1ml (5ml) Ampoule INTRAVENOUS INFUSION,أمبول,100mg,,علبة,أمبولة,5,0,26250,5250,26250,1
08-AA0-014,Blogen IV 100 mg / 5ml. solution for injection IV. (Tabuk),Iron (as Iron sucrose) 20 mg/ 1ml (5ml) Ampoule INTRAVENOUS INFUSION,أمبول,100 mg,,علبة,أمبولة,5,0,27000,5400,27000,1
08-AA0-014,Iviron inj. 20 mg / ml (Benta S.A.L),Iron (as Iron sucrose) 20 mg/ 1ml (5ml) Ampoule INTRAVENOUS INFUSION,أمبول,20 mg,,علبة,أمبولة,5,0,27000,5400,27000,1
08-B00-010,foliAid (Al mansour),Folic acid 5mg Tablet,حبوب,5mg,,علبة,شريط,1,0,250,250,250,1
08-B00-010,Folic acid 5mg (WadiAlrafidain),Folic acid 5mg Tablet,حبوب,5mg,,علبة,شريط,1,0,250,250,250,1
08-B00-010,Folic acid 5mg tab (Strides Arcolab),Folic acid 5mg Tablet,حبوب,5mg,,علبة,شريط,1,0,250,250,250,1
08-B00-010,folic acid 5mg tab (WadiAlrafidain),Folic acid 5mg Tablet,حبوب,5mg,,علبة,شريط,2,0,750,375,750,1
08-B00-010,furafolic 5 tab (Al furat),Folic acid 5mg Tablet,حبوب,5mg,,علبة,شريط,2,0,750,375,750,1
08-B00-010,Folik acid 5mg tab (Al_kindi),Folic acid 5mg Tablet,حبوب,5mg,,علبة,شريط,3,0,1000,333.33,1000,1
08-B00-010,foliAid tablet (Al mansour),Folic acid 5mg Tablet,حبوب,5mg,,علبة,شريط,3,0,1000,333.33,1000,1
08-B00-010,Aswar Folic Acid (Aswar alkhalej),Folic acid 5mg Tablet,حبوب,5mg,,علبة,شريط,3,0,1000,333.33,1000,1
08-B00-010,Folicum 5mg tab (Julphar),Folic acid 5mg Tablet,حبوب,5mg,,علبة,شريط,1,0,1500,1500,1500,1
08-B00-010,Folic acid 5mg (WadiAlrafidain),Folic acid 5mg Tablet,حبوب,5mg,,علبة,شريط,3,0,1500,500,1500,1
08-B00-010,FOLIC ACID 5mg (Al safa),Folic acid 5mg Tablet,حبوب,5mg,,علبة,شريط,3,0,1500,500,1500,1
08-B00-010,Folic Acid Aljazeera 5mg (Al jazeera),Folic acid 5mg Tablet,حبوب,5mg,,علبة,شريط,3,0,1500,500,1500,1
08-B00-010,folic acid 5mg tab (M and A),Folic acid 5mg Tablet,حبوب,5mg,,علبة,شريط,3,0,1750,583.33,1750,1
08-B00-010,Folic Awa 5mg tab (Awamedica),Folic acid 5mg Tablet,حبوب,5mg,,علبة,شريط,3,0,2250,750,2250,1
08-B00-010,FOLIC ACID 5MG (Accord),Folic acid 5mg Tablet,حبوب,5MG,,علبة,شريط,2,0,3250,1625,3250,1
08-B00-010,folilife 5mg tab (Life pharma),Folic acid 5mg Tablet,حبوب,5mg,,علبة,شريط,2,0,3250,1625,3250,1
08-B00-010,Folic acid G.L (G.L pharma),Folic acid 5mg Tablet,حبوب,5mg,,علبة,شريط,3,0,3500,1166.67,3500,1
08-B00-010,Folix 5mg (Joswe),Folic acid 5mg Tablet,حبوب,5mg,,علبة,شريط,10,0,6750,675,6750,1
08-B00-010,foliAid (Al mansour),Folic acid 5mg Tablet,حبوب,5mg,,علبة,شريط,50,0,11250,225,11250,1
08-B00-010,Folic acid 5mg tab (Strides Arcolab),Folic acid 5mg Tablet,حبوب,5mg,,علبة,شريط,100,0,17750,177.5,17750,1
08-B00-010,furafolic 5 tab (Al furat),Folic acid 5mg Tablet,حبوب,5mg,,علبة,شريط,100,0,23250,232.5,23250,1
08-B00-010,Folic acid 5mg tab (Al safa),Folic acid 5mg Tablet,حبوب,5mg,,علبة,شريط,100,0,25750,257.5,25750,1
08-B00-010,Folic acid 5mg tab (WadiAlrafidain),Folic acid 5mg Tablet,حبوب,5mg,,علبة,شريط,100,0,35000,350,35000,1
08-B00-005,Depofort B12 1000 mcg Solution For I.M. Injection (Pharco International),"Hydroxycobalamin 1000mcg/ml (1ml) Ampoule ,I.M",أمبول,1000 mcg,,علبة,أمبولة,2,0,2250,1125,2250,1
08-B00-005,Cynovit inj. (Julphar),"Hydroxycobalamin 1000mcg/ml (1ml) Ampoule ,I.M",أمبول,1000mcg,,علبة,أمبولة,5,0,3750,750,3750,1
08-B00-005,vita B-12 inj. 1000mcg (Brawn lab.),"Hydroxycobalamin 1000mcg/ml (1ml) Ampoule ,I.M",أمبول,1000mcg,,علبة,أمبولة,10,0,5000,500,5000,1
08-B00-005,pio-vit B12 1000mcg/1ml amp (Pioneer),"Hydroxycobalamin 1000mcg/ml (1ml) Ampoule ,I.M",أمبول,1000mcg,,علبة,أمبولة,5,0,5000,1000,5000,1
08-B00-005,Erycytol Depot 1mg/ml (G.L pharma),"Hydroxycobalamin 1000mcg/ml (1ml) Ampoule ,I.M",أمبول,1mg,,علبة,أمبولة,5,0,9500,1900,9500,1
08-B00-005,B12 Depot - amp (Panpharma),"Hydroxycobalamin 1000mcg/ml (1ml) Ampoule ,I.M",أمبول,1000mcg,,علبة,أمبولة,10,0,13500,1350,13500,1
08-B00-025,foliAid (Al mansour),Folic acid 400 mcg tablet,حبوب,400 mcg,,علبة,شريط,1,0,250,250,250,1
08-B00-025,folirok 0.4mg tab (UROK),Folic acid 400 mcg tablet,حبوب,0.4mg,,علبة,شريط,3,0,1500,500,1500,1
08-B00-025,folic acid 400mcg tab (Dubai),Folic acid 400 mcg tablet,حبوب,400mcg,,علبة,شريط,3,0,1500,500,1500,1
08-B00-025,Folic acid 0.4mg (Al_kindi),Folic acid 400 mcg tablet,حبوب,0.4mg,,علبة,شريط,3,0,1500,500,1500,1
08-B00-025,Folic acid 400mcg tablet (WadiAlrafidain),Folic acid 400 mcg tablet,حبوب,400mcg,,علبة,شريط,3,0,3250,1083.33,3250,1
08-B00-025,folic acid 400mcg tab (Al_kindi),Folic acid 400 mcg tablet,حبوب,400mcg,,علبة,شريط,1,0,3250,3250,3250,1
08-B00-025,Pregnio fol tab (Vefa ilac),Folic acid 400 mcg tablet,حبوب,400 mcg,,علبة,شريط,2,0,4000,2000,4000,1
08-B00-025,Folic 400mcg (Al safa),Folic acid 400 mcg tablet,حبوب,400mcg,,علبة,شريط,3,0,4250,1416.67,4250,1
08-B00-025,Folic acid (Power Health products LTD/uk),Folic acid 400 mcg tablet,حبوب,400 mcg,,علبة,شريط,1,0,7500,7500,7500,1
08-B00-025,folvyte 400mcg tablet (Vitane),Folic acid 400 mcg tablet,حبوب,400mcg,,علبة,شريط,1,0,7750,7750,7750,1
08-B00-025,Newgate Folic acid (THE protein lab),Folic acid 400 mcg tablet,حبوب,400 mcg,,علبة,شريط,1,0,8000,8000,8000,1
08-B00-025,foliAid (Al mansour),Folic acid 400 mcg tablet,حبوب,400 mcg,,علبة,شريط,50,0,11250,225,11250,1
08-B00-025,vita thrive folic acid 400mcg (Liquidsun Ltd),Folic acid 400 mcg tablet,حبوب,400mcg,,علبة,شريط,1,0,12500,12500,12500,1
08-B00-025,neofolic 400mcg tab (neopharma),Folic acid 400 mcg tablet,حبوب,400mcg,,علبة,شريط,1,0,17750,17750,17750,1
08-B00-025,folic acid 400mcg tab (Dubai),Folic acid 400 mcg tablet,حبوب,400mcg,,علبة,شريط,50,0,21500,430,21500,1
08-C00-001,koromon 2000 IU/0.5ml (handkook),Recombinant human erythropoietin (alfa rh Epo) 2000 I.U per vial or PFS solution for injection,حقن,2000 IU,,علبة,حقنة,1,0,12500,12500,12500,1
08-C00-001,Binocrit 2000IU/0.3ml (IDI Biologika Gmbh),Recombinant human erythropoietin (alfa rh Epo) 2000 I.U per vial or PFS solution for injection,حقن,2000IU,,علبة,حقنة,6,0,90000,15000,90000,1
08-C00-001,Eprex 2000 IU (cilag AG),Recombinant human erythropoietin (alfa rh Epo) 2000 I.U per vial or PFS solution for injection,حقن,2000 IU,,علبة,حقنة,6,0,112000,18666.67,112000,1
08-C00-004,Espogen Plus 4000 IU (LG Life Sciences),Recombinant human erythropoietin(alfa rh Epo) 4000 IU per PFS or vial solution For inj.,حقن,4000 IU,,علبة,حقنة,6,0,94000,15666.67,94000,1
08-C00-004,"Espogen Prefilled-Injection 4000IU/0.4ml PFS. (LG Chem,Ltd)",Recombinant human erythropoietin(alfa rh Epo) 4000 IU per PFS or vial solution For inj.,حقن,4000IU,,علبة,حقنة,6,0,108000,18000,108000,1
08-C00-004,Eprex 4000 IU (cilag AG),Recombinant human erythropoietin(alfa rh Epo) 4000 IU per PFS or vial solution For inj.,حقن,4000 IU,,علبة,حقنة,6,0,183000,30500,183000,1
08-D00-027,P r a d a x a 1 1 0 m g cap. (Boehringer Ingelheim),Dabigatran etexilate (as mesilate) 110 mg,كبسول,110 mg,,علبة,شريط,3,0,68000,22666.67,68000,1
08-D00-026,P r a d a x a 7 5 m g cap. (Boehringer Ingelheim),Dabigatran etexilate (as mesilate) 75 mg,كبسول,75 mg,,علبة,شريط,3,0,68000,22666.67,68000,1
08-D00-026,Pradaxa 75 mg cap. (Boehringer Ingelheim),Dabigatran etexilate (as mesilate) 75 mg,كبسول,75 mg,,علبة,شريط,6,0,118000,19666.67,118000,1
08-D00-036,Banoriv 10mg (Spimaco),Rivaroxaban 10 mg,حبوب,10mg,,علبة,شريط,1,0,10000,10000,10000,1
08-D00-036,zarlan 10mg F.C.T (DAD),Rivaroxaban 10 mg,حبوب,10mg,,علبة,شريط,1,0,13250,13250,13250,1
08-D00-036,xaviran 10mg F.C.T (Pharmaline),Rivaroxaban 10 mg,حبوب,10mg,,علبة,شريط,1,0,13250,13250,13250,1
08-D00-036,Revma 10mg f.c.tab (Pharma International),Rivaroxaban 10 mg,حبوب,10mg,,علبة,شريط,1,0,17000,17000,17000,1
08-D00-036,rixovitae 10mg (Pharos MT Limited),Rivaroxaban 10 mg,حبوب,10mg,,علبة,شريط,1,0,19500,19500,19500,1
08-D00-036,vaxato 10mg Fctab (Liptis pharma),Rivaroxaban 10 mg,حبوب,10mg,,علبة,شريط,1,0,21000,21000,21000,1
08-D00-036,Z-COT (Ajanta),Rivaroxaban 10 mg,حبوب,10 mg,,علبة,شريط,3,0,26250,8750,26250,1
08-D00-036,Rioxaban 10 (Ultra medica),Rivaroxaban 10 mg,حبوب,10 mg,,علبة,شريط,2,0,26750,13375,26750,1
08-D00-036,Rivaroxaban-vitapure 10 mg tab. (GENU Pharma INC),Rivaroxaban 10 mg,حبوب,10 mg,,علبة,شريط,3,0,26750,8916.67,26750,1
08-D00-036,xareben 10mg tab (Bennett),Rivaroxaban 10 mg,حبوب,10mg,,علبة,شريط,3,0,33000,11000,33000,1
08-D00-036,zarlan 10mg F.C.T (DAD),Rivaroxaban 10 mg,حبوب,10mg,,علبة,شريط,3,0,36000,12000,36000,1
08-D00-036,Xarelto 10mg film coated tablet (Bayer AG),Rivaroxaban 10 mg,حبوب,10mg,,علبة,شريط,1,0,42000,42000,42000,1
08-D00-036,rivabosis 10mg f.c. tab (ABDi iBRAHiM),Rivaroxaban 10 mg,حبوب,10mg,,علبة,شريط,3,0,46000,15333.33,46000,1
08-D00-036,varoxa 10mg f.c.t (Tabuk),Rivaroxaban 10 mg,حبوب,10mg,,علبة,شريط,3,0,50000,16666.67,50000,1
08-D00-036,CLOXABAN 10mg (Pioneer),Rivaroxaban 10 mg,حبوب,10mg,,علبة,شريط,2,0,51000,25500,51000,1
08-D00-037,banoriv 15mg tab (Saudi pharmaceutical industries & medical corporation),Rivaroxaban 15 mg,حبوب,15mg,,علبة,شريط,2,0,20250,10125,20250,1
08-D00-037,vaxato 15mg Fctab (Liptis pharma),Rivaroxaban 15 mg,حبوب,15mg,,علبة,شريط,1,0,21000,21000,21000,1
08-D00-037,Z-COT (Ajanta),Rivaroxaban 15 mg,حبوب,15 mg,,علبة,شريط,3,0,26250,8750,26250,1
08-D00-037,banoriv 1S5amugd it pabharmac (eutical industries & medi),Rivaroxaban 15 mg,حبوب,15 mg,,علبة,شريط,3,0,30500,10166.67,30500,1
08-D00-037,rixovitae 15mg (Pharos MT Limited),Rivaroxaban 15 mg,حبوب,15mg,,علبة,شريط,2,0,31000,15500,31000,1
08-D00-037,xaviran 15mg F.C.T (Pharmaline),Rivaroxaban 15 mg,حبوب,15mg,,علبة,شريط,3,0,31500,10500,31500,1
08-D00-037,Inbaxa 15mg (TORRENT PHARMACEUTICALS),Rivaroxaban 15 mg,حبوب,15mg,,علبة,شريط,3,0,33000,11000,33000,1
08-D00-037,xareben 15mg tab (Bennett),Rivaroxaban 15 mg,حبوب,15mg,,علبة,شريط,3,0,33000,11000,33000,1
08-D00-037,Revma 15 mg tab (Pharma International),Rivaroxaban 15 mg,حبوب,15 mg,,علبة,شريط,2,0,37000,18500,37000,1
08-D00-037,zarlan 15mg F.C.T (DAD),Rivaroxaban 15 mg,حبوب,15mg,,علبة,شريط,2,0,37000,18500,37000,1
08-D00-037,Rivanex 15mg tab (Pharos MT Limited),Rivaroxaban 15 mg,حبوب,15mg,,علبة,شريط,2,0,41000,20500,41000,1
08-D00-037,rivabosis 15mg f.c. tab (ABDi iBRAHiM),Rivaroxaban 15 mg,حبوب,15mg,,علبة,شريط,3,0,46000,15333.33,46000,1
08-D00-037,varoxa 15mg (Tabuk),Rivaroxaban 15 mg,حبوب,15mg,,علبة,شريط,3,0,50000,16666.67,50000,1
08-D00-037,zarlan 15mg F.C.T (DAD),Rivaroxaban 15 mg,حبوب,15mg,,علبة,شريط,3,0,50000,16666.67,50000,1
08-D00-037,CLOXABAN 15mg (Pioneer),Rivaroxaban 15 mg,حبوب,15mg,,علبة,شريط,2,0,51000,25500,51000,1
08-D00-037,Revma 15 mg f.c.t (Pharma International),Rivaroxaban 15 mg,حبوب,15 mg,,علبة,شريط,6,0,57000,9500,57000,1
08-D00-037,Xarelto 15 mg film coated tablet (Bayer AG),Rivaroxaban 15 mg,حبوب,15 mg,,علبة,شريط,2,0,99000,49500,99000,1
08-D00-037,Xarelto 15 mg film coated tablet (Bayer AG),Rivaroxaban 15 mg,حبوب,15 mg,,علبة,شريط,3,0,149000,49666.67,149000,1
08-D00-037,vaxato 20mg Fctab (Liptis pharma),Rivaroxaban 15 mg,حبوب,20mg,,علبة,شريط,1,0,21000,21000,21000,1
08-D00-037,Banoriv 20mg tab (Saudi pharmaceutical industries & medical),Rivaroxaban 15 mg,حبوب,20mg,,علبة,شريط,2,0,25500,12750,25500,1
08-D00-037,Z-COT (Ajanta),Rivaroxaban 15 mg,حبوب,15 mg,,علبة,شريط,3,0,26250,8750,26250,1
08-D00-037,Rivaroxaban-vitapure 20 mg tab. (GENU Pharma INC),Rivaroxaban 15 mg,حبوب,20 mg,,علبة,شريط,3,0,27250,9083.33,27250,1
08-D00-037,rixovitae 20mg (Pharos MT Limited),Rivaroxaban 15 mg,حبوب,20mg,,علبة,شريط,2,0,31000,15500,31000,1
08-D00-037,XAVIRAN 20mg film coated tablet (Pharmaline),Rivaroxaban 15 mg,حبوب,20mg,,علبة,شريط,3,0,31500,10500,31500,1
08-D00-037,xareben 20mg tab (Bennett),Rivaroxaban 15 mg,حبوب,20mg,,علبة,شريط,3,0,33000,11000,33000,1
08-D00-037,Revma 15 mg tab (Pharma International),Rivaroxaban 15 mg,حبوب,15 mg,,علبة,شريط,2,0,37000,18500,37000,1
08-D00-037,zarlan 20mg F.C.T (DAD),Rivaroxaban 15 mg,حبوب,20mg,,علبة,شريط,2,0,37000,18500,37000,1
08-D00-037,Rioxaban 20 (Ultra medica),Rivaroxaban 15 mg,حبوب,15 mg,,علبة,شريط,3,0,38000,12666.67,38000,1
08-D00-037,revma 20mg f.c. tab (Pharma International),Rivaroxaban 15 mg,حبوب,20mg,,علبة,شريط,4,0,46000,11500,46000,1
08-D00-037,rivabosis 20mg f.c. tab (ABDi iBRAHiM),Rivaroxaban 15 mg,حبوب,20mg,,علبة,شريط,3,0,46000,15333.33,46000,1
08-D00-037,Rivanex (Pharos MT Limited),Rivaroxaban 15 mg,حبوب,15 mg,,علبة,شريط,2,0,49000,24500,49000,1
08-D00-037,varoxa 20mg f.c.t (Tabuk),Rivaroxaban 15 mg,حبوب,20mg,,علبة,شريط,3,0,50000,16666.67,50000,1
08-D00-037,CLOXABAN 20mg (Pioneer),Rivaroxaban 15 mg,حبوب,20mg,,علبة,شريط,2,0,51000,25500,51000,1
08-D00-045,Apivas-5mg FCT (Micro Lab),Apixaban 5mg,حبوب,5mg,,علبة,شريط,6,0,28000,4666.67,28000,1
08-D00-045,Fluxiban 5mg (Sama Alfayhaa),Apixaban 5mg,كبسول,5mg,,علبة,شريط,3,0,30000,10000,30000,1
08-D00-045,flactor 5 tab (Ultra medica),Apixaban 5mg,حبوب,5mg,,علبة,شريط,3,0,30500,10166.67,30500,1
08-D00-045,Eliquis 5mg f.c.t (PFIZER IRELAND PHARMACEUTICALS),Apixaban 5mg,حبوب,5mg,,علبة,شريط,2,0,42000,21000,42000,1
08-D00-045,paquix 5mg f.c.t (UPM),Apixaban 5mg,حبوب,5mg,,علبة,شريط,6,0,55000,9166.67,55000,1
08-D00-045,Clotexia 5mg FCT Sa (na Pharmaceutical Indus),Apixaban 5mg,حبوب,5mg,,علبة,شريط,6,0,55000,9166.67,55000,1
08-D00-045,axaban-Denk 5mg FCT (Combino pharm),Apixaban 5mg,حبوب,5mg,,علبة,شريط,3,0,61000,20333.33,61000,1
08-D00-045,Eliquis 5mg tab (PFIZER IRELAND PHARMA),Apixaban 5mg,حبوب,5mg,,علبة,شريط,6,0,107000,17833.33,107000,1
08-D00-039,Flactor 2.5 mg FCT (Ultra medica),Apixaban 2.5 mg,حبوب,2.5 mg,,علبة,شريط,3,0,16500,5500,16500,1
08-D00-039,Apivas- 2.5mg FCT (Micro Lab),Apixaban 2.5 mg,حبوب,2.5mg,,علبة,شريط,6,0,25500,4250,25500,1
08-D00-039,Fluxiban 2.5mg (Sama Alfayhaa),Apixaban 2.5 mg,حبوب,2.5mg,,علبة,شريط,3,0,30000,10000,30000,1
08-D00-039,Clotexia 2.5 F.C.T (Sana pharma),Apixaban 2.5 mg,حبوب,2.5 mg,,علبة,شريط,6,0,33000,5500,33000,1
08-D00-039,paquix 2.5mg f.c.t (UPM),Apixaban 2.5 mg,حبوب,2.5mg,,علبة,شريط,3,0,33500,11166.67,33500,1
08-D00-039,Eliquis 2.5mg f.c.t (PFIZER IRELAND PHARMACEUTICALS),Apixaban 2.5 mg,حبوب,2.5mg,,علبة,شريط,2,0,42000,21000,42000,1
08-D00-039,paquix 2.5mg f.c.t (UPM),Apixaban 2.5 mg,حبوب,2.5mg,,علبة,شريط,6,0,55000,9166.67,55000,1
08-D00-039,axaban-Denk 2.5mg FCT (Combino pharm),Apixaban 2.5 mg,حبوب,2.5mg,,علبة,شريط,3,0,61000,20333.33,61000,1
08-D00-002,Heparin sodium 25000 IU (B.Brawn),"Heparin sodium 5000 IU/ml SC.,I.V.( 5ml) Vial",فيال,25000 IU,,علبة,فيال,1,0,13000,13000,13000,1
08-D00-002,pine 25000 iu/5ml (Huons),"Heparin sodium 5000 IU/ml SC.,I.V.( 5ml) Vial",فيال,25000 iu,,علبة,فيال,1,0,14500,14500,14500,1
08-D00-002,Heparin Leo 5000IU/ml (Leo pharmaceuticals),"Heparin sodium 5000 IU/ml SC.,I.V.( 5ml) Vial",فيال,5000IU,,علبة,فيال,1,0,17750,17750,17750,1
08-D00-002,heparin-indar,"Heparin sodium 5000 IU/ml SC.,I.V.( 5ml) Vial",فيال,5000 IU,,علبة,فيال,5,0,41000,8200,41000,1
08-D00-002,pine inj 25000 IU/5ml vial (Huons),"Heparin sodium 5000 IU/ml SC.,I.V.( 5ml) Vial",فيال,25000 IU,,علبة,فيال,10,0,105000,10500,105000,1
08-D00-002,heparin sodium inj. (Pan pharma),"Heparin sodium 5000 IU/ml SC.,I.V.( 5ml) Vial",فيال,5000 IU,,علبة,فيال,10,0,105000,10500,105000,1
08-D00-002,Heparin Leo 5000IU/ml (Leo pharmaceuticals),"Heparin sodium 5000 IU/ml SC.,I.V.( 5ml) Vial",فيال,5000IU,,علبة,فيال,50,0,675000,13500,675000,1
08-D00-009,warfarin 1mg (Bristol),Warfarin sodium 1mg Tablet,حبوب,1mg,,علبة,شريط,2,0,3500,1750,3500,1
08-D00-013,ENOX 4000 anti-xa IU/0.4ml pre-filled syringe for S.C use (ATABAY ILAC FABRIKASI A.S),Enoxaparin sodium 40mg (eq.4000 IU anti- Xa),حقن,0.4ml,,علبة,حقنة,2,0,13000,6500,13000,1
08-D00-013,medaparin anti-xa (Medis),Enoxaparin sodium 40mg (eq.4000 IU anti- Xa),حقن,40mg,,علبة,حقنة,2,0,13000,6500,13000,1
08-D00-013,ENOXAMED 4000IU (.Unimed lab),Enoxaparin sodium 40mg (eq.4000 IU anti- Xa),حقن,4000IU,,علبة,حقنة,2,0,13000,6500,13000,1
08-D00-013,Inhixa 4000 IU solution for injection in PFS . (SchenzhenTechdow pharma),Enoxaparin sodium 40mg (eq.4000 IU anti- Xa),حقن,4000 IU,,علبة,حقنة,2,0,14000,7000,14000,1
08-D00-013,Clexane 4000IU (40mg)/0.4ml solution for (sanofi),Enoxaparin sodium 40mg (eq.4000 IU anti- Xa),حقن,4000IU,,علبة,حقنة,2,0,16500,8250,16500,1
08-D00-014,medaparin anti-xa pfs (Medis),Enoxaparin sodium 60mg (6000 IU anti Xa(anti thrombotic effect)) /0.6ml prefilled syringe S.C,حقن,60mg,,علبة,حقنة,2,0,16000,8000,16000,1
08-D00-014,ENOX 6000 anti-Xa IU/0.6 ml (ATABAY ILAC FABRIKASI A.S),Enoxaparin sodium 60mg (6000 IU anti Xa(anti thrombotic effect)) /0.6ml prefilled syringe S.C,حقن,0.6 ml,,علبة,حقنة,2,0,16000,8000,16000,1
08-D00-014,ENOXAMED (.Unimed lab),Enoxaparin sodium 60mg (6000 IU anti Xa(anti thrombotic effect)) /0.6ml prefilled syringe S.C,حقن,60mg,,علبة,حقنة,2,0,16000,8000,16000,1
08-D00-014,inhixa 6000 i.u solu. For inj (Shenzhen Techdow),Enoxaparin sodium 60mg (6000 IU anti Xa(anti thrombotic effect)) /0.6ml prefilled syringe S.C,حقن,6000 i.u,,علبة,حقنة,2,0,20250,10125,20250,1
08-D00-014,Clexane 6000IU/0.6ml sol. inj. pfs (sanofi),Enoxaparin sodium 60mg (6000 IU anti Xa(anti thrombotic effect)) /0.6ml prefilled syringe S.C,حقن,6000IU,,علبة,حقنة,2,0,22750,11375,22750,1
08-E00-015,Lexar 5mg (UPM),prasugrel ( as hydrochloride) 5 mg,حبوب,5mg,,علبة,شريط,3,0,48000,16000,48000,1
08-E00-016,Lexar 10mg (UPM),prasugrel ( as hydrochloride) 10 mg,حبوب,10mg,,علبة,شريط,3,0,48000,16000,48000,1
08-E00-020,Anplag 90 mg f.c.tablet (pharmEvo),Ticagrelor 90 mg film coated tablet,حبوب,90 mg,,علبة,شريط,3,0,20250,6750,20250,1
08-E00-020,TIGENA 90 film coated tablet (Ajanta pharma),Ticagrelor 90 mg film coated tablet,حبوب,90 mg,,علبة,شريط,3,0,20250,6750,20250,1
08-E00-020,ticaclot 90mg fct (ABDi iBRAHiM),Ticagrelor 90 mg film coated tablet,حبوب,90mg,,علبة,شريط,2,0,33000,16500,33000,1
08-E00-020,PIOLINTA 90mg (Pioneer),Ticagrelor 90 mg film coated tablet,حبوب,90mg,,علبة,شريط,4,0,36000,9000,36000,1
08-E00-020,Tagbro 90mg tab (UPM),Ticagrelor 90 mg film coated tablet,حبوب,90mg,,علبة,شريط,6,0,38000,6333.33,38000,1
08-E00-020,Ticarino 90mg (Elpen pharmaceutical),Ticagrelor 90 mg film coated tablet,حبوب,90mg,,علبة,شريط,4,0,48000,12000,48000,1
08-E00-020,Ticagrex (Hemofarm AD),Ticagrelor 90 mg film coated tablet,حبوب,90 mg,,علبة,شريط,4,0,55000,13750,55000,1
08-E00-020,Thincor 90mg tab (Pharma International),Ticagrelor 90 mg film coated tablet,حبوب,90mg,,علبة,شريط,4,0,63000,15750,63000,1
08-E00-020,BRILINTA 90mg (Astra zeneca),Ticagrelor 90 mg film coated tablet,حبوب,90mg,,علبة,شريط,4,0,73000,18250,73000,1
08-E00-005,plavikin tab 75mg (Al_kindi),Clopidogrel 75 mg tablet,حبوب,75mg,,علبة,شريط,2,0,3750,1875,3750,1
08-E00-005,Aswdogrel 75mg (Aswar alkhalej),Clopidogrel 75 mg tablet,حبوب,75mg,,علبة,شريط,3,0,3750,1250,3750,1
08-E00-005,plavedain tab (WadiAlrafidain),Clopidogrel 75 mg tablet,حبوب,75 mg,,علبة,شريط,4,0,4750,1187.5,4750,1
08-E00-005,clatex 75mg tab (MDI),Clopidogrel 75 mg tablet,حبوب,75mg,,علبة,شريط,3,0,5250,1750,5250,1
08-E00-005,plavigrel Awa 75 mg tab (Awamedica),Clopidogrel 75 mg tablet,حبوب,75 mg,,علبة,شريط,2,0,5750,2875,5750,1
08-E00-005,Clotrap 75mg FCT (Ajanta),Clopidogrel 75 mg tablet,حبوب,75mg,,علبة,شريط,3,0,5750,1916.67,5750,1
08-E00-005,clatex 75mg tab (MDI),Clopidogrel 75 mg tablet,حبوب,75mg,,علبة,شريط,4,0,7000,1750,7000,1
08-E00-005,flowvix 75mg FCT (Al furat),Clopidogrel 75 mg tablet,حبوب,75mg,,علبة,شريط,2,0,8500,4250,8500,1
08-E00-005,Plagerine tab (Micro Lab),Clopidogrel 75 mg tablet,حبوب,75 mg,,علبة,شريط,5,0,10000,2000,10000,1
08-E00-005,aggrix 75mg (Middle east(avalon pharma)),Clopidogrel 75 mg tablet,حبوب,75mg,,علبة,شريط,2,0,10000,5000,10000,1
08-E00-005,novogrel 75mg tab (neopharma),Clopidogrel 75 mg tablet,حبوب,75mg,,علبة,شريط,3,0,10500,3500,10500,1
08-E00-005,myogrel f.c. tab (ADWIA),Clopidogrel 75 mg tablet,حبوب,75 mg,,علبة,شريط,3,0,11250,3750,11250,1
08-E00-005,Medogrel 75mg (Medochemie),Clopidogrel 75 mg tablet,حبوب,75mg,,علبة,شريط,3,0,11500,3833.33,11500,1
08-E00-005,Clogan 75mg tab (DEVA),Clopidogrel 75 mg tablet,حبوب,75mg,,علبة,شريط,2,0,11750,5875,11750,1
08-E00-005,Diloxol 75 mg tab. (Bilim),Clopidogrel 75 mg tablet,حبوب,75 mg,,علبة,شريط,2,0,12000,6000,12000,1
08-E00-005,Explat 75mg f.c. tab (UPM),Clopidogrel 75 mg tablet,حبوب,75mg,,علبة,شريط,3,0,12000,4000,12000,1
08-E00-005,Emivix 75mg tab (Global pharma),Clopidogrel 75 mg tablet,حبوب,75mg,,علبة,شريط,3,0,12000,4000,12000,1
08-E00-005,Ravixa (.Jamjoom ph),Clopidogrel 75 mg tablet,حبوب,75 mg,,علبة,شريط,3,0,12000,4000,12000,1
08-E00-005,sanvix f.c.tab (Anfarm hellas S.A),Clopidogrel 75 mg tablet,حبوب,75 mg,,علبة,شريط,2,0,12750,6375,12750,1
08-E00-005,platil 75mg fct (Pharma International),Clopidogrel 75 mg tablet,حبوب,75mg,,علبة,شريط,3,0,12750,4250,12750,1
08-E00-005,Clovex 75mg (Joswe),Clopidogrel 75 mg tablet,حبوب,75mg,,علبة,شريط,3,0,13000,4333.33,13000,1
08-E00-005,Emivix 75mg tab (Global pharma),Clopidogrel 75 mg tablet,حبوب,75mg,,علبة,شريط,3,0,13000,4333.33,13000,1
08-E00-005,Clopra 75 (Drogsan),Clopidogrel 75 mg tablet,حبوب,75 mg,,علبة,شريط,2,0,13250,6625,13250,1
08-E00-005,PLAVINEER 75mg (Pioneer),Clopidogrel 75 mg tablet,حبوب,75mg,,علبة,شريط,2,0,13750,6875,13750,1
08-E00-005,plavamed f.c. tab (Adamed),Clopidogrel 75 mg tablet,حبوب,75 mg,,علبة,شريط,2,0,13750,6875,13750,1
08-E00-005,piax 75 mg tab (Alphapharm),Clopidogrel 75 mg tablet,حبوب,75 mg,,علبة,شريط,2,0,14000,7000,14000,1
08-E00-005,Clopidogrel 75mg (Bristol lab),Clopidogrel 75 mg tablet,حبوب,75mg,,علبة,شريط,2,0,15000,7500,15000,1
08-E00-005,clopidogrel 75mg tab (Bristol),Clopidogrel 75 mg tablet,حبوب,75mg,,علبة,شريط,2,0,15000,7500,15000,1
08-E00-005,Clopair medicair 75mg film coated tablet (Medicair Bioscience),Clopidogrel 75 mg tablet,حبوب,75mg,,علبة,شريط,2,0,15000,7500,15000,1
08-E00-005,Clopacin 75 mg FCT (Acino pharma AG),Clopidogrel 75 mg tablet,حبوب,75 mg,,علبة,شريط,2,0,15250,7625,15250,1
08-E00-005,Clopidox 75mg tab. (Bluepharma),Clopidogrel 75 mg tablet,حبوب,75mg,,علبة,شريط,2,0,15250,7625,15250,1
08-E00-005,clopidogrel TAD 75mg tab (TAD pharma),Clopidogrel 75 mg tablet,حبوب,75mg,,علبة,شريط,2,0,15750,7875,15750,1
08-E00-005,APO-CLOPIDOGREL 75 mg tab. (APOTEX),Clopidogrel 75 mg tablet,حبوب,75 mg,,علبة,شريط,3,0,16750,5583.33,16750,1
08-E00-005,Clopi - Denk 75 mg film coated tablet (Artesan pharma GmbH &co),Clopidogrel 75 mg tablet,حبوب,75 mg,,علبة,شريط,3,0,16750,5583.33,16750,1
08-E00-005,platil 75mg tab (Pharma International),Clopidogrel 75 mg tablet,حبوب,75mg,,علبة,شريط,6,0,22250,3708.33,22250,1
08-E00-005,Plavix 75mg f.c.t (Sanofi Winthrop Industrie / France),Clopidogrel 75 mg tablet,حبوب,75mg,,علبة,شريط,2,0,23500,11750,23500,1
08-E00-005,complavin 75mg/100mg tab (Sanofi),Clopidogrel 75 mg tablet,حبوب,75mg,,علبة,شريط,3,0,25750,8583.33,25750,1
08-G00-002,tranexamic acid 100mg/ml Slow I.V & I.V Infusion inj. (Glandpharma),Tranexamic acid 100mg/ml (5ml) Ampoule or vial,أمبول,100mg,,علبة,أمبولة,5,0,7750,1550,7750,1
08-G00-002,Taxaneer 100mg/ml IV inj (Pioneer),Tranexamic acid 100mg/ml (5ml) Ampoule or vial,أمبول,100mg,,علبة,أمبولة,5,0,8750,1750,8750,1
08-G00-002,Taroxatron 500mg/5ml I.V. inj. or infusion (global pharmaceutical industries),Tranexamic acid 100mg/ml (5ml) Ampoule or vial,أمبول,500mg,,علبة,أمبولة,6,0,10750,1791.67,10750,1
08-G00-002,XENAMEX (MS pharma),Tranexamic acid 100mg/ml (5ml) Ampoule or vial,أمبول,100mg,,علبة,أمبولة,10,0,17750,1775,17750,1
08-G00-001,Kapron Amoun 500mg fA.cm.taobulne (tpharmaceutical Compan),Tranexamic acid 500mg Tablet K,حبوب,500mg,,علبة,شريط,2,0,5750,2875,5750,1
09-AB0-002,thiamine hcl sterop 50mg/ml,"Vitamin B1 (Thiamine Hydrochloride) 50mg/ml, (2ml) Ampoule",أمبول,50mg,,علبة,أمبولة,100,0,125000,1250,125000,1
09-AB0-004,VITA-6 100mg/2ml (Pioneer),"Vitamin B6 (Pyridoxine Hydrochloride) 50mg/ml, (2ml) Ampoule",أمبول,100mg,,علبة,أمبولة,5,0,2750,550,2750,1
09-AD0-002,STEO-ALFA 1 mcg soft gelatin c (ap UPM),OS Alphacalcidol 1mcg soft gelatin Capsule,كبسول,1 mcg,,علبة,شريط,3,0,15250,5083.33,15250,1
09-AD0-002,One-Alpha 1 mcg (Leo),OS Alphacalcidol 1mcg soft gelatin Capsule,كبسول,1 mcg,,علبة,شريط,3,0,32500,10833.33,32500,1
09-AD0-002,One-Alpha 1 mcg cap (Leo),OS Alphacalcidol 1mcg soft gelatin Capsule,كبسول,1 mcg,,علبة,شريط,10,0,89000,8900,89000,1
09-AD0-028,DIBASE 10000 IU/ml drop (Abiogen pharma),Vit D3 (cholecalciferol) 2.5mg oral drop (10.000 IU/ml),قطرات فموية,10000 IU,,عبوة,عبوة,1,0,9750,9750,9750,1
09-AD0-029,DIBASE 25000 IU/2.5ml (Abiogen pharma),Vit D3 (cholecalciferol) 2.5mg oral drop (10.000 IU/ml),قطرات فموية,25000 IU,,عبوة,عبوة,1,0,9750,9750,9750,1
09-AD0-031,Vitadain D3 (WadiAlrafidain),Vit D3 (cholecalciferol) 2.5mg oral drop (10.000 IU/ml),قطرات فموية,2.5mg,,عبوة,عبوة,1,0,3000,3000,3000,1
09-AD0-028,Vita- kid D3 oral drops (SDI),Vit D3 (cholecalciferol) 2.5mg oral drop (10.000 IU/ml),قطرات فموية,2.5mg,,عبوة,عبوة,1,0,2500,2500,2500,1
09-AD0-028,Vitamin D3-kindi (Al_kindi),Vit D3 (cholecalciferol) 2.5mg oral drop (10.000 IU/ml),قطرات فموية,2.5mg,,عبوة,عبوة,1,0,3000,3000,3000,1
09-AD0-028,Vita- kid D3 oral drops (SDI),Vit D3 (cholecalciferol) 2.5mg oral drop (10.000 IU/ml),قطرات فموية,2.5mg,,عبوة,عبوة,1,0,4000,4000,4000,1
09-AD0-032,vitadad D3 5000 I.U cap,Colecalciferol (Cholecalciferol; Vitamin D3) 5000 IU,كبسول,5000 I.U,,علبة,شريط,1,0,8500,8500,8500,1
09-AD0-032,Davalindi 5000IUtablet (Medical union),Colecalciferol (Cholecalciferol; Vitamin D3) 5000 IU,حبوب,5000IU,,علبة,شريط,1,0,8750,8750,8750,1
09-AD0-032,Topferol 5000 IU (Pharma International),Colecalciferol (Cholecalciferol; Vitamin D3) 5000 IU,حبوب,5000 IU,,علبة,شريط,1,0,9500,9500,9500,1
09-AD0-032,vitamin D3 5000 f.c tab (SDI),Colecalciferol (Cholecalciferol; Vitamin D3) 5000 IU,حبوب,5000 IU,,علبة,شريط,3,0,15500,5166.67,15500,1
09-AD0-032,prima D3 (.Jamjoom ph),Colecalciferol (Cholecalciferol; Vitamin D3) 5000 IU,كبسول,5000 IU,,علبة,شريط,1,0,29250,29250,29250,1
09-AD0-001,Bon-One 0.25mcg (Minapharm),Alphacalcidol 0.25mcg (1alphahydroxy cholecalciferol) soft gelatin Capsule,حبوب,0.25mcg,,علبة,شريط,3,0,8250,2750,8250,1
09-AD0-001,osteo - alfa 0.25 mcg soft gelatin cap (UPM),Alphacalcidol 0.25mcg (1alphahydroxy cholecalciferol) soft gelatin Capsule,كبسول,0.25 mcg,,علبة,شريط,3,0,8250,2750,8250,1
09-AD0-001,One-Alpha 0.25 mcg tablet (Leo),Alphacalcidol 0.25mcg (1alphahydroxy cholecalciferol) soft gelatin Capsule,حبوب,0.25 mcg,,علبة,شريط,3,0,12750,4250,12750,1
09-AD0-001,One-Alpha 0.25mcg (Leo pharma),Alphacalcidol 0.25mcg (1alphahydroxy cholecalciferol) soft gelatin Capsule,كبسول,0.25mcg,,علبة,شريط,10,0,37500,3750,37500,1
09-AD0-001,One-Alpha 0.25mcg (Leo pharma),Alphacalcidol 0.25mcg (1alphahydroxy cholecalciferol) soft gelatin Capsule,كبسول,0.25mcg,,علبة,شريط,10,0,37500,3750,37500,1
09-AG0-001,ferrofol spansule (Eipico),"element iron ( 45 – 50 ) mg + folic 0,5 mg or element iron ( 60 – 65 ) mg + folic 0.25 mg tablet or capsule",كبسول,5 mg,,علبة,شريط,1,0,750,750,750,1
09-AG0-001,Foliron cap (Irofolic) (Al safa),"element iron ( 45 – 50 ) mg + folic 0,5 mg or element iron ( 60 – 65 ) mg + folic 0.25 mg tablet or capsule",كبسول,5 mg,,علبة,شريط,3,0,1750,583.33,1750,1
09-AG0-001,Ferrofol spansule cap (Eipico),"element iron ( 45 – 50 ) mg + folic 0,5 mg or element iron ( 60 – 65 ) mg + folic 0.25 mg tablet or capsule",كبسول,5 mg,,علبة,شريط,3,0,2750,916.67,2750,1
09-AG0-001,FERROFOL spansule capsules (EIPICO),"element iron ( 45 – 50 ) mg + folic 0,5 mg or element iron ( 60 – 65 ) mg + folic 0.25 mg tablet or capsule",كبسول,5 mg,,علبة,شريط,3,0,2750,916.67,2750,1
09-AG0-001,Ferfole-Kindi (Al_kindi),"element iron ( 45 – 50 ) mg + folic 0,5 mg or element iron ( 60 – 65 ) mg + folic 0.25 mg tablet or capsule",كبسول,5 mg,,علبة,شريط,3,0,3000,1000,3000,1
09-AG0-001,FeroFix capsule (Pioneer),"element iron ( 45 – 50 ) mg + folic 0,5 mg or element iron ( 60 – 65 ) mg + folic 0.25 mg tablet or capsule",كبسول,5 mg,,علبة,شريط,3,0,3250,1083.33,3250,1
09-AG0-001,IroFolic (Sama Alfayhaa),"element iron ( 45 – 50 ) mg + folic 0,5 mg or element iron ( 60 – 65 ) mg + folic 0.25 mg tablet or capsule",كبسول,5 mg,,علبة,شريط,3,0,3250,1083.33,3250,1
09-AG0-001,Folicron (Julphar),"element iron ( 45 – 50 ) mg + folic 0,5 mg or element iron ( 60 – 65 ) mg + folic 0.25 mg tablet or capsule",كبسول,5 mg,,علبة,شريط,2,0,4000,2000,4000,1
09-AG0-001,Irovit cap (Vitane),"element iron ( 45 – 50 ) mg + folic 0,5 mg or element iron ( 60 – 65 ) mg + folic 0.25 mg tablet or capsule",كبسول,5 mg,,علبة,شريط,2,0,9500,4750,9500,1
09-AG0-001,Foliron cap (Irofolic) (Al safa),"element iron ( 45 – 50 ) mg + folic 0,5 mg or element iron ( 60 – 65 ) mg + folic 0.25 mg tablet or capsule",كبسول,5 mg,,علبة,شريط,100,0,45000,450,45000,1
09-AG0-001,ferrofol spansule (Eipico),"element iron ( 45 – 50 ) mg + folic 0,5 mg or element iron ( 60 – 65 ) mg + folic 0.25 mg tablet or capsule",كبسول,5 mg,,علبة,شريط,100,0,48000,480,48000,1
09-CA0-001,Potassium Chloride 15% amp. (Pioneer),potassium chloride 15% w/v (10 ml ) Vial or ampoule,أمبول,15%,,علبة,أمبولة,1,0,1500,1500,1500,1
09-CA0-001,"Potassium chloride 14.9% W/V, Mini plasco 10ml (B.Brawn)",potassium chloride 15% w/v (10 ml ) Vial or ampoule,أمبول,14.90%,,علبة,أمبولة,20,0,13250,662.5,13250,1
09-CA0-001,Potassium Chloride 15% (Pioneer),potassium chloride 15% w/v (10 ml ) Vial or ampoule,أمبول,15%,,علبة,أمبولة,20,0,24250,1212.5,24250,1
09-CB0-001,Calcium Gluconate 10% (Pioneer),Calcium gluconate injection 10% w/v ( 10 ml ) ampoule or vial,أمبول,10%,,علبة,أمبولة,1,0,1500,1500,1500,1
09-CB0-001,10% w/v Calcium Gluconate injection (B.Brawn),Calcium gluconate injection 10% w/v ( 10 ml ) ampoule or vial,أمبول,10%,,علبة,أمبولة,20,0,12000,600,12000,1
09-CB0-001,Calcium Gluconate 10% (Pioneer),Calcium gluconate injection 10% w/v ( 10 ml ) ampoule or vial,أمبول,10%,,علبة,أمبولة,20,0,24250,1212.5,24250,1
09-CE0-004,Calcium-Kindi 500mg (Al_kindi),Calcium carbonate 500mg Tablet,حبوب,500mg,,علبة,شريط,5,0,3500,700,3500,1
09-CE0-004,Calcium 500mg (WadiAlrafidain),Calcium carbonate 500mg Tablet,حبوب,500mg,,علبة,شريط,5,0,4000,800,4000,1
09-CE0-004,Calcium Awa 500mg tab (Awamedica),Calcium carbonate 500mg Tablet,حبوب,500mg,,علبة,شريط,1,0,9500,9500,9500,1
09-CE0-004,Feminex calcium 500mg tab (AG),Calcium carbonate 500mg Tablet,حبوب,500mg,,علبة,شريط,1,0,14500,14500,14500,1
09-CE0-004,Doppelherz aktiv Calcium 500 (Queisser pharma),Calcium carbonate 500mg Tablet,حبوب,500mg,,علبة,شريط,6,0,15750,2625,15750,1
09-CF0-008,Calcium chloride 10% (Pioneer),Calcium chloride 10% (10 ml ) ampoule or prefilled syring,أمبول,10%,,علبة,أمبولة,20,0,9250,462.5,9250,1
09-CF0-001,Magnesium Sulphate 50% amp. (Pioneer),50% Magnesium Sulphate 7 H2O º 2 mmole Mg+2/ ml (5ml Ampoule),أمبول,50%,,علبة,أمبولة,1,0,1500,1500,1500,1
09-CF0-001,Magnesium Sulphate 20% (Pioneer),50% Magnesium Sulphate 7 H2O º 2 mmole Mg+2/ ml (5ml Ampoule),أمبول,20%,,علبة,أمبولة,20,0,20750,1037.5,20750,1
09-CF0-001,Magnesium Sulphate 50% (Pioneer),50% Magnesium Sulphate 7 H2O º 2 mmole Mg+2/ ml (5ml Ampoule),أمبول,50%,,علبة,أمبولة,20,0,24250,1212.5,24250,1
09-D00-021,Mannitol 20% I.V. (serum products),Mannitol 20% I.V. infusion 500ml container,فيال,20%,,علبة,فيال,1,0,2250,2250,2250,1
09-D00-021,Mannitol 20% (Pioneer),Mannitol 20% I.V. infusion 500ml container,فيال,20%,,علبة,فيال,1,0,3250,3250,3250,1
09-D00-021,Mannitol 20% (Vioser),Mannitol 20% I.V. infusion 500ml container,فيال,20%,,علبة,فيال,1,0,5750,5750,5750,1
09-D00-062,(NS)sodium chloride I.V INFUSION (Cisen Pharma Co),"Sodium chloride 0.9%, 100ml I.V. Infusion",فيال,0.90%,,علبة,فيال,1,0,750,750,750,1
09-D00-062,normogen-IV infusion (.Brussels Lab),"Sodium chloride 0.9%, 100ml I.V. Infusion",فيال,0.90%,,علبة,فيال,1,0,1000,1000,1000,1
09-D00-062,NS 100ml i.v infusion (.Brussels Lab),"Sodium chloride 0.9%, 100ml I.V. Infusion",فيال,100ml,,علبة,فيال,1,0,1000,1000,1000,1
09-D00-062,Sodium Chloride 0.9% (Pioneer),"Sodium chloride 0.9%, 100ml I.V. Infusion",فيال,0.90%,,علبة,فيال,1,0,1500,1500,1500,1
09-D00-062,NS 0.9% sodium chloride infusion solution (Al mustaqbal),"Sodium chloride 0.9%, 100ml I.V. Infusion",فيال,0.90%,,علبة,فيال,1,0,1500,1500,1500,1
09-D00-062,Sodium Chloride0.9%w/v IV infusion (Otsuka pharma),"Sodium chloride 0.9%, 100ml I.V. Infusion",فيال,0.90%,,علبة,فيال,1,0,1500,1500,1500,1
09-D00-062,0.9% Sodium Chloride Infusion 100ml (Ateco pharma),"Sodium chloride 0.9%, 100ml I.V. Infusion",فيال,0.90%,,علبة,فيال,1,0,1500,1500,1500,1
09-D00-062,polifleks 0.9%isotonic sodium chloride solu. For i.v infu. (Polifarma ilac san/ turkey),"Sodium chloride 0.9%, 100ml I.V. Infusion",فيال,0.90%,,علبة,فيال,1,0,1750,1750,1750,1
09-D00-062,Sodium chloride vioser 0.9% (Vioser S.A),"Sodium chloride 0.9%, 100ml I.V. Infusion",فيال,0.90%,,علبة,فيال,10,0,17250,1725,17250,1
09-D00-062,Glucose Intravenous 5% (Ahlcon),"Sodium chloride 0.9%, 100ml I.V. Infusion",فيال,5%,,علبة,فيال,1,0,1250,1250,1250,1
09-D00-062,Glucose Intravenous 5% (Ahlcon parenterals),"Sodium chloride 0.9%, 100ml I.V. Infusion",أمبول,5%,,علبة,أمبولة,1,0,1250,1250,1250,1
09-D00-062,Glucose Intravenous 5% A (hlcon Parenterals(India)L),"Sodium chloride 0.9%, 100ml I.V. Infusion",فيال,5%,,علبة,فيال,1,0,1250,1250,1250,1
09-D00-062,D5 glucose i.v inf. 5% (Cisen Pharma Co),"Sodium chloride 0.9%, 100ml I.V. Infusion",أمبول,5 g,,علبة,أمبولة,1,0,1500,1500,1500,1
09-D00-062,DEXTROSE 5% I.V infusion (Pioneer),"Sodium chloride 0.9%, 100ml I.V. Infusion",فيال,5%,,علبة,فيال,1,0,1500,1500,1500,1
09-D00-062,glucose infusion 2019 5% (.El fath/Egy),"Sodium chloride 0.9%, 100ml I.V. Infusion",فيال,5%,,علبة,فيال,1,0,2250,2250,2250,1
09-D00-062,Glucose 5%w/v (Gulf inj.),"Sodium chloride 0.9%, 100ml I.V. Infusion",أمبول,5%,,علبة,أمبولة,1,0,2250,2250,2250,1
09-D00-062,Glucose Anhydrous 5% (AL-JOOD),"Sodium chloride 0.9%, 100ml I.V. Infusion",أمبول,5%,,علبة,أمبولة,1,0,2250,2250,2250,1
09-D00-062,5% Dextrose inj (Rasan),"Sodium chloride 0.9%, 100ml I.V. Infusion",فيال,5%,,علبة,فيال,1,0,2250,2250,2250,1
09-D00-062,DEXTROSE 5% (Pioneer),"Sodium chloride 0.9%, 100ml I.V. Infusion",أمبول,5%,,علبة,أمبولة,1,0,2250,2250,2250,1
09-D00-062,dextrose 5% w/v (PSI/KSA),"Sodium chloride 0.9%, 100ml I.V. Infusion",فيال,5%,,علبة,فيال,1,0,2250,2250,2250,1
09-D00-062,Dextrose 5% INJ (SDI(under licence NDI)),"Sodium chloride 0.9%, 100ml I.V. Infusion",فيال,5%,,علبة,فيال,1,0,2250,2250,2250,1
09-D00-062,5 % Dextrose injection USP (Qatar pharma),"Sodium chloride 0.9%, 100ml I.V. Infusion",فيال,5%,,علبة,فيال,1,0,2250,2250,2250,1
09-D00-062,D5W 5% Dextrose (Al mustaqbal),"Sodium chloride 0.9%, 100ml I.V. Infusion",فيال,5%,,علبة,فيال,1,0,2250,2250,2250,1
09-D00-062,dextrose 5% i.v inj (Al Salam),"Sodium chloride 0.9%, 100ml I.V. Infusion",فيال,5%,,علبة,فيال,1,0,2250,2250,2250,1
09-D00-062,Glucose 5% IV infusion (El-Nasr pharmaceutical),"Sodium chloride 0.9%, 100ml I.V. Infusion",أمبول,5%,,علبة,أمبولة,1,0,2250,2250,2250,1
09-D00-062,Dextrose/Vioser 5% I.V. sol. for infusion,"Sodium chloride 0.9%, 100ml I.V. Infusion",فيال,5%,,علبة,فيال,1,0,3500,3500,3500,1
09-D00-062,Dextrose/Vioser 5% I.V. sol. for infusion,"Sodium chloride 0.9%, 100ml I.V. Infusion",فيال,5%,,علبة,فيال,1,0,3500,3500,3500,1
09-D00-062,dextrose 5% i.v inj (Al Salam),"Sodium chloride 0.9%, 100ml I.V. Infusion",فيال,5%,,علبة,فيال,24,0,43000,1791.67,43000,1
09-D00-062,50% W/V Glucose inj (B. Braun Melsungen AG),"Sodium chloride 0.9%, 100ml I.V. Infusion",أمبول,50%,,علبة,أمبولة,20,0,37000,1850,37000,1
09-D00-014,Solu - pac Ringer Lactate (serum products),"Hartmann's solution I.V. infusion, (Ringer lactate or lactated Ringer or compoumd sodium lactate solution ) :Sodium chloride 0.6% , sodium lactate 0.32%or SodiumLactate 0.25% Calculated as lactic acid , potassium chloride 0.04%,calcium chloride 0.027%.containing the following ions in mmol/ L: Na+131, K+5, Ca+2 2, HC03- (as lactate) 29, CL- 111. (500ml) Label Not to be use for lactic acidosis",محلول,0.60%,,عبوة,عبوة,1,0,1500,1500,1500,1
09-D00-014,Ringer-Lactate(hartmanns solu.) (Al mustaqbal),"Hartmann's solution I.V. infusion, (Ringer lactate or lactated Ringer or compoumd sodium lactate solution ) :Sodium chloride 0.6% , sodium lactate 0.32%or SodiumLactate 0.25% Calculated as lactic acid , potassium chloride 0.04%,calcium chloride 0.027%.containing the following ions in mmol/ L: Na+131, K+5, Ca+2 2, HC03- (as lactate) 29, CL- 111. (500ml) Label Not to be use for lactic acidosis",فيال,0.60%,,علبة,فيال,1,0,2250,2250,2250,1
09-D00-014,Lactated ringer hartmanns solution (Vioser S.A),"Hartmann's solution I.V. infusion, (Ringer lactate or lactated Ringer or compoumd sodium lactate solution ) :Sodium chloride 0.6% , sodium lactate 0.32%or SodiumLactate 0.25% Calculated as lactic acid , potassium chloride 0.04%,calcium chloride 0.027%.containing the following ions in mmol/ L: Na+131, K+5, Ca+2 2, HC03- (as lactate) 29, CL- 111. (500ml) Label Not to be use for lactic acidosis",فيال,0.60%,,علبة,فيال,1,0,3000,3000,3000,1
09-D00-015,uman albumin 20% (KEDRION S.P.A),"Human albumin 200mg/ml, 100ml low salts- aids free I.V.Infusion",فيال,20%,,علبة,فيال,1,0,70000,70000,70000,1
09-D00-015,Human Abumin Biotest 20%,"Human albumin 200mg/ml, 100ml low salts- aids free I.V.Infusion",فيال,20%,,علبة,فيال,1,0,100000,100000,100000,1
09-D00-015,Albunorm 20% solution for infusion (Octapharma),"Human albumin 200mg/ml, 100ml low salts- aids free I.V.Infusion",فيال,20%,,علبة,فيال,1,0,106000,106000,106000,1
09-D00-015,albutein 20% inj. Sol (Grifols biological),"Human albumin 200mg/ml, 100ml low salts- aids free I.V.Infusion",فيال,20%,,علبة,فيال,1,0,108000,108000,108000,1
09-D00-015,Alburex 20 solution for IV infusion (CSL Behring),"Human albumin 200mg/ml, 100ml low salts- aids free I.V.Infusion",فيال,200mg,,علبة,فيال,1,0,108000,108000,108000,1
09-D00-015,Uman albumin 20% (KEDRION S.P.A),"Human albumin 200mg/ml, 100ml low salts- aids free I.V.Infusion",فيال,20%,,علبة,فيال,1,0,119000,119000,119000,1
09-D00-015,human albumin takeda 200g/l solu. For infusion,"Human albumin 200mg/ml, 100ml low salts- aids free I.V.Infusion",فيال,200g,,علبة,فيال,1,0,121000,121000,121000,1
09-D00-070,Sodium bicarbonate monico amp (Monico spa),"Sodium bicarbonate 8.4% 100ml Vial slow I.V. , I.V. infusion",أمبول,8.40%,,علبة,أمبولة,10,0,23000,2300,23000,1
09-D00-070,Sodium chloride intravenous infusion BP 0.9% w/v(500ml) (Ahlcon parenterals),"Sodium bicarbonate 8.4% 100ml Vial slow I.V. , I.V. infusion",bottle,0.90%,,علبة,قطعة,1,0,1250,1250,1250,1
09-D00-070,Sodium Chloride 0.9 % injection (Shijiazhuang NO.4Pharma.CO/china),"Sodium bicarbonate 8.4% 100ml Vial slow I.V. , I.V. infusion",bottle,0.90%,,علبة,قطعة,1,0,1500,1500,1500,1
09-D00-070,Sodium chloride 0.9 % bottle (B. Braun Melsungen AG),"Sodium bicarbonate 8.4% 100ml Vial slow I.V. , I.V. infusion",bottle,0.90%,,علبة,قطعة,1,0,1750,1750,1750,1
09-D00-070,Sodium Chloride 0.9% (Otsuka pharma),"Sodium bicarbonate 8.4% 100ml Vial slow I.V. , I.V. infusion",bottle,0.90%,,علبة,قطعة,1,0,1750,1750,1750,1
09-D00-070,0.9 % w/v Sodium chloride IV. Infusion (Qatar pharma),"Sodium bicarbonate 8.4% 100ml Vial slow I.V. , I.V. infusion",bottle,0.90%,,علبة,قطعة,1,0,2000,2000,2000,1
09-D00-070,Sodium Chloride 0.9% W/V (AL-JOOD),"Sodium bicarbonate 8.4% 100ml Vial slow I.V. , I.V. infusion",bottle,0.90%,,علبة,قطعة,1,0,2250,2250,2250,1
09-D00-070,D5NS INFUSION SOLUTION (Gulf inject),"Sodium bicarbonate 8.4% 100ml Vial slow I.V. , I.V. infusion",bottle,8.40%,,علبة,قطعة,1,0,2250,2250,2250,1
09-D00-070,sodium chloride 0.9% (Al Salam),"Sodium bicarbonate 8.4% 100ml Vial slow I.V. , I.V. infusion",bottle,0.90%,,علبة,قطعة,1,0,2250,2250,2250,1
09-D00-070,Sodium Chloride 0.9% (Pioneer),"Sodium bicarbonate 8.4% 100ml Vial slow I.V. , I.V. infusion",bottle,0.90%,,علبة,قطعة,1,0,2250,2250,2250,1
09-D00-070,odium chloride 0.9 % IV infusio (nB. Braun Melsungen AG),"Sodium bicarbonate 8.4% 100ml Vial slow I.V. , I.V. infusion",bottle,0.90%,,علبة,قطعة,1,0,3500,3500,3500,1
09-D00-070,Sodium Chloride ( 0.9% ) / Vioser 500ml,"Sodium bicarbonate 8.4% 100ml Vial slow I.V. , I.V. infusion",bottle,0.90%,,علبة,قطعة,1,0,3750,3750,3750,1
09-D00-070,sodium chloride 0.9 % i.v inf. (B. Braun Melsungen AG),"Sodium bicarbonate 8.4% 100ml Vial slow I.V. , I.V. infusion",bottle,0.90%,,علبة,قطعة,1,0,5750,5750,5750,1
09-D00-070,Solu - pac sol. For infusion G/S (serum products),"Sodium bicarbonate 8.4% 100ml Vial slow I.V. , I.V. infusion",bottle,8.40%,,علبة,قطعة,1,0,1750,1750,1750,1
09-D00-035,Solu - pac sol. For infusion G/S (serum products),Sodium chloride 0.18%+Dextrose 4% I.V. infusion 500ml,bottle,0.18%,,علبة,قطعة,1,0,1750,1750,1750,1
09-D00-035,Dextrose 4% + NaCL 0.18% (Pioneer),Sodium chloride 0.18%+Dextrose 4% I.V. infusion 500ml,bottle,4%,,علبة,قطعة,1,0,2250,2250,2250,1
09-D00-045,"0.9% w/v ) and dextrose ( 5 % w A (/v ) inj bp , 500 ml hlcon Parenterals(India)L)",Sodium chloride ( 0 Sodium chloride ( 0 5% Dextrose 5% +sodium chloride 0.9% 500ml I .V Infusion,bottle,0.90%,,علبة,قطعة,1,0,1500,1500,1500,1
09-D00-045,"0.9% w/v ) and dextrose ( 5 % w A (/v ) inj bp , 500 ml hlcon Parenterals(India)L)",Sodium chloride ( 0 Sodium chloride ( 0 5% Dextrose 5% +sodium chloride 0.9% 500ml I .V Infusion,bottle,0.90%,,علبة,قطعة,1,0,1500,1500,1500,1
09-D00-045,Dextrose 5%+NaCL0.9% (Pioneer),Sodium chloride ( 0 Sodium chloride ( 0 5% Dextrose 5% +sodium chloride 0.9% 500ml I .V Infusion,bottle,5%,,علبة,قطعة,1,0,2250,2250,2250,1
09-D00-045,%Dextrose+0.9% sodium chlori (de Rasan),Sodium chloride ( 0 Sodium chloride ( 0 5% Dextrose 5% +sodium chloride 0.9% 500ml I .V Infusion,bottle,0.90%,,علبة,قطعة,1,0,2250,2250,2250,1
09-D00-045,dextrose 5%and sodium chloride 0.9% i.v inj (Al Salam),Sodium chloride ( 0 Sodium chloride ( 0 5% Dextrose 5% +sodium chloride 0.9% 500ml I .V Infusion,bottle,5%,,علبة,قطعة,1,0,2250,2250,2250,1
09-D00-045,5%Dextrose&0.9%NaCL (Al mustaqbal),Sodium chloride ( 0 Sodium chloride ( 0 5% Dextrose 5% +sodium chloride 0.9% 500ml I .V Infusion,bottle,5%,,علبة,قطعة,1,0,2250,2250,2250,1
09-D00-045,sodium chloride 0.9% w/v+ 5%dextrose i.v (PSI),Sodium chloride ( 0 Sodium chloride ( 0 5% Dextrose 5% +sodium chloride 0.9% 500ml I .V Infusion,bottle,0.90%,,علبة,قطعة,1,0,2250,2250,2250,1
09-F00-007,protem pharma protazinc 20 m (g Protem pharma),Zinc Sulfate monohydrate 54.9mg eq. 20mg elemental zinc dispersable tablet p,حبوب,54.9mg,,علبة,شريط,3,0,6500,2166.67,6500,1
10-AA0-001,Voltadin 25mg tab (SDI),Diclofenac sodium enteric coated 25mg Tablet,حبوب,25mg,,علبة,شريط,1,0,500,500,500,1
10-AA0-001,Voltadin 25mg tab (SDI),Diclofenac sodium enteric coated 25mg Tablet,حبوب,25mg,,علبة,شريط,2,0,750,375,750,1
10-AA0-001,Kindifenac 25mg F/C tab (Al_kindi),Diclofenac sodium enteric coated 25mg Tablet,حبوب,25mg,,علبة,شريط,3,0,750,250,750,1
10-AA0-001,diclofenac-s Awa 25mg (Awamedica),Diclofenac sodium enteric coated 25mg Tablet,حبوب,25mg,,علبة,شريط,2,0,1000,500,1000,1
10-AA0-001,Voltadin 25mg tab (SDI),Diclofenac sodium enteric coated 25mg Tablet,حبوب,25mg,,علبة,شريط,3,0,1000,333.33,1000,1
10-AA0-001,Furafen 25mg e.c.tab (Al furat),Diclofenac sodium enteric coated 25mg Tablet,حبوب,25mg,,علبة,شريط,3,0,1500,500,1500,1
10-AA0-001,OPTIFENAC 25 (Ajanta),Diclofenac sodium enteric coated 25mg Tablet,حبوب,25mg,,علبة,شريط,10,0,2500,250,2500,1
10-AA0-001,furafen 25 e.c.tab (Al furat),Diclofenac sodium enteric coated 25mg Tablet,حبوب,25mg,,علبة,شريط,10,0,4750,475,4750,1
10-AA0-001,Voltaren tab 25mg (NOVARTIS),Diclofenac sodium enteric coated 25mg Tablet,فيال,25mg,,علبة,فيال,3,0,5750,1916.67,5750,1
10-AA0-005,Diclon 75mg inj (Ibn hayan),Diclofenac sodium 25mg/ml (3ml) Ampoule I.M. Injection only,أمبول,75mg,,علبة,أمبولة,5,0,1500,300,1500,1
10-AA0-005,EPIFENAC I.M. Injection (Eipico),Diclofenac sodium 25mg/ml (3ml) Ampoule I.M. Injection only,أمبول,25mg,,علبة,أمبولة,3,0,1750,583.33,1750,1
10-AA0-005,DICLORAN ampoules IM use only (Unique),Diclofenac sodium 25mg/ml (3ml) Ampoule I.M. Injection only,أمبول,25mg,,علبة,أمبولة,5,0,2250,450,2250,1
10-AA0-005,Alfen amp (Alborz Darou),Diclofenac sodium 25mg/ml (3ml) Ampoule I.M. Injection only,أمبول,25mg,,علبة,أمبولة,10,0,3000,300,3000,1
10-AA0-005,Clofen 75mg/3ml inj. (Julphar),Diclofenac sodium 25mg/ml (3ml) Ampoule I.M. Injection only,أمبول,75mg,,علبة,أمبولة,5,0,3500,700,3500,1
10-AA0-005,Refen 75mg/3ml IM inj (Hemofarm AD),Diclofenac sodium 25mg/ml (3ml) Ampoule I.M. Injection only,أمبول,75mg,,علبة,أمبولة,5,0,4000,800,4000,1
10-AA0-005,diclofenac sodium inj. 25 mg /ml for im use (Gland pharma),Diclofenac sodium 25mg/ml (3ml) Ampoule I.M. Injection only,أمبول,25 mg,,علبة,أمبولة,10,0,4500,450,4500,1
10-AA0-005,VOLTEX (Pioneer),Diclofenac sodium 25mg/ml (3ml) Ampoule I.M. Injection only,أمبول,25mg,,علبة,أمبولة,5,0,4750,950,4750,1
10-AA0-005,Dikloron 75mg/3ml I.M inj (DEVA),Diclofenac sodium 25mg/ml (3ml) Ampoule I.M. Injection only,أمبول,75mg,,علبة,أمبولة,10,0,5000,500,5000,1
10-AA0-005,Olfen 75 mg amp. (HAUPT PHARMA GMBH),Diclofenac sodium 25mg/ml (3ml) Ampoule I.M. Injection only,أمبول,75 mg,,علبة,أمبولة,5,0,6500,1300,6500,1
10-AA0-005,Diclomec 75mg/3ml (ABDi iBRAHiM),Diclofenac sodium 25mg/ml (3ml) Ampoule I.M. Injection only,أمبول,75mg,,علبة,أمبولة,10,0,7000,700,7000,1
10-AA0-005,Diclo-Denk 75 inj. (Denk pharma),Diclofenac sodium 25mg/ml (3ml) Ampoule I.M. Injection only,أمبول,25mg,,علبة,أمبولة,10,0,7250,725,7250,1
10-AA0-005,Almiral 75mg/3ml amp (Medochemie),Diclofenac sodium 25mg/ml (3ml) Ampoule I.M. Injection only,أمبول,75mg,,علبة,أمبولة,10,0,8750,875,8750,1
10-AA0-005,Diclofenac sodium I.M. inj (Strides SHASUN),Diclofenac sodium 25mg/ml (3ml) Ampoule I.M. Injection only,أمبول,25mg,,علبة,أمبولة,100,0,13000,130,13000,1
10-AA0-005,voltex glass amp (Pioneer),Diclofenac sodium 25mg/ml (3ml) Ampoule I.M. Injection only,أمبول,25mg,,علبة,أمبولة,100,0,53000,530,53000,1
10-AA0-011,Brufedin 200mg tab (SDI),Ibuprofen 200mg Tablet,حبوب,200mg,,علبة,شريط,1,0,500,500,500,1
10-AA0-011,ibuprofen 200 TAB (Al furat),Ibuprofen 200mg Tablet,حبوب,200mg,,علبة,شريط,2,0,1000,500,1000,1
10-AA0-011,painproof 200mg (Al_kindi),Ibuprofen 200mg Tablet,حبوب,200mg,,علبة,شريط,2,0,1000,500,1000,1
10-AA0-011,profedain 200mg (WadiAlrafidain),Ibuprofen 200mg Tablet,حبوب,200mg,,علبة,شريط,2,0,1250,625,1250,1
10-AA0-011,ibuprofen -MDI,Ibuprofen 200mg Tablet,حبوب,200mg,,علبة,شريط,2,0,1250,625,1250,1
10-AA0-011,Ibuprofen 200mg tab (Al safa),Ibuprofen 200mg Tablet,حبوب,200mg,,علبة,شريط,2,0,1250,625,1250,1
10-AA0-011,Piofen 200mg (Pioneer),Ibuprofen 200mg Tablet,حبوب,200mg,,علبة,شريط,2,0,1500,750,1500,1
10-AA0-011,Afra brufen 200 mg tablet (Al Afrah),Ibuprofen 200mg Tablet,حبوب,200 mg,,علبة,شريط,10,0,3000,300,3000,1
10-AA0-011,Rupan Max 200mg F.C tab (Medochemie),Ibuprofen 200mg Tablet,حبوب,200mg,,علبة,شريط,3,0,3500,1166.67,3500,1
10-AA0-011,APIFEN 200 mg tablet (Ajanta),Ibuprofen 200mg Tablet,حبوب,200 mg,,علبة,شريط,10,0,3750,375,3750,1
10-AA0-011,ibuprofen 200 TAB (Al furat),Ibuprofen 200mg Tablet,حبوب,200mg,,علبة,شريط,10,0,4250,425,4250,1
10-AA0-011,Ibuprofen Awa 200mg tab (Awamedica),Ibuprofen 200mg Tablet,حبوب,200mg,,علبة,شريط,10,0,4750,475,4750,1
10-AA0-011,PAINPROOF - 200mg tab (Al_kindi),Ibuprofen 200mg Tablet,حبوب,200mg,,علبة,شريط,10,0,4750,475,4750,1
10-AA0-011,Profedain 200mg tab (WadiAlrafidain),Ibuprofen 200mg Tablet,حبوب,200mg,,علبة,شريط,10,0,6250,625,6250,1
10-AA0-011,Ibuprofen 200mg tab (Al safa),Ibuprofen 200mg Tablet,حبوب,200mg,,علبة,شريط,50,0,21500,430,21500,1
10-AA0-011,Profedain 200mg tab (WadiAlrafidain),Ibuprofen 200mg Tablet,حبوب,200mg,,علبة,شريط,50,0,25000,500,25000,1
10-AA0-011,Piofen 200mg f.c tab (Pioneer),Ibuprofen 200mg Tablet,حبوب,200mg,,علبة,شريط,50,0,26000,520,26000,1
10-AA0-011,Ibuprofen 200mg tab (Al safa),Ibuprofen 200mg Tablet,حبوب,200mg,,علبة,شريط,100,0,39000,390,39000,1
10-AA0-011,ibuproen-MDI tab,Ibuprofen 200mg Tablet,حبوب,200mg,,علبة,شريط,360,0,159000,441.67,159000,1
10-AA0-011,Dr-iboprofine oral susp (Dijla),Ibuprofen 200mg Tablet,حقن,200mg,,علبة,حقنة,1,0,1000,1000,1000,1
10-AA0-011,AS-Brufeen susp. (Aswar alkhalej),Ibuprofen 200mg Tablet,حقن,200mg,,علبة,حقنة,1,0,1250,1250,1250,1
10-AA0-011,Brufdeen oral susp (Advanced),Ibuprofen 200mg Tablet,شراب,200mg,,عبوة,عبوة,1,0,1500,1500,1500,1
10-AA0-011,Ibuprofen oral susp (Al safa),Ibuprofen 200mg Tablet,حقن,200mg,,علبة,حقنة,1,0,1500,1500,1500,1
10-AA0-011,Profedin oral susp. (SDI),Ibuprofen 200mg Tablet,حقن,200mg,,علبة,حقنة,1,0,1500,1500,1500,1
10-AA0-011,Profepain (Al mansour),Ibuprofen 200mg Tablet,حقن,200mg,,علبة,حقنة,1,0,1500,1500,1500,1
10-AA0-011,BRUFEMEL (Middle east),Ibuprofen 200mg Tablet,حقن,200mg,,علبة,حقنة,1,0,1750,1750,1750,1
10-AA0-011,ASBROFAN 100mg (Aswar alkhalej),Ibuprofen 200mg Tablet,حقن,100mg,,علبة,حقنة,1,0,1750,1750,1750,1
10-AA0-011,IBUPROFEN (Dijla),Ibuprofen 200mg Tablet,حقن,200mg,,علبة,حقنة,1,0,1750,1750,1750,1
10-AA0-011,Profedad 100mg/5ml (WadiAlrafidain),Ibuprofen 200mg Tablet,حقن,100mg,,علبة,حقنة,1,0,2000,2000,2000,1
10-AA0-011,painproof oral susp (Al_kindi),Ibuprofen 200mg Tablet,حقن,200mg,,علبة,حقنة,1,0,2000,2000,2000,1
10-AA0-011,Emifen 100 /5ml susp (Global pharma),Ibuprofen 200mg Tablet,حقن,5ml,,علبة,حقنة,1,0,2500,2500,2500,1
10-AA0-011,Ibugesic susp (DAD),Ibuprofen 200mg Tablet,حقن,200mg,,علبة,حقنة,1,0,2500,2500,2500,1
10-AA0-011,ibuproen-MDI,Ibuprofen 200mg Tablet,حقن,200mg,,علبة,حقنة,1,0,2500,2500,2500,1
10-AA0-011,captain susp (Life pharma),Ibuprofen 200mg Tablet,شراب,200mg,,عبوة,عبوة,1,0,2500,2500,2500,1
10-AA0-011,IBUPROFEN (Al hayat),Ibuprofen 200mg Tablet,حقن,200mg,,علبة,حقنة,1,0,2500,2500,2500,1
10-AA0-011,ibuproen-MDI oral susp.,Ibuprofen 200mg Tablet,حقن,200mg,,علبة,حقنة,1,0,2500,2500,2500,1
10-AA0-011,ProfePain 100mg (Al mansour),Ibuprofen 200mg Tablet,حقن,100mg,,علبة,حقنة,1,0,2500,2500,2500,1
10-AA0-011,Rexofin 100mg/5ml (Sama Alfayhaa),Ibuprofen 200mg Tablet,حقن,100mg,,علبة,حقنة,1,0,2500,2500,2500,1
10-AA0-011,Neoprofen 100 mg / 5ml susp (neopharma),Ibuprofen 200mg Tablet,حقن,100 mg,,علبة,حقنة,1,0,2750,2750,2750,1
10-AA0-011,taskine 100mg/5ml oral susp (UPM),Ibuprofen 200mg Tablet,حقن,100mg,,علبة,حقنة,1,0,2750,2750,2750,1
10-AA0-011,Piofen 100mg / 5ml Oral Suspension (Pioneer),Ibuprofen 200mg Tablet,حقن,100mg,,علبة,حقنة,1,0,2750,2750,2750,1
10-AA0-011,Ibuprofen- S Awa 100mg / 5ml (Awamedica),Ibuprofen 200mg Tablet,حقن,100mg,,علبة,حقنة,1,0,2750,2750,2750,1
10-AA0-011,ibuprofen paediatric oral suspension (Awamedica),Ibuprofen 200mg Tablet,حقن,200mg,,علبة,حقنة,1,0,2750,2750,2750,1
10-AA0-011,profast 100mg/5ml susp (Joswe),Ibuprofen 200mg Tablet,حقن,100mg,,علبة,حقنة,1,0,3000,3000,3000,1
10-AA0-011,Pedifen 100 mg / 5 ml. Pediatric oral suspension (Atabay kimya san),Ibuprofen 200mg Tablet,حقن,100 mg,,علبة,حقنة,1,0,3000,3000,3000,1
10-AA0-011,Prof oral susp 100ml (Tabuk),Ibuprofen 200mg Tablet,حقن,100ml,,علبة,حقنة,1,0,3000,3000,3000,1
10-AA0-011,Profinal pediatric oral susp (Julphar),Ibuprofen 200mg Tablet,حقن,200mg,,علبة,حقنة,1,0,3000,3000,3000,1
10-AA0-011,trifene 20mg/ml oral susp (Laboratorio),Ibuprofen 200mg Tablet,حقن,20mg,,علبة,حقنة,1,0,3250,3250,3250,1
10-AA0-011,profepain oral susp 100ml (Al mansour),Ibuprofen 200mg Tablet,حقن,100ml,,علبة,حقنة,30,0,38000,1266.67,38000,1
10-AA0-011,IBUPROFEN-MDI oral susp,Ibuprofen 200mg Tablet,حقن,200mg,,علبة,حقنة,30,0,51000,1700,51000,1
10-AA0-011,INDOMETHACIN B.P. 100mg (Al safa),Ibuprofen 200mg Tablet,تحاميل,100mg,,علبة,تحميلة,1,0,2250,2250,2250,1
10-AA0-011,indopal 100mg supp. (opalia pharma),Ibuprofen 200mg Tablet,تحاميل,100mg,,علبة,تحميلة,2,0,2500,1250,2500,1
10-AA0-044,Mubek 7.5mg (Al safa),Meloxicam 7.5mg Tablet,حبوب,7.5mg,,علبة,شريط,1,0,750,750,750,1
10-AA0-044,Meloxi Rx 7.5 tab (Sama Alfayhaa),Meloxicam 7.5mg Tablet,حبوب,7.5mg,,علبة,شريط,1,0,1000,1000,1000,1
10-AA0-044,Loxim 7.5 mg tablet (Ajanta pharma),Meloxicam 7.5mg Tablet,حبوب,7.5 mg,,علبة,شريط,2,0,1250,625,1250,1
10-AA0-044,Fubic 7.5mg tab (Al furat),Meloxicam 7.5mg Tablet,حبوب,7.5mg,,علبة,شريط,1,0,1500,1500,1500,1
10-AA0-044,Miloxam 7.5 mg (DAD),Meloxicam 7.5mg Tablet,حبوب,7.5 mg,,علبة,شريط,1,0,1750,1750,1750,1
10-AA0-044,Aroxicam 7.5 mg tablet (Aurobindo),Meloxicam 7.5mg Tablet,حبوب,7.5 mg,,علبة,شريط,2,0,1750,875,1750,1
10-AA0-044,moven 7.5mg cap (SIP ibn albaytar),Meloxicam 7.5mg Tablet,كبسول,7.5mg,,علبة,شريط,1,0,2000,2000,2000,1
10-AA0-044,zeloxim tab 7.5mg (Bilim),Meloxicam 7.5mg Tablet,حبوب,7.5mg,,علبة,شريط,1,0,2000,2000,2000,1
10-AA0-044,Neo-cam7.5mg (UPM),Meloxicam 7.5mg Tablet,حبوب,7.5mg,,علبة,شريط,1,0,2250,2250,2250,1
10-AA0-044,Meloxicam Awa 7.5mg tab (Awamedica),Meloxicam 7.5mg Tablet,حبوب,7.5mg,,علبة,شريط,2,0,3000,1500,3000,1
10-AA0-044,Mobic 7.5mg tab Boe (hringer Ingelheim/Germ),Meloxicam 7.5mg Tablet,حبوب,7.5mg,,علبة,شريط,1,0,4250,4250,4250,1
10-AA0-044,Coxicam 7.5mg (Riyadh pharma),Meloxicam 7.5mg Tablet,حبوب,7.5mg,,علبة,شريط,3,0,4750,1583.33,4750,1
10-AA0-044,Selektine 7.5mg tab (Hayat pharma.Ind.Co),Meloxicam 7.5mg Tablet,حبوب,7.5mg,,علبة,شريط,3,0,4750,1583.33,4750,1
10-AA0-044,miloxam 7.5mg (DAD),Meloxicam 7.5mg Tablet,حبوب,7.5mg,,علبة,شريط,3,0,4750,1583.33,4750,1
10-AA0-044,MOVINEER 7.5mg (Pioneer),Meloxicam 7.5mg Tablet,حبوب,7.5mg,,علبة,شريط,3,0,5000,1666.67,5000,1
10-AA0-044,Neo-cam7.5mg tab (UPM),Meloxicam 7.5mg Tablet,حبوب,7.5mg,,علبة,شريط,3,0,6000,2000,6000,1
10-AA0-044,Apo-Meloxicam 7.5mg tab (APOTEX),Meloxicam 7.5mg Tablet,حبوب,7.5mg,,علبة,شريط,3,0,7000,2333.33,7000,1
10-AA0-044,Apo-meloxicam 7.5mg tab (APOTEX),Meloxicam 7.5mg Tablet,حبوب,7.5mg,,علبة,شريط,1,0,10500,10500,10500,1
10-AA0-044,Mobic 7.5mg tab Boe (hringer Ingelheim/Germ),Meloxicam 7.5mg Tablet,حبوب,7.5mg,,علبة,شريط,3,0,11500,3833.33,11500,1
10-AA0-044,MUBEK 7.5mg (Al safa),Meloxicam 7.5mg Tablet,حبوب,7.5mg,,علبة,شريط,50,0,25750,515,25750,1
10-AA0-044,fubic 7.5mg tab (Al furat),Meloxicam 7.5mg Tablet,حبوب,7.5mg,,علبة,شريط,25,0,28000,1120,28000,1
10-AA0-044,Mubek 7.5mg (Al safa),Meloxicam 7.5mg Tablet,حبوب,7.5mg,,علبة,شريط,100,0,45000,450,45000,1
10-AA0-068,Ralef 60mg f.c.tab (Ajanta),Etoricoxib 60 mg,حبوب,60mg,,علبة,شريط,2,0,4750,2375,4750,1
10-AA0-068,Clinton 60mg (RAM PHARMA),Etoricoxib 60 mg,حبوب,60mg,,علبة,شريط,1,0,4750,4750,4750,1
10-AA0-068,Etorica -60 F/C Tablet (Micro Lab),Etoricoxib 60 mg,حبوب,60 mg,,علبة,شريط,2,0,5750,2875,5750,1
10-AA0-068,ATOXIA 60mg tab (UPM),Etoricoxib 60 mg,حبوب,60mg,,علبة,شريط,1,0,6750,6750,6750,1
10-AA0-068,NAROX 60MG (DELORBIS),Etoricoxib 60 mg,حبوب,60MG,,علبة,شريط,2,0,9000,4500,9000,1
10-AA0-068,Etorixan 60mg f.c.tab. (Synthon),Etoricoxib 60 mg,حبوب,60mg,,علبة,شريط,2,0,9000,4500,9000,1
10-AA0-068,Surveli 60mg (Atlantic pharma),Etoricoxib 60 mg,حبوب,60mg,,علبة,شريط,2,0,9000,4500,9000,1
10-AA0-068,Orotix 60mg f.c.t (Pharma International),Etoricoxib 60 mg,حبوب,60mg,,علبة,شريط,2,0,9750,4875,9750,1
10-AA0-068,Etomax 60 mg f.c.tab (ITQAN pharma),Etoricoxib 60 mg,حبوب,60 mg,,علبة,شريط,3,0,10250,3416.67,10250,1
10-AA0-068,Etorigen (Atlantic pharma),Etoricoxib 60 mg,حبوب,60 mg,,علبة,شريط,2,0,10250,5125,10250,1
10-AA0-068,Painoxia 60mg F/C.tab. (Pioneer),Etoricoxib 60 mg,حبوب,60mg,,علبة,شريط,2,0,10500,5250,10500,1
10-AA0-068,Etorix 60mg (Medpharma),Etoricoxib 60 mg,حبوب,60mg,,علبة,شريط,2,0,12000,6000,12000,1
10-AA0-068,Arcoxia 60mg F.C.T N (.V.Organon / Netherlan),Etoricoxib 60 mg,حبوب,60mg,,علبة,شريط,2,0,12000,6000,12000,1
10-AA0-068,Atoxia (UPM),Etoricoxib 60 mg,حبوب,60 mg,,علبة,شريط,3,0,13000,4333.33,13000,1
10-AA0-068,toricox 60mg f.c.tab (.Jamjoom ph),Etoricoxib 60 mg,حبوب,60mg,,علبة,شريط,3,0,13000,4333.33,13000,1
10-AA0-068,COXINORIN 90mg f.c.tab (Mash pharma),Etoricoxib 60 mg,حبوب,90mg,,علبة,شريط,3,0,13750,4583.33,13750,1
10-AA0-068,Etoxa 60mg (Pharmaline),Etoricoxib 60 mg,حبوب,60mg,,علبة,شريط,3,0,15250,5083.33,15250,1
10-AA0-068,Arkator 60mg f.c.tab (Tabuk),Etoricoxib 60 mg,حبوب,60mg,,علبة,شريط,2,0,16250,8125,16250,1
10-AA0-068,Etoxa 90mg F.C.T (Pharmaline),Etoricoxib 60 mg,حبوب,90mg,,علبة,شريط,1,0,5250,5250,5250,1
10-AA0-068,Ralef 90mg tab (Ajanta),Etoricoxib 60 mg,حبوب,90mg,,علبة,شريط,2,0,5750,2875,5750,1
10-AA0-068,Clinton 90mg (RAM PHARMA),Etoricoxib 60 mg,حبوب,90mg,,علبة,شريط,1,0,6500,6500,6500,1
10-AA0-068,ATOXIA 90 mg tablet (UPM),Etoricoxib 60 mg,حبوب,90 mg,,علبة,شريط,1,0,7500,7500,7500,1
10-AA0-068,Eticoxia (Hikma pharma/egypt),Etoricoxib 60 mg,حبوب,60 mg,,علبة,شريط,2,0,7500,3750,7500,1
10-AA0-068,Etorica -90 tablet (Micro Lab),Etoricoxib 60 mg,حبوب,60 mg,,علبة,شريط,2,0,7500,3750,7500,1
10-AA0-068,Etorix 90mg fct (Medpharma&Chem),Etoricoxib 60 mg,حبوب,90mg,,علبة,شريط,1,0,9750,9750,9750,1
10-AA0-068,COXINORIN (Mash pharma),Etoricoxib 60 mg,حبوب,60 mg,,علبة,شريط,3,0,10000,3333.33,10000,1
10-AA0-068,Orotix 90mg f.c.t (Pharma International),Etoricoxib 60 mg,حبوب,90mg,,علبة,شريط,2,0,11000,5500,11000,1
10-AA0-068,Torix 90mg f.c.t (AL-taqaddom pharmaceutical Industries),Etoricoxib 60 mg,حبوب,90mg,,علبة,شريط,2,0,11000,5500,11000,1
10-AA0-068,Narox 90mg fct (Delorbis),Etoricoxib 60 mg,حبوب,90mg,,علبة,شريط,2,0,11500,5750,11500,1
10-AA0-068,Etorixan 90mg FCT (Synthon),Etoricoxib 60 mg,حبوب,90mg,,علبة,شريط,2,0,12750,6375,12750,1
10-AA0-068,Painoxia 90mg (Pioneer),Etoricoxib 60 mg,حبوب,90mg,,علبة,شريط,2,0,13000,6500,13000,1
10-AA0-068,EtoNor 90mg Film-coated table (t Lab Normon),Etoricoxib 60 mg,حبوب,90mg,,علبة,شريط,1,0,13500,13500,13500,1
10-AA0-068,Surveli 90mg FCT (Atlantic pharma),Etoricoxib 60 mg,حبوب,90mg,,علبة,شريط,2,0,13500,6750,13500,1
10-AA0-068,etoxiber 90mg f.c.tab (Atlantic pharma),Etoricoxib 60 mg,حبوب,90mg,,علبة,شريط,2,0,13500,6750,13500,1
10-AA0-068,Etoxa 90mg (Pharmaline),Etoricoxib 60 mg,حبوب,90mg,,علبة,شريط,3,0,14500,4833.33,14500,1
10-AA0-068,Futacoxib 90mg tab (Future pharma),Etoricoxib 60 mg,حبوب,90mg,,علبة,شريط,2,0,14500,7250,14500,1
10-AA0-068,Etorix 90mg fct (Medpharma),Etoricoxib 60 mg,حبوب,90mg,,علبة,شريط,2,0,14750,7375,14750,1
10-AA0-068,ATOXIA 90mg tablet (UPM),Etoricoxib 60 mg,حبوب,90mg,,علبة,شريط,3,0,15250,5083.33,15250,1
10-AA0-068,Toricox 90mg (.Jamjoom ph),Etoricoxib 60 mg,حبوب,90mg,,علبة,شريط,3,0,15250,5083.33,15250,1
10-AA0-068,Arcoxia 90mg F.C.T (Rovi pharma industrial services),Etoricoxib 60 mg,حبوب,90mg,,علبة,شريط,2,0,16000,8000,16000,1
10-AA0-068,Xibax (Middle east(avalon pharma)),Etoricoxib 60 mg,حبوب,60 mg,,علبة,شريط,2,0,17750,8875,17750,1
10-AA0-068,Arkator 90mg f.c.tab (Tabuk),Etoricoxib 60 mg,حبوب,90mg,,علبة,شريط,2,0,18250,9125,18250,1
10-AA0-068,Orotix 90mg tab (Pharma International),Etoricoxib 60 mg,حبوب,90mg,,علبة,شريط,3,0,18500,6166.67,18500,1
10-AA0-068,EtoNor 90mg tab (Lab. Normon),Etoricoxib 60 mg,حبوب,90mg,,علبة,شريط,2,0,20250,10125,20250,1
10-AA0-068,EtoNor 90mg tab (Lab. Normon),Etoricoxib 60 mg,حبوب,90mg,,علبة,شريط,2,0,20250,10125,20250,1
10-AA0-068,coxitor 90 (Cadila pharmaceutical),Etoricoxib 60 mg,حبوب,60 mg,,علبة,شريط,3,0,20250,6750,20250,1
10-AA0-068,Pedexa 200mg (DAD),Etoricoxib 60 mg,كبسول,200mg,,علبة,شريط,1,0,3000,3000,3000,1
10-AA0-068,Algoxib cap (zentiva),Etoricoxib 60 mg,كبسول,60 mg,,علبة,شريط,1,0,4500,4500,4500,1
10-AA0-068,Joswe Flamex 200mg,Etoricoxib 60 mg,كبسول,200mg,,علبة,شريط,1,0,4500,4500,4500,1
10-AA0-068,inflacox 200mg cap (SIP ibn albaytar),Etoricoxib 60 mg,كبسول,200mg,,علبة,شريط,2,0,5250,2625,5250,1
10-AA0-068,Coxib-200 (Micro Lab),Etoricoxib 60 mg,كبسول,60 mg,,علبة,شريط,3,0,5250,1750,5250,1
10-AA0-068,celecoxib normon 200mg hard cap (Lab. Normon),Etoricoxib 60 mg,كبسول,200mg,,علبة,شريط,1,0,5750,5750,5750,1
10-AA0-068,Celdol 200mg cap (Aurobindo),Etoricoxib 60 mg,كبسول,200mg,,علبة,شريط,3,0,6750,2250,6750,1
10-AA0-068,clibex 200mg cap (Famar SA),Etoricoxib 60 mg,كبسول,200mg,,علبة,شريط,1,0,6750,6750,6750,1
10-AA0-068,celmac 200mg cap (Ajanta),Etoricoxib 60 mg,كبسول,200mg,,علبة,شريط,3,0,7250,2416.67,7250,1
10-AA0-068,Algoxib cap (zentiva),Etoricoxib 60 mg,كبسول,60 mg,,علبة,شريط,2,0,8750,4375,8750,1
10-AA0-068,Coximender 200mAgc iHno.G P.chaaprsmual (eceuticals FZ-LLC - United),Etoricoxib 60 mg,كبسول,60 mg,,علبة,شريط,2,0,9000,4500,9000,1
10-AA0-068,Joswe Flamex 200mg,Etoricoxib 60 mg,كبسول,200mg,,علبة,شريط,3,0,11500,3833.33,11500,1
10-AA0-068,celecoxib-vitapure 200mg cap (Myungmoon),Etoricoxib 60 mg,كبسول,200mg,,علبة,شريط,3,0,11500,3833.33,11500,1
10-AA0-068,Algoxib cap (zentiva),Etoricoxib 60 mg,كبسول,60 mg,,علبة,شريط,3,0,12000,4000,12000,1
10-AA0-068,Celebrex 200 mg cap. (UPJOHN US2 LLC /USA),Etoricoxib 60 mg,كبسول,200 mg,,علبة,شريط,1,0,12250,12250,12250,1
10-AA0-068,celecoxib TAD 200mg hard cap (KRKA),Etoricoxib 60 mg,كبسول,200mg,,علبة,شريط,3,0,15250,5083.33,15250,1
10-AA0-068,Celebrex 200 mg cap. (UPJOHN US2 LLC /USA),Etoricoxib 60 mg,كبسول,200 mg,,علبة,شريط,1,0,21250,21250,21250,1
10-D00-006,Kindigesic tab - (Al_kindi),Orphenadrine citrate 35mg + Paracetamol 450mg,حبوب,35mg,,علبة,شريط,1,0,1000,1000,1000,1
10-D00-006,Digesic - (Dijla),Orphenadrine citrate 35mg + Paracetamol 450mg,حبوب,35mg,,علبة,شريط,1,0,1000,1000,1000,1
10-D00-006,Kindigesic - tablets (Al_kindi),Orphenadrine citrate 35mg + Paracetamol 450mg,حبوب,35mg,,علبة,شريط,2,0,1750,875,1750,1
10-D00-006,KANADAIN - caplet (WadiAlrafidain),Orphenadrine citrate 35mg + Paracetamol 450mg,حبوب,35mg,,علبة,شريط,2,0,1750,875,1750,1
10-D00-006,Furagesic - tablet (Al furat),Orphenadrine citrate 35mg + Paracetamol 450mg,حبوب,35mg,,علبة,شريط,2,0,2000,1000,2000,1
10-D00-006,SAMAGESIC tab (SDI),Orphenadrine citrate 35mg + Paracetamol 450mg,حبوب,35mg,,علبة,شريط,2,0,2250,1125,2250,1
10-D00-006,Digesic - tablet (Dijla),Orphenadrine citrate 35mg + Paracetamol 450mg,حبوب,35mg,,علبة,شريط,2,0,2250,1125,2250,1
10-D00-006,epigesic tablet (Eipico),Orphenadrine citrate 35mg + Paracetamol 450mg,حبوب,35mg,,علبة,شريط,2,0,2500,1250,2500,1
10-D00-006,Orphamol tab (Rameda co.),Orphenadrine citrate 35mg + Paracetamol 450mg,حبوب,35mg,,علبة,شريط,2,0,2750,1375,2750,1
10-D00-006,myogesic (DAD),Orphenadrine citrate 35mg + Paracetamol 450mg,حبوب,35mg,,علبة,شريط,2,0,2750,1375,2750,1
10-D00-006,Orphilexa tab (Ultra medica),Orphenadrine citrate 35mg + Paracetamol 450mg,حبوب,35mg,,علبة,شريط,2,0,3000,1500,3000,1
10-D00-006,Muscadol tab (Julphar),Orphenadrine citrate 35mg + Paracetamol 450mg,حبوب,35mg,,علبة,شريط,2,0,3000,1500,3000,1
10-D00-006,muscerol 2 tab (Pharmaline),Orphenadrine citrate 35mg + Paracetamol 450mg,حبوب,35mg,,علبة,شريط,2,0,3000,1500,3000,1
10-D00-006,Piodol Muscle & Body - F/C tab. (Pioneer),Orphenadrine citrate 35mg + Paracetamol 450mg,حبوب,35mg,,علبة,شريط,2,0,3250,1625,3250,1
10-D00-006,TAKAMOL DOLO - tablet (UROK),Orphenadrine citrate 35mg + Paracetamol 450mg,حبوب,35mg,,علبة,شريط,3,0,4750,1583.33,4750,1
10-D00-006,anorol tab (Hovid),Orphenadrine citrate 35mg + Paracetamol 450mg,حبوب,35mg,,علبة,شريط,1,0,5000,5000,5000,1
10-D00-006,Unigesic - tab (Uni-pharma kleon),Orphenadrine citrate 35mg + Paracetamol 450mg,حبوب,35mg,,علبة,شريط,3,0,5000,1666.67,5000,1
10-D00-006,Digesic - (Dijla),Orphenadrine citrate 35mg + Paracetamol 450mg,حبوب,35mg,,علبة,شريط,2,0,17250,8625,17250,1
10-D00-006,TAKAMOL DOLO - tablet (UROK),Orphenadrine citrate 35mg + Paracetamol 450mg,حبوب,35mg,,علبة,شريط,2,0,25500,12750,25500,1
10-D00-006,myogesic (DAD),Orphenadrine citrate 35mg + Paracetamol 450mg,حبوب,35mg,,علبة,شريط,50,0,37000,740,37000,1
10-F00-007,VOLTAC Gel 1% (Aswar alkhalej),Diclofenac diethylamine 1.16w/w(as diclofenac sod. 1% w/w ),جل,1%,,تيوب,تيوب,1,0,1000,1000,1000,1
10-F00-007,Voltaren-kindi (Al_kindi),Diclofenac diethylamine 1.16w/w(as diclofenac sod. 1% w/w ),جل,1%,,تيوب,تيوب,1,0,1000,1000,1000,1
10-F00-007,VOLTAYAT - Emulgel (Al hayat),Diclofenac diethylamine 1.16w/w(as diclofenac sod. 1% w/w ),جل,1%,,تيوب,تيوب,1,0,1250,1250,1250,1
10-F00-007,Diclofenac 1% (WadiAlrafidain),Diclofenac diethylamine 1.16w/w(as diclofenac sod. 1% w/w ),جل,1%,,تيوب,تيوب,1,0,1250,1250,1250,1
10-F00-007,Dicloran Gel (Unique),Diclofenac diethylamine 1.16w/w(as diclofenac sod. 1% w/w ),جل,1%,,تيوب,تيوب,1,0,1250,1250,1250,1
10-F00-007,Voltadin gel (SDI),Diclofenac diethylamine 1.16w/w(as diclofenac sod. 1% w/w ),جل,1%,,تيوب,تيوب,1,0,1500,1500,1500,1
10-F00-007,AS-Voltran Gel 1% (Aswar alkhalej),Diclofenac diethylamine 1.16w/w(as diclofenac sod. 1% w/w ),جل,1%,,تيوب,تيوب,1,0,1500,1500,1500,1
10-F00-007,AS-Voltran Gel 1% (Aswar alkhalej),Diclofenac diethylamine 1.16w/w(as diclofenac sod. 1% w/w ),جل,1%,,تيوب,تيوب,1,0,1500,1500,1500,1
10-F00-007,romafen gel (Al Exandria),Diclofenac diethylamine 1.16w/w(as diclofenac sod. 1% w/w ),جل,1%,,تيوب,تيوب,1,0,1500,1500,1500,1
10-F00-007,Voltaren-kindi Gel (Al_kindi),Diclofenac diethylamine 1.16w/w(as diclofenac sod. 1% w/w ),جل,1%,,تيوب,تيوب,1,0,1500,1500,1500,1
10-F00-007,Clofast Gel (oman pharma),Diclofenac diethylamine 1.16w/w(as diclofenac sod. 1% w/w ),جل,1%,,تيوب,تيوب,1,0,1750,1750,1750,1
10-F00-007,Clofen creamagel (Julphar),Diclofenac diethylamine 1.16w/w(as diclofenac sod. 1% w/w ),جل,1%,,تيوب,تيوب,1,0,2250,2250,2250,1
10-F00-007,Diclofen cremogel (UPM),Diclofenac diethylamine 1.16w/w(as diclofenac sod. 1% w/w ),جل,1%,,تيوب,تيوب,1,0,2500,2500,2500,1
10-F00-007,Diclogesic Gel (DAD),Diclofenac diethylamine 1.16w/w(as diclofenac sod. 1% w/w ),جل,1%,,تيوب,تيوب,1,0,2750,2750,2750,1
10-F00-007,Diclofenac Gel 1% (WadiAlrafidain),Diclofenac diethylamine 1.16w/w(as diclofenac sod. 1% w/w ),جل,1%,,تيوب,تيوب,1,0,2750,2750,2750,1
10-F00-007,VOLTAYAT - Emulgel (Al hayat),Diclofenac diethylamine 1.16w/w(as diclofenac sod. 1% w/w ),جل,1%,,تيوب,تيوب,1,0,3000,3000,3000,1
10-F00-007,remethan gel - 1% (Remedica),Diclofenac diethylamine 1.16w/w(as diclofenac sod. 1% w/w ),جل,1%,,تيوب,تيوب,1,0,3500,3500,3500,1
10-F00-007,dikloron gel 1% (DEVA),Diclofenac diethylamine 1.16w/w(as diclofenac sod. 1% w/w ),جل,1%,,تيوب,تيوب,1,0,3750,3750,3750,1
10-F00-007,diclactive 1% gel (HUMANIS SAGLIK ANONIM),Diclofenac diethylamine 1.16w/w(as diclofenac sod. 1% w/w ),جل,1%,,تيوب,تيوب,1,0,3750,3750,3750,1
10-F00-007,diclofen cremogel 50gm (UPM),Diclofenac diethylamine 1.16w/w(as diclofenac sod. 1% w/w ),جل,50gm,,تيوب,تيوب,1,0,3750,3750,3750,1
10-F00-007,Dicol 1% gel (Biofarma Ilac Sanayi ve Tic A.S.),Diclofenac diethylamine 1.16w/w(as diclofenac sod. 1% w/w ),جل,1%,,تيوب,تيوب,1,0,3750,3750,3750,1
10-F00-007,VOLTAGESIC (Sama Alfayhaa),Diclofenac diethylamine 1.16w/w(as diclofenac sod. 1% w/w ),جل,1%,,تيوب,تيوب,1,0,3750,3750,3750,1
10-F00-007,Almiral1% gel (Medochemie),Diclofenac diethylamine 1.16w/w(as diclofenac sod. 1% w/w ),جل,1%,,تيوب,تيوب,1,0,4500,4500,4500,1
10-F00-007,Leviogel 10mg/gm gel (Laboratorio farma.),Diclofenac diethylamine 1.16w/w(as diclofenac sod. 1% w/w ),جل,10mg,,تيوب,تيوب,1,0,5250,5250,5250,1
10-F00-007,Dolflam 1% - 1% Gel (Pharma development),Diclofenac diethylamine 1.16w/w(as diclofenac sod. 1% w/w ),جل,1%,,تيوب,تيوب,1,0,5250,5250,5250,1
10-F00-007,vilonit 1% gel (Kleva),Diclofenac diethylamine 1.16w/w(as diclofenac sod. 1% w/w ),جل,1%,,تيوب,تيوب,1,0,5750,5750,5750,1
10-F00-007,Diclofenac Azevedos 10mg/g gel (Sofarimex),Diclofenac diethylamine 1.16w/w(as diclofenac sod. 1% w/w ),جل,10mg,,تيوب,تيوب,1,0,6250,6250,6250,1
10-F00-007,Olfen Gel (Sofarimex s.a),Diclofenac diethylamine 1.16w/w(as diclofenac sod. 1% w/w ),جل,1%,,تيوب,تيوب,1,0,6750,6750,6750,1
10-F00-007,voltaren - emulgel (Haleon CH Sarl),Diclofenac diethylamine 1.16w/w(as diclofenac sod. 1% w/w ),جل,1%,,تيوب,تيوب,1,0,9000,9000,9000,1
10-F00-007,voltaren 1% emulgel (Haleon CH Sarl),Diclofenac diethylamine 1.16w/w(as diclofenac sod. 1% w/w ),جل,1%,,تيوب,تيوب,1,0,9000,9000,9000,1
10-B00-001,hyporic 100mg tab (SDI),Allopurinol 100mg Tablet,حبوب,100mg,,علبة,شريط,1,0,500,500,500,1
10-B00-001,antiuric 100mg tab (Al jazeera),Allopurinol 100mg Tablet,حبوب,100mg,,علبة,شريط,1,0,1250,1250,1250,1
10-B00-001,Hyporic 100mg tab (SDI),Allopurinol 100mg Tablet,حبوب,100mg,,علبة,شريط,3,0,1750,583.33,1750,1
10-B00-001,antiuric 100mg tab (Al jazeera),Allopurinol 100mg Tablet,حبوب,100mg,,علبة,شريط,2,0,2500,1250,2500,1
10-B00-001,goutex 100mg tab (Joswe),Allopurinol 100mg Tablet,حبوب,100mg,,علبة,شريط,3,0,2500,833.33,2500,1
10-B00-001,PILORIC 100mg (Pioneer),Allopurinol 100mg Tablet,حبوب,100mg,,علبة,شريط,3,0,3000,1000,3000,1
10-B00-001,Zyloric 100mg tab (ASPEN BAD OLDESLOE GMBH/),Allopurinol 100mg Tablet,حبوب,100mg,,علبة,شريط,4,0,13000,3250,13000,1
10-CAa-004,Neoneer 2.5mg/ml amp (Pioneer),"Neostigmine metisulphate 2.5mg/ml, (1ml) Ampoule I.V,I.M,S.C",أمبول,2.5mg,,علبة,أمبولة,5,0,9250,1850,9250,1
10-CAa-004,Setisin - 2.5 mg/ml inj. (Duo Pharma),"Neostigmine metisulphate 2.5mg/ml, (1ml) Ampoule I.V,I.M,S.C",أمبول,2.5 mg,,علبة,أمبولة,1,0,13250,13250,13250,1
10-CAa-004,Neostigmin-hameln 2.5mg/ml inj. (Siegfried Hameln GmbH),"Neostigmine metisulphate 2.5mg/ml, (1ml) Ampoule I.V,I.M,S.C",أمبول,2.5mg,,علبة,أمبولة,10,0,16500,1650,16500,1
10-CAa-004,NEOSTIGMINE / COOPER 2.5 mg /ml,"Neostigmine metisulphate 2.5mg/ml, (1ml) Ampoule I.V,I.M,S.C",أمبول,2.5 mg,,علبة,أمبولة,1,0,23500,23500,23500,1
10-CAa-007,Mestinon - 60mg sugar coated tab. (ICN polfa),Pyridostigmine Bromide 60mg Tablet,حبوب,60mg,,علبة,شريط,1,0,11500,11500,11500,1
10-CAa-007,Mestinon 60mg tab (ICN polfa),Pyridostigmine Bromide 60mg Tablet,حبوب,60mg,,علبة,شريط,1,0,53000,53000,53000,1
11-A00-001,Hayavir (Al hayat),Acyclovir 3% Eye Ointment,مرهم,3%,,تيوب,تيوب,1,0,2250,2250,2250,1
11-A00-001,IMAVIR 3% sterile ophthalmic ointment (API),Acyclovir 3% Eye Ointment,مرهم,3%,,تيوب,تيوب,1,0,4750,4750,4750,1
11-A00-003,Samaphenicol Eye oint. (SDI),Chloramphenicol 1% Eye Ointment,مرهم,1%,,تيوب,تيوب,1,0,1000,1000,1000,1
11-A00-003,HAYAPHENICOL 1% (Al hayat),Chloramphenicol 1% Eye Ointment,مرهم,1%,,تيوب,تيوب,1,0,1250,1250,1250,1
11-A00-003,EPIPHENICOL EYE OINTMENT (EIPICO),Chloramphenicol 1% Eye Ointment,مرهم,1%,,تيوب,تيوب,1,0,1750,1750,1750,1
11-A00-003,Phenicol eye oint (API),Chloramphenicol 1% Eye Ointment,مرهم,1%,,تيوب,تيوب,1,0,2500,2500,2500,1
11-A00-005,Ciprocin Ophthalmic solution (Eipico),Ciprofloxacin (as Hydrochloride) 0.3% Eye Drop,قطرة عين,0.30%,,عبوة,قطرة,1,0,2250,2250,2250,1
11-A00-005,ciprocear sterile eye/ear drop (Riyadhpharma),Ciprofloxacin (as Hydrochloride) 0.3% Eye Drop,قطرة عين,0.30%,,عبوة,قطرة,1,0,3000,3000,3000,1
11-A00-005,Ciproneer 0.3% (Pioneer),Ciprofloxacin (as Hydrochloride) 0.3% Eye Drop,قطرة عين,0.30%,,عبوة,قطرة,1,0,3250,3250,3250,1
11-A00-005,Ciprodar 0.3% eye drop (DAD),Ciprofloxacin (as Hydrochloride) 0.3% Eye Drop,قطرة عين,0.30%,,عبوة,قطرة,1,0,3750,3750,3750,1
11-A00-005,Nafloxin eye drop solu. 0.3%w/v (Cooper),Ciprofloxacin (as Hydrochloride) 0.3% Eye Drop,قطرة عين,0.30%,,عبوة,قطرة,1,0,5500,5500,5500,1
11-A00-005,Ciprocin eye drop (API),Ciprofloxacin (as Hydrochloride) 0.3% Eye Drop,قطرة عين,0.30%,,عبوة,قطرة,1,0,5750,5750,5750,1
11-A00-005,Ciloxan ophthalmic drop (Alcon),Ciprofloxacin (as Hydrochloride) 0.3% Eye Drop,قطرة عين,0.30%,,عبوة,قطرة,1,0,7500,7500,7500,1
11-A00-009,Ofusidic viscous ED (Orchidia),fusidic acid 10 mg/g (1%)suspension viscous eye drop,قطرة عين,10 mg,,عبوة,قطرة,1,0,3500,3500,3500,1
11-A00-009,Fusix 1% Sterile viscous eye drops (DEVA),fusidic acid 10 mg/g (1%)suspension viscous eye drop,قطرة عين,1%,,عبوة,قطرة,1,0,5750,5750,5750,1
11-A00-009,optifucin viscons eye drop (API),fusidic acid 10 mg/g (1%)suspension viscous eye drop,قطرة عين,10 mg,,عبوة,قطرة,1,0,4500,4500,4500,1
11-A00-010,Apigen Eye/Ear Drop,Gentamycin as sulphate 0.3% Eye/Ear Drop,قطرة عين,0.30%,,عبوة,قطرة,1,0,2750,2750,2750,1
11-A00-010,Gentamicin 0.3% w/v - Eye Drop (Cooper),Gentamycin as sulphate 0.3% Eye/Ear Drop,قطرة عين,0.30%,,عبوة,قطرة,1,0,3250,3250,3250,1
11-A00-010,gentaclear - eye/ear drop (Riyadhpharma),Gentamycin as sulphate 0.3% Eye/Ear Drop,قطرة عين,0.30%,,عبوة,قطرة,1,0,3500,3500,3500,1
11-A00-022,Samacycline eye oint 1 % (SDI),Tetracycline Hydrochloride 1% Eye Ointment,مرهم,1%,,تيوب,تيوب,1,0,1000,1000,1000,1
11-A00-022,Tetracycline eye oint (Al hayat),Tetracycline Hydrochloride 1% Eye Ointment,مرهم,1%,,تيوب,تيوب,1,0,1250,1250,1250,1
11-A00-022,opticycline eye oint. (API),Tetracycline Hydrochloride 1% Eye Ointment,مرهم,1%,,تيوب,تيوب,1,0,1750,1750,1750,1
11-BA0-003,dexonium eye drop (Alexandria),Dexamethasone sodium Phosphate 1mg\1ml (0.1% ) suspention (ophthalmic use ),قطرة عين,1mg,,عبوة,قطرة,1,0,1500,1500,1500,1
11-BA0-003,Dexamethasone-Pharo pharma (pharonia pharmaceutical),Dexamethasone sodium Phosphate 1mg\1ml (0.1% ) suspention (ophthalmic use ),قطرة عين,1mg,,عبوة,قطرة,1,0,2000,2000,2000,1
11-BA0-003,EPIDEXONE 0.1% drop (EIPICO),Dexamethasone sodium Phosphate 1mg\1ml (0.1% ) suspention (ophthalmic use ),قطرة عين,0.10%,,عبوة,قطرة,1,0,2000,2000,2000,1
11-BA0-003,dexacollyre o.1% eye drop (Cooper),Dexamethasone sodium Phosphate 1mg\1ml (0.1% ) suspention (ophthalmic use ),قطرة عين,1%,,عبوة,قطرة,1,0,2500,2500,2500,1
11-BA0-003,Apidex eye drop,Dexamethasone sodium Phosphate 1mg\1ml (0.1% ) suspention (ophthalmic use ),قطرة عين,1mg,,عبوة,قطرة,1,0,3500,3500,3500,1
11-BA0-003,Maxidex eye drop (Alcon),Dexamethasone sodium Phosphate 1mg\1ml (0.1% ) suspention (ophthalmic use ),قطرة عين,1mg,,عبوة,قطرة,1,0,4750,4750,4750,1
11-BA0-003,dexacure 0.1% eye drop (Al mansour),Dexamethasone sodium Phosphate 1mg\1ml (0.1% ) suspention (ophthalmic use ),قطرة عين,0.10%,,عبوة,قطرة,1,0,5750,5750,5750,1
11-BA0-003,DEXACURE 0.1% (Pioneer),Dexamethasone sodium Phosphate 1mg\1ml (0.1% ) suspention (ophthalmic use ),قطرة عين,0.10%,,عبوة,قطرة,1,0,5750,5750,5750,1
11-BA0-003,Ronic ED (lab. Edol),Dexamethasone sodium Phosphate 1mg\1ml (0.1% ) suspention (ophthalmic use ),قطرة عين,1mg,,عبوة,قطرة,1,0,7250,7250,7250,1
11-BC0-011,terolac eye drop solu.0.5% (Cooper),ketorolac tromethamine 0.5 % Eye Drop,قطرة عين,0.50%,,عبوة,قطرة,1,0,7000,7000,7000,1
11-BC0-011,"occular sterile eye drop solu. (Laboratorio Edol_Produtos Farmaceuticos,S.A./Por tugal)",ketorolac tromethamine 0.5 % Eye Drop,قطرة عين,0.50%,,عبوة,قطرة,1,0,7250,7250,7250,1
11-BC0-001,Apicrom 2% ED,Sodium Cromoglycate 2% Eye Drop,قطرة عين,2%,,عبوة,قطرة,1,0,2250,2250,2250,1
11-BC0-001,Epicrom 2% ED (Eipico),Sodium Cromoglycate 2% Eye Drop,قطرة عين,2%,,عبوة,قطرة,1,0,2250,2250,2250,1
11-BC0-001,Dadcrome 2%eye drop,Sodium Cromoglycate 2% Eye Drop,قطرة عين,2%,,عبوة,قطرة,1,0,2250,2250,2250,1
11-C00-001,PIOTROPIN 0.5% (Pioneer),Atropine sulphate 0.5% (with or without HydroxyPropylMethyl cellulose(HPM)) Eye Drop,قطرة عين,0.50%,,عبوة,قطرة,1,0,2500,2500,2500,1
11-C00-001,Apitropin 0.5 % ED,Atropine sulphate 0.5% (with or without HydroxyPropylMethyl cellulose(HPM)) Eye Drop,قطرة عين,0.50%,,عبوة,قطرة,1,0,2750,2750,2750,1
11-C00-010,Mydrapid 0.5% sterile ophthalmic solution (10ml) (Al Exandria),Tropicamide 1% Eye Drop,قطرة عين,0.50%,,عبوة,قطرة,1,0,2000,2000,2000,1
11-D00-022,Timolol eye drop (Eipico),Timolol (as maleate) 0.5% Eye Drop,قطرة عين,0.50%,,عبوة,قطرة,1,0,2000,2000,2000,1
11-D00-022,tunolol 0.5% (.Unimed lab),Timolol (as maleate) 0.5% Eye Drop,قطرة عين,0.50%,,عبوة,قطرة,1,0,2750,2750,2750,1
11-D00-022,Ophtamolol 0.5% eyedrop (DAD),Timolol (as maleate) 0.5% Eye Drop,قطرة عين,0.50%,,عبوة,قطرة,1,0,3500,3500,3500,1
11-D00-022,Lithimole0.5% eye drop (Cooper),Timolol (as maleate) 0.5% Eye Drop,قطرة عين,0.50%,,عبوة,قطرة,1,0,5250,5250,5250,1
11-D00-022,Timoglau 0.5% eye drop (Edol Lab),Timolol (as maleate) 0.5% Eye Drop,قطرة عين,0.50%,,عبوة,قطرة,1,0,6500,6500,6500,1
11-D00-026,apisopt eye drops,Dorzolamide (as hydrochloride) 2% Drop,قطرة عين,2%,,عبوة,قطرة,1,0,8750,8750,8750,1
11-D00-026,"Xola sterile OPHTHALMIC solution, 5ml. (.Jamjoom ph)",Dorzolamide (as hydrochloride) 2% Drop,قطرة عين,5ml,,عبوة,قطرة,1,0,9500,9500,9500,1
11-D00-026,Dorzimid 2% (Pioneer),Dorzolamide (as hydrochloride) 2% Drop,قطرة عين,2%,,عبوة,قطرة,1,0,10500,10500,10500,1
11-D00-026,dorzoptic eye drop sol 2% w/v (Cooper),Dorzolamide (as hydrochloride) 2% Drop,قطرة عين,2%,,عبوة,قطرة,1,0,10500,10500,10500,1
11-D00-026,Optodrop 2% eye drop (Costakis),Dorzolamide (as hydrochloride) 2% Drop,قطرة عين,2%,,عبوة,قطرة,1,0,12000,12000,12000,1
11-D00-026,Proglau 20mg/ml ED (Edol Lab),Dorzolamide (as hydrochloride) 2% Drop,قطرة عين,20mg,,عبوة,قطرة,1,0,13500,13500,13500,1
11-D00-027,Oculata 2.5ml eye drop (Pioneer),Latanoprost (prostaglandin analogues) Eye drop 50mcg/ml (0.005%),قطرة عين,2.5ml,,عبوة,قطرة,1,0,9500,9500,9500,1
11-D00-027,Latasopt 0.005% eye drops (World medicine ilac San),Latanoprost (prostaglandin analogues) Eye drop 50mcg/ml (0.005%),قطرة عين,0.01%,,عبوة,قطرة,1,0,13250,13250,13250,1
11-D00-027,Xalaprost0.005% eye drop (Cooper),Latanoprost (prostaglandin analogues) Eye drop 50mcg/ml (0.005%),قطرة عين,0.01%,,عبوة,قطرة,1,0,14000,14000,14000,1
11-D00-027,Latano 0.005 % ophth. Sol. (.Jamjoom ph),Latanoprost (prostaglandin analogues) Eye drop 50mcg/ml (0.005%),قطرة عين,0.01%,,عبوة,قطرة,1,0,15250,15250,15250,1
11-D00-027,Loprost ED (API),Latanoprost (prostaglandin analogues) Eye drop 50mcg/ml (0.005%),قطرة عين,50mcg,,عبوة,قطرة,1,0,16500,16500,16500,1
11-D00-027,Xalatan 0.005% eye drop (Pfizer),Latanoprost (prostaglandin analogues) Eye drop 50mcg/ml (0.005%),قطرة عين,0.01%,,عبوة,قطرة,1,0,21000,21000,21000,1
11-D00-027,VYZULTA ophthalmic solution (Bausch&Lomb),Latanoprost (prostaglandin analogues) Eye drop 50mcg/ml (0.005%),قطرة عين,50mcg,,عبوة,قطرة,1,0,31750,31750,31750,1
11-D00-027,tears guard drop 0.3% 3mg/ml (Orchidia),Latanoprost (prostaglandin analogues) Eye drop 50mcg/ml (0.005%),قطرة عين,0.30%,,عبوة,قطرة,1,0,3000,3000,3000,1
11-D00-027,xtra fresh 3mg/1ml eye drop (Pioneer),Latanoprost (prostaglandin analogues) Eye drop 50mcg/ml (0.005%),قطرة عين,3mg,,عبوة,قطرة,1,0,3250,3250,3250,1
11-D00-027,artelac (eye drop) 1.6mg/0.5ml (Dr.Gerhard Mann),Latanoprost (prostaglandin analogues) Eye drop 50mcg/ml (0.005%),قطرة عين,1.6mg,,عبوة,قطرة,1,0,16500,16500,16500,1
12-B00-002,Cortis 50mcg inhalation (Berg),Beclomethasone dipropionate 50mcg/ metered inhalation (Aerosol Inhalation) Nasal Spray,بخاخ / منشقة,50mcg,,عبوة,عبوة,1,0,5750,5750,5750,1
12-B00-002,Beclomet nasal aqua 50mcg/dose nasal spray (Orion corporation),Beclomethasone dipropionate 50mcg/ metered inhalation (Aerosol Inhalation) Nasal Spray,بخاخ,50mcg,,عبوة,عبوة,1,0,6000,6000,6000,1
12-B00-024,Rhi-trivin 1 - spray (Domina),Xylometazoline Hydrochloride 0.1% Nasal spray,بخاخ,0.10%,,عبوة,عبوة,1,0,2500,2500,2500,1
12-B00-024,Xylolin adult nasal spray (Julphar),Xylometazoline Hydrochloride 0.1% Nasal spray,بخاخ,0.10%,,عبوة,عبوة,1,0,2750,2750,2750,1
12-B00-024,Otravyat 0.1% (Al hayat),Xylometazoline Hydrochloride 0.1% Nasal spray,بخاخ,0.10%,,عبوة,عبوة,1,0,3000,3000,3000,1
12-B00-024,decozal colds 0.1%MDNS (API),Xylometazoline Hydrochloride 0.1% Nasal spray,بخاخ,0.10%,,عبوة,عبوة,1,0,3250,3250,3250,1
12-B00-024,decozal menthol metered dose nasal spray 0.1% (API),Xylometazoline Hydrochloride 0.1% Nasal spray,بخاخ,0.10%,,عبوة,عبوة,1,0,3750,3750,3750,1
12-B00-024,noxorin 1mg/ml nasal spray (Orion),Xylometazoline Hydrochloride 0.1% Nasal spray,بخاخ,1mg,,عبوة,عبوة,1,0,5250,5250,5250,1
12-B00-024,Otrivin 0.1% - nasal spr.(metered-dose) adult (GSK),Xylometazoline Hydrochloride 0.1% Nasal spray,بخاخ,0.10%,,عبوة,عبوة,1,0,7750,7750,7750,1
13-B00-002,ZINCODERM (Aswar alkhalej),Zinc oxide 15% oint in simple Ointment,مرهم,15%,,تيوب,تيوب,1,0,1000,1000,1000,1
13-B00-002,Zinc oxide - ointment (Dubai),Zinc oxide 15% oint in simple Ointment,مرهم,15%,,تيوب,تيوب,1,0,1000,1000,1000,1
13-B00-002,ZINC OXIDE-MDI - OINTMENT,Zinc oxide 15% oint in simple Ointment,مرهم,15%,,تيوب,تيوب,1,0,1000,1000,1000,1
13-B00-002,ZINCODAIN (WadiAlrafidain),Zinc oxide 15% oint in simple Ointment,مرهم,15%,,تيوب,تيوب,1,0,1250,1250,1250,1
13-B00-002,Zinc oxide oint - ointment (SDI),Zinc oxide 15% oint in simple Ointment,مرهم,15%,,تيوب,تيوب,1,0,1500,1500,1500,1
13-B00-002,ZINC OXIDE - ointment (Al hayat),Zinc oxide 15% oint in simple Ointment,مرهم,15%,,تيوب,تيوب,1,0,1500,1500,1500,1
13-B00-002,zinc oxide oint (SDI),Zinc oxide 15% oint in simple Ointment,مرهم,15%,,تيوب,تيوب,143,0,130000,909.09,130000,1
13-C00-007,lidocain skin oint. (SDI),Lidocaine as base 5% ointment,مرهم,5%,,تيوب,تيوب,1,0,1250,1250,1250,1
13-C00-007,lidocaine - 5% skin oint (Dubai),Lidocaine as base 5% ointment,مرهم,5%,,تيوب,تيوب,1,0,1500,1500,1500,1
13-C00-007,Lidocan-K - 5% ointment (Al_kindi),Lidocaine as base 5% ointment,مرهم,5%,,تيوب,تيوب,1,0,1500,1500,1500,1
13-C00-007,lidocyn - ointment (MDI),Lidocaine as base 5% ointment,مرهم,5%,,تيوب,تيوب,1,0,1750,1750,1750,1
13-C00-007,Lidocaine 5% (Julphar),Lidocaine as base 5% ointment,مرهم,5%,,تيوب,تيوب,1,0,1750,1750,1750,1
13-C00-007,Lidocaine oint. (Julphar),Lidocaine as base 5% ointment,مرهم,5%,,تيوب,تيوب,1,0,1750,1750,1750,1
13-C00-007,Lignocain Awa oint. 5% (Awamedica),Lidocaine as base 5% ointment,مرهم,5%,,تيوب,تيوب,1,0,2000,2000,2000,1
13-C00-007,Lidocaine oint. (Julphar),Lidocaine as base 5% ointment,مرهم,5%,,تيوب,تيوب,1,0,2750,2750,2750,1
13-C00-002,dermocal - (SDI),Calamine 8% or 10% +Glycerin 10%+Camphor 0.1% Lotion or solution,كريم,8%,,تيوب,تيوب,1,0,1000,1000,1000,1
13-C00-002,Dudermocalm cream (Dubai),Calamine 8% or 10% +Glycerin 10%+Camphor 0.1% Lotion or solution,كريم,8%,,تيوب,تيوب,1,0,1000,1000,1000,1
13-C00-002,DERMOCALIN - cream (WadiAlrafidain),Calamine 8% or 10% +Glycerin 10%+Camphor 0.1% Lotion or solution,كريم,8%,,تيوب,تيوب,1,0,1000,1000,1000,1
13-D00-038,AS-HYDROCORTISON 1% (Aswar alkhalej),Hydrocortisone acetate 1% Cream,كريم,1%,,تيوب,تيوب,1,0,1250,1250,1250,1
13-D00-038,HYDROSONE 1% (Dubai),Hydrocortisone acetate 1% Cream,كريم,1%,,تيوب,تيوب,1,0,1250,1250,1250,1
13-D00-038,HYDROCORTISONE-MDI,Hydrocortisone acetate 1% Cream,كريم,1%,,تيوب,تيوب,1,0,1500,1500,1500,1
13-D00-038,HYDROCORTONE 1% skin cream (SDI),Hydrocortisone acetate 1% Cream,كريم,1%,,تيوب,تيوب,1,0,1500,1500,1500,1
13-D00-038,hydrocort cream 15gm (API),Hydrocortisone acetate 1% Cream,كريم,15gm,,تيوب,تيوب,1,0,1750,1750,1750,1
13-D00-038,Alfacort 1% cream (Julphar),Hydrocortisone acetate 1% Cream,كريم,1%,,تيوب,تيوب,1,0,2750,2750,2750,1
13-D00-038,alfacort cream (Julphar),Hydrocortisone acetate 1% Cream,كريم,1%,,تيوب,تيوب,1,0,4000,4000,4000,1
13-D00-016,Dermobeem (Aswar alkhalej),Clobetasol propionate 0.05% Ointment,مرهم,0.05%,,تيوب,تيوب,1,0,1000,1000,1000,1
13-D00-016,DERMOSAM (Dubai),Clobetasol propionate 0.05% Ointment,مرهم,0.05%,,تيوب,تيوب,1,0,1000,1000,1000,1
13-D00-016,DORMADIEM oint (Dijla),Clobetasol propionate 0.05% Ointment,مرهم,0.05%,,تيوب,تيوب,1,0,1250,1250,1250,1
13-D00-016,MDI DERMODEM,Clobetasol propionate 0.05% Ointment,مرهم,0.05%,,تيوب,تيوب,1,0,1250,1250,1250,1
13-D00-016,Clobetasol 0.05% top oint. (Darou pakhsh),Clobetasol propionate 0.05% Ointment,مرهم,0.05%,,تيوب,تيوب,1,0,1500,1500,1500,1
13-D00-016,Dermoyat (Al hayat),Clobetasol propionate 0.05% Ointment,مرهم,0.05%,,تيوب,تيوب,1,0,1500,1500,1500,1
13-D00-016,dermatazol oint. (Al_kindi),Clobetasol propionate 0.05% Ointment,مرهم,0.05%,,تيوب,تيوب,1,0,1500,1500,1500,1
13-D00-016,DERMATOZOL ointment (Al_kindi),Clobetasol propionate 0.05% Ointment,مرهم,0.05%,,تيوب,تيوب,1,0,1500,1500,1500,1
13-D00-016,DERMODAD (WadiAlrafidain),Clobetasol propionate 0.05% Ointment,مرهم,0.05%,,تيوب,تيوب,1,0,1500,1500,1500,1
13-D00-016,Dermodin oint. (SDI),Clobetasol propionate 0.05% Ointment,مرهم,0.05%,,تيوب,تيوب,1,0,1500,1500,1500,1
13-D00-016,Gamavate oint (Julphar),Clobetasol propionate 0.05% Ointment,مرهم,0.05%,,تيوب,تيوب,1,0,2000,2000,2000,1
13-D00-016,Dermoheal ointment (Sama Alfayhaa),Clobetasol propionate 0.05% Ointment,مرهم,0.05%,,تيوب,تيوب,1,0,2000,2000,2000,1
13-D00-016,domivat oint (Domina),Clobetasol propionate 0.05% Ointment,مرهم,0.05%,,تيوب,تيوب,1,0,2750,2750,2750,1
13-D00-016,promax ointment 0.05% w/w (.Jamjoom ph),Clobetasol propionate 0.05% Ointment,مرهم,0.05%,,تيوب,تيوب,1,0,3500,3500,3500,1
13-D00-044,DuNyslacort oint (Dubai),Triamcinolone acetonide 0.1% + Gramicidin 0.025%+ Neomycin as sulphate 0.25%Ξ 3.8mg + Nystatin 100000 units/1g Ointment,مرهم,0.10%,,تيوب,تيوب,1,0,1500,1500,1500,1
13-D00-044,HYASCORT (Al hayat),Triamcinolone acetonide 0.1% + Gramicidin 0.025%+ Neomycin as sulphate 0.25%Ξ 3.8mg + Nystatin 100000 units/1g Ointment,مرهم,0.10%,,تيوب,تيوب,1,0,1750,1750,1750,1
13-D00-044,NestaComb (Al_kindi),Triamcinolone acetonide 0.1% + Gramicidin 0.025%+ Neomycin as sulphate 0.25%Ξ 3.8mg + Nystatin 100000 units/1g Ointment,مرهم,0.10%,,تيوب,تيوب,1,0,1750,1750,1750,1
13-D00-044,NOSTOCOM (Aswar alkhalej),Triamcinolone acetonide 0.1% + Gramicidin 0.025%+ Neomycin as sulphate 0.25%Ξ 3.8mg + Nystatin 100000 units/1g Ointment,مرهم,0.10%,,تيوب,تيوب,1,0,1750,1750,1750,1
13-D00-044,Panderm oint. 15gm (Julphar),Triamcinolone acetonide 0.1% + Gramicidin 0.025%+ Neomycin as sulphate 0.25%Ξ 3.8mg + Nystatin 100000 units/1g Ointment,مرهم,15gm,,تيوب,تيوب,1,0,2000,2000,2000,1
13-D00-044,Nystamid plus-MDI oint,Triamcinolone acetonide 0.1% + Gramicidin 0.025%+ Neomycin as sulphate 0.25%Ξ 3.8mg + Nystatin 100000 units/1g Ointment,مرهم,0.10%,,تيوب,تيوب,1,0,2250,2250,2250,1
13-D00-044,Nystamid plus-MDI oint,Triamcinolone acetonide 0.1% + Gramicidin 0.025%+ Neomycin as sulphate 0.25%Ξ 3.8mg + Nystatin 100000 units/1g Ointment,مرهم,0.10%,,تيوب,تيوب,1,0,79000,79000,79000,1
15-B00-092,Tacrus ointment (Pella pharmaceuticals),Tacrolimus (as monohydrate) 0.1% ointment,مرهم,0.10%,,تيوب,تيوب,1,0,11500,11500,11500,1
15-B00-092,atopic oint. 0.1% (Philadelphia),Tacrolimus (as monohydrate) 0.1% ointment,مرهم,0.10%,,تيوب,تيوب,1,0,15250,15250,15250,1
15-B00-092,Tacrus - 30g Ointment (Pella pharmaceuticals),Tacrolimus (as monohydrate) 0.1% ointment,مرهم,30g,,تيوب,تيوب,1,0,30500,30500,30500,1
15-B00-092,protopic 0.1% oint. (Leo labrotaries),Tacrolimus (as monohydrate) 0.1% ointment,مرهم,0.10%,,تيوب,تيوب,1,0,48000,48000,48000,1
15-B00-092,Xeractan 10mg cap (Jazeera pharma),Tacrolimus (as monohydrate) 0.1% ointment,كبسول,10mg,,علبة,شريط,3,0,15250,5083.33,15250,1
15-B00-092,Oratane - 10mg cap (Swiss caps AG),Tacrolimus (as monohydrate) 0.1% ointment,كبسول,10mg,,علبة,شريط,2,0,23000,11500,23000,1
13-F00-006,Ruatine 20mg S.G.cap (UPM),Isotretinoin 20mg,كبسول,20mg,,علبة,شريط,3,0,19750,6583.33,19750,1
13-F00-006,Xeractan 20mg. Soft gelatin capsule (Jazeera pharma),Isotretinoin 20mg,كبسول,20mg,,علبة,شريط,3,0,26750,8916.67,26750,1
13-F00-006,Oratane 20mg soft gelatin cap (Swiss caps AG),Isotretinoin 20mg,كبسول,20mg,,علبة,شريط,3,0,33000,11000,33000,1
13-F00-010,Retinoid 0.025 (Domina),Tretinoin (Retinoic Acid) 0.025% Cream,كريم,0.03%,,تيوب,تيوب,1,0,3750,3750,3750,1
13-F00-010,ACNE-OFF 0.025% (Sama Alfayhaa),Tretinoin (Retinoic Acid) 0.025% Cream,كريم,0.03%,,تيوب,تيوب,1,0,3750,3750,3750,1
13-F00-010,Acnederm 0.025% (Al hayat),Tretinoin (Retinoic Acid) 0.025% Cream,كريم,0.03%,,تيوب,تيوب,1,0,4000,4000,4000,1
13-F00-010,Acretin0.025% cream (.Jamjoom ph),Tretinoin (Retinoic Acid) 0.025% Cream,كريم,0.03%,,تيوب,تيوب,1,0,4750,4750,4750,1
13-F00-010,Acne-off 0.025% (Sama Alfayhaa),Tretinoin (Retinoic Acid) 0.025% Cream,كريم,0.03%,,تيوب,تيوب,88,0,159000,1806.82,159000,1
13-G00-004,dalamycin solu. (Domina),Clindamycin as phosphate 1% topical Solution.,محلول,1%,,عبوة,عبوة,1,0,3750,3750,3750,1
13-G00-004,clinaderm 1% Topical Sol. (Philadelphia),Clindamycin as phosphate 1% topical Solution.,محلول,1%,,عبوة,عبوة,1,0,3750,3750,3750,1
13-G00-004,Clindamycin (Al safa),Clindamycin as phosphate 1% topical Solution.,محلول,1%,,عبوة,عبوة,1,0,4250,4250,4250,1
13-G00-004,Medacin T topical solution (Medpharma),Clindamycin as phosphate 1% topical Solution.,محلول,1%,,عبوة,عبوة,1,0,5500,5500,5500,1
13-G00-004,avocin 1%topical solution (Middle east(avalon pharma)),Clindamycin as phosphate 1% topical Solution.,محلول,1%,,عبوة,عبوة,1,0,5500,5500,5500,1
13-G00-004,Derma – T Topical Solution 30ml l (Tabuk pharma),Clindamycin as phosphate 1% topical Solution.,محلول,30ml,,عبوة,عبوة,1,0,5500,5500,5500,1
13-G00-004,Arfarel 1%w/v 30ml solution for external use (Iasis pharmaceutical hellas),Clindamycin as phosphate 1% topical Solution.,محلول,1%,,عبوة,عبوة,1,0,5750,5750,5750,1
13-G00-004,Medacin T gel (Medpharma),Clindamycin as phosphate 1% topical Solution.,محلول,1%,,عبوة,عبوة,1,0,5750,5750,5750,1
13-G00-004,Clinimycin T 10mg/ml solution (Hayat pharma.Ind.Co),Clindamycin as phosphate 1% topical Solution.,محلول,10mg,,عبوة,عبوة,1,0,5750,5750,5750,1
13-G00-004,Clindacin gel 1% (UPM),Clindamycin as phosphate 1% topical Solution.,محلول,1%,,عبوة,عبوة,1,0,5750,5750,5750,1
13-G00-004,Clindacin - T - topical solution (UPM),Clindamycin as phosphate 1% topical Solution.,محلول,1%,,عبوة,عبوة,1,0,6250,6250,6250,1
13-G00-004,Edason cutaneous Sol. (HELP),Clindamycin as phosphate 1% topical Solution.,محلول,1%,,عبوة,عبوة,1,0,6750,6750,6750,1
13-G00-004,Linda topical sol (API),Clindamycin as phosphate 1% topical Solution.,محلول,1%,,عبوة,عبوة,1,0,7250,7250,7250,1
13-G00-016,AS-Fuciden (Aswar alkhalej),Sodium fusidate 2% cream,كريم,2%,,تيوب,تيوب,1,0,1250,1250,1250,1
13-G00-016,Fuocidad (WadiAlrafidain),Sodium fusidate 2% cream,كريم,2%,,تيوب,تيوب,1,0,1750,1750,1750,1
13-G00-016,FUCIDIC ACID cream (Dijla),Sodium fusidate 2% cream,كريم,2%,,تيوب,تيوب,1,0,2000,2000,2000,1
13-G00-016,Hucidin 2% (Al hayat),Sodium fusidate 2% cream,كريم,2%,,تيوب,تيوب,1,0,2250,2250,2250,1
13-G00-016,fucisam cream 2% (SDI),Sodium fusidate 2% cream,كريم,2%,,تيوب,تيوب,1,0,2500,2500,2500,1
13-G00-016,dermofucin skin crea - (API),Sodium fusidate 2% cream,كريم,2%,,تيوب,تيوب,1,0,2500,2500,2500,1
13-G00-016,Afusidic 2% dermal cream (Opalia),Sodium fusidate 2% cream,كريم,2%,,تيوب,تيوب,1,0,2500,2500,2500,1
13-G00-016,Fusicure 2% (Sama Alfayhaa),Sodium fusidate 2% cream,كريم,2%,,تيوب,تيوب,1,0,3000,3000,3000,1
13-G00-016,newsen cream (Al Gadeed),Sodium fusidate 2% cream,كريم,2%,,تيوب,تيوب,1,0,3000,3000,3000,1
13-G00-016,fucidel topical cream (Delta Pharma),Sodium fusidate 2% cream,كريم,2%,,تيوب,تيوب,1,0,3000,3000,3000,1
13-G00-016,Futasole 2% Cream (Julphar),Sodium fusidate 2% cream,كريم,2%,,تيوب,تيوب,1,0,3500,3500,3500,1
13-G00-016,fucedex cream 2% (Domina),Sodium fusidate 2% cream,كريم,2%,,تيوب,تيوب,1,0,3500,3500,3500,1
13-G00-016,Fusibact 2% Cream (.Jamjoom ph),Sodium fusidate 2% cream,كريم,2%,,تيوب,تيوب,1,0,3750,3750,3750,1
13-G00-016,tiremix 2% cream (HUMANIS SAGLIK ANONIM SIRKETI/Turkey),Sodium fusidate 2% cream,كريم,2%,,تيوب,تيوب,1,0,4000,4000,4000,1
13-G00-016,fusidic acid topical cream (EGPI),Sodium fusidate 2% cream,كريم,2%,,تيوب,تيوب,1,0,4000,4000,4000,1
13-G00-016,dermofucin skin crea - (API),Sodium fusidate 2% cream,كريم,2%,,تيوب,تيوب,1,0,4500,4500,4500,1
13-G00-016,fucidin 2% cream (Leo labrotaries),Sodium fusidate 2% cream,كريم,2%,,تيوب,تيوب,1,0,6750,6750,6750,1
13-G00-015,As-Flamozeen cream (Aswar alkhalej),Silver sulphadiazine 1% Cream,كريم,1%,,تيوب,تيوب,1,0,1000,1000,1000,1
13-G00-015,AS-Diazine (Aswar alkhalej),Silver sulphadiazine 1% Cream,كريم,1%,,تيوب,تيوب,1,0,1250,1250,1250,1
13-G00-015,FLAMOZEEN-D cream (Dijla),Silver sulphadiazine 1% Cream,كريم,1%,,تيوب,تيوب,1,0,1750,1750,1750,1
13-G00-015,Silfazin (Sama Alfayhaa),Silver sulphadiazine 1% Cream,كريم,1%,,تيوب,تيوب,1,0,1750,1750,1750,1
13-G00-015,SILVAZIN 1% (Al_kindi),Silver sulphadiazine 1% Cream,كريم,1%,,تيوب,تيوب,1,0,1750,1750,1750,1
13-G00-015,flamaziburn cream (Dubai),Silver sulphadiazine 1% Cream,كريم,1%,,تيوب,تيوب,1,0,1750,1750,1750,1
13-G00-015,silvazin 1% cream (Al_kindi),Silver sulphadiazine 1% Cream,كريم,1%,,تيوب,تيوب,1,0,2000,2000,2000,1
13-G00-015,HAMAZINE 1% (Al hayat),Silver sulphadiazine 1% Cream,كريم,1%,,تيوب,تيوب,1,0,2250,2250,2250,1
13-G00-015,Flamadain (WadiAlrafidain),Silver sulphadiazine 1% Cream,كريم,1%,,تيوب,تيوب,1,0,2250,2250,2250,1
13-G00-015,floumizin cream (Domina),Silver sulphadiazine 1% Cream,كريم,1%,,تيوب,تيوب,1,0,2250,2250,2250,1
13-G00-015,Silver cream MDI 1%,Silver sulphadiazine 1% Cream,كريم,1%,,تيوب,تيوب,1,0,2500,2500,2500,1
13-G00-015,awasilvadin - 1% cream (Awamedica),Silver sulphadiazine 1% Cream,كريم,1%,,تيوب,تيوب,1,0,2500,2500,2500,1
13-G00-015,HAMAZINE 1% (Al hayat),Silver sulphadiazine 1% Cream,كريم,1%,,تيوب,تيوب,1,0,3500,3500,3500,1
13-G00-015,silvadiazin 1% cream (Julphar),Silver sulphadiazine 1% Cream,كريم,1%,,تيوب,تيوب,1,0,3500,3500,3500,1
13-G00-015,floumizin cream (Domina),Silver sulphadiazine 1% Cream,كريم,1%,,تيوب,تيوب,1,0,3500,3500,3500,1
13-G00-015,Flamazine cream (Riyadhpharma),Silver sulphadiazine 1% Cream,كريم,1%,,تيوب,تيوب,1,0,6000,6000,6000,1
13-G00-015,HYLOZA (Sama Alfayhaa),Silver sulphadiazine 1% Cream,كريم,1%,,تيوب,تيوب,1,0,13000,13000,13000,1
13-H00-012,povimel 7.5% surgical scrub (Middle east),"Povidone iodine 7.5% solution (Surgical scrub)according to USP , BP",محلول,7.50%,,عبوة,عبوة,1,0,1250,1250,1250,1
13-H00-012,povidone iodine kindi solution 7.5% (Al_kindi),"Povidone iodine 7.5% solution (Surgical scrub)according to USP , BP",محلول,7.50%,,عبوة,عبوة,1,0,1250,1250,1250,1
13-H00-012,povimel 7.5% solu. (Middle east),"Povidone iodine 7.5% solution (Surgical scrub)according to USP , BP",محلول,7.50%,,عبوة,عبوة,1,0,5750,5750,5750,1
13-H00-012,Povimel 7.5% surgical scrub (Middle east),"Povidone iodine 7.5% solution (Surgical scrub)according to USP , BP",محلول,7.50%,,عبوة,عبوة,1,0,10000,10000,10000,1
13-H00-012,povidone iodine 7.5% surgical secrap for hand and skin (National health factory),"Povidone iodine 7.5% solution (Surgical scrub)according to USP , BP",محلول,7.50%,,عبوة,عبوة,1,0,12250,12250,12250,1
13-H00-012,povidone iodine kindi (Al_kindi),"Povidone iodine 7.5% solution (Surgical scrub)according to USP , BP",محلول,7.50%,,عبوة,عبوة,1,0,12250,12250,12250,1
13-H00-012,povidone iodine 7.5% (National health factory),"Povidone iodine 7.5% solution (Surgical scrub)according to USP , BP",محلول,7.50%,,عبوة,عبوة,1,0,13250,13250,13250,1
13-J00-001,Novirax cream 5% (Zynova),Acyclovir 5% Cream,كريم,5%,,تيوب,تيوب,1,0,2000,2000,2000,1
13-J00-001,imavir skin cream (API),Acyclovir 5% Cream,كريم,5%,,تيوب,تيوب,1,0,2250,2250,2250,1
13-J00-001,Lovrak cream 10 gm (Julphar),Acyclovir 5% Cream,كريم,10 gm,,تيوب,تيوب,1,0,2750,2750,2750,1
13-J00-001,VIRADERM 5% (Sama Alfayhaa),Acyclovir 5% Cream,كريم,5%,,تيوب,تيوب,1,0,4000,4000,4000,1
13-J00-001,CYCLOVIRIN CREAM (WadiAlrafidain),Acyclovir 5% Cream,كريم,5%,,تيوب,تيوب,1,0,4000,4000,4000,1
13-J00-001,Acic cream 5% (50mg/gm) (Hexal),Acyclovir 5% Cream,كريم,5%,,تيوب,تيوب,1,0,5250,5250,5250,1
13-J00-001,imavir skin cream (API),Acyclovir 5% Cream,كريم,5%,,تيوب,تيوب,1,0,5500,5500,5500,1
13-K00-006,Permethrin - Cream 5%w/w (Brawn lab.),Permethrin dermal 5% cream,كريم,5%,,تيوب,تيوب,1,0,2000,2000,2000,1
13-K00-006,Permerx 5% cream (Sama Alfayhaa),Permethrin dermal 5% cream,كريم,5%,,تيوب,تيوب,1,0,2500,2500,2500,1
13-K00-006,perme RX 5%cream (Sama Alfayhaa),Permethrin dermal 5% cream,كريم,5%,,تيوب,تيوب,117,0,203000,1735.04,203000,1
13-K00-006,Perme RX 5% cream (Sama Alfayhaa),Permethrin dermal 5% cream,كريم,5%,,تيوب,تيوب,88,0,239000,2715.91,239000,1
14-AA0-036,KETAMINE 50 mg / ml.solution for injection IV & IM. (ROTEXMEDICA),"Ketamine (as Hydrochloride) 50mg/ml, (10ml) Vial or ampoule I.V ,I.M",فيال,50 mg,,علبة,فيال,1,0,6500,6500,6500,1
14-AA0-036,ketamine hcl - VIAL (Pan pharma),"Ketamine (as Hydrochloride) 50mg/ml, (10ml) Vial or ampoule I.V ,I.M",فيال,50mg,,علبة,فيال,1,0,6500,6500,6500,1
14-AA0-036,Calypsol inj. (Gedeon Richter),"Ketamine (as Hydrochloride) 50mg/ml, (10ml) Vial or ampoule I.V ,I.M",أمبول,50mg,,علبة,أمبولة,5,0,19000,3800,19000,1
14-AA0-036,Ketamin-hameln inj. (Hamlen),"Ketamine (as Hydrochloride) 50mg/ml, (10ml) Vial or ampoule I.V ,I.M",فيال,50mg,,علبة,فيال,10,0,37000,3700,37000,1
14-AA0-036,kanox inj. (Duo Pharma),"Ketamine (as Hydrochloride) 50mg/ml, (10ml) Vial or ampoule I.V ,I.M",أمبول,50mg,,علبة,أمبولة,25,0,106000,4240,106000,1
14-AA0-036,KETAMINE - 50mg/ml IV & IM. inj (Pan pharma),"Ketamine (as Hydrochloride) 50mg/ml, (10ml) Vial or ampoule I.V ,I.M",فيال,50mg,,علبة,فيال,25,0,106000,4240,106000,1
14-AA0-036,KETAMINE 50 mg / ml.solution for injection IV & IM. (ROTEXMEDICA),"Ketamine (as Hydrochloride) 50mg/ml, (10ml) Vial or ampoule I.V ,I.M",فيال,50 mg,,علبة,فيال,25,0,106000,4240,106000,1
14-AA0-043,Provive 1% Sol. For inj. (Claris),Propofol 1% Propofol 10 mg/1 ml (20ml) ampoule for slow IV injection or infusion,أمبول,1%,,علبة,أمبولة,5,0,10500,2100,10500,1
14-AA0-043,Propofol -PF 1% (200 mg /20ml) Emulsion for IV inj / infusion. (Polifarma ilac san/ turkey),Propofol 1% Propofol 10 mg/1 ml (20ml) ampoule for slow IV injection or infusion,أمبول,1%,,علبة,أمبولة,5,0,18750,3750,18750,1
14-AA0-043,propofol-lipuro10mg/ml inj. i.v (B.Brawn),Propofol 1% Propofol 10 mg/1 ml (20ml) ampoule for slow IV injection or infusion,أمبول,10mg,,علبة,أمبولة,5,0,21500,4300,21500,1
14-AA0-043,recofol EDTA emulsion for inj. Or inf. (Corden pharma Gmbh),Propofol 1% Propofol 10 mg/1 ml (20ml) ampoule for slow IV injection or infusion,أمبول,1%,,علبة,أمبولة,5,0,23500,4700,23500,1
14-AA0-043,Diprivan 1% emulsion for inj (Corden pharma Gmbh),Propofol 1% Propofol 10 mg/1 ml (20ml) ampoule for slow IV injection or infusion,أمبول,1%,,علبة,أمبولة,5,0,57000,11400,57000,1
14-AB0-009,Floran Inhalation sol. (Hikma),Isoflurane 1 ml per 1 ml volatile liquid for inhalation vapour 100 ml bottle,محلول,1 ml,,عبوة,عبوة,1,0,16000,16000,16000,1
14-AB0-009,Terrell inhalation anesthetic (Piramal),Isoflurane 1 ml per 1 ml volatile liquid for inhalation vapour 100 ml bottle,محلول,1 ml,,عبوة,عبوة,1,0,30500,30500,30500,1
14-AB0-009,Aerrane inhalation anaesthesia (Baxter Healthcare corporation Guayama),Isoflurane 1 ml per 1 ml volatile liquid for inhalation vapour 100 ml bottle,محلول,1 ml,,عبوة,عبوة,1,0,33250,33250,33250,1
14-AB0-011,Sevoflurane 100% inhalation anesthetic (Shanghai hengrui pharma. co.Ltd),sevoflurane 1 ml per 1 ml volatile liquid for inhalation vapour bottle,محلول,100%,,عبوة,عبوة,1,0,94000,94000,94000,1
14-AB0-011,Haluran inhalation liquid (Tabuk pharma),sevoflurane 1 ml per 1 ml volatile liquid for inhalation vapour bottle,محلول,1 ml,,عبوة,عبوة,1,0,115000,115000,115000,1
14-AB0-011,Sojourn inhalation anesthetic (Piramal),sevoflurane 1 ml per 1 ml volatile liquid for inhalation vapour bottle,محلول,1 ml,,عبوة,عبوة,1,0,134000,134000,134000,1
14-AB0-011,Sevoflurane - inhalation anesthetic (Baxter Healthcare corporation Guayama),sevoflurane 1 ml per 1 ml volatile liquid for inhalation vapour bottle,محلول,1 ml,,عبوة,عبوة,1,0,201000,201000,201000,1
14-AB0-011,Sevoflurane pen bottle (Aesica Queen borough Ltd),sevoflurane 1 ml per 1 ml volatile liquid for inhalation vapour bottle,محلول,1 ml,,عبوة,عبوة,1,0,237000,237000,237000,1
14-AC0-008,RASACURIUM2.5 ml vial (Rasan),Atracurium besilate 10mg/ml (5ml) Ampoule IV,فيال,2.5 ml,,علبة,فيال,1,0,2500,2500,2500,1
14-AC0-008,atracurium medis 50mg vial (Les Lab. Medis),Atracurium besilate 10mg/ml (5ml) Ampoule IV,فيال,50mg,,علبة,فيال,1,0,4500,4500,4500,1
14-AC0-008,RASACURIUM 5 ml VIAL (Rasan),Atracurium besilate 10mg/ml (5ml) Ampoule IV,فيال,5 ml,,علبة,فيال,5,0,4750,950,4750,1
14-AC0-008,anecur 50mg/5ml amp i.v inj (Aburaihan),Atracurium besilate 10mg/ml (5ml) Ampoule IV,أمبول,50mg,,علبة,أمبولة,5,0,11500,2300,11500,1
14-AC0-008,Atracural 10mg/ml (Alborz Darou),Atracurium besilate 10mg/ml (5ml) Ampoule IV,أمبول,10mg,,علبة,أمبولة,5,0,14500,2900,14500,1
14-AC0-008,Atracurium-hameln in - (Hamlen),Atracurium besilate 10mg/ml (5ml) Ampoule IV,أمبول,10mg,,علبة,أمبولة,5,0,17750,3550,17750,1
14-AC0-008,Atraneer 10mg/ml amp (Pioneer),Atracurium besilate 10mg/ml (5ml) Ampoule IV,أمبول,10mg,,علبة,أمبولة,5,0,22000,4400,22000,1
14-AC0-008,Salocan (Tabuk pharma),Atracurium besilate 10mg/ml (5ml) Ampoule IV,أمبول,10mg,,علبة,أمبولة,5,0,23000,4600,23000,1
14-AC0-008,retalex 50mg/5ml inj (Mspharma),Atracurium besilate 10mg/ml (5ml) Ampoule IV,فيال,50mg,,علبة,فيال,5,0,25500,5100,25500,1
14-AC0-008,Tracar 50 mg/5 ml (Diamond),Atracurium besilate 10mg/ml (5ml) Ampoule IV,أمبول,50 mg,,علبة,أمبولة,10,0,25500,2550,25500,1
14-AC0-008,Atracurium-Hameln,Atracurium besilate 10mg/ml (5ml) Ampoule IV,أمبول,10mg,,علبة,أمبولة,5,0,28000,5600,28000,1
14-AC0-008,Atracurium-Labatec 50/5ml inj. (Hikma Farmaceutica/Portugal),Atracurium besilate 10mg/ml (5ml) Ampoule IV,أمبول,5ml,,علبة,أمبولة,5,0,28000,5600,28000,1
14-AC0-008,atacure 50mg/5ml (Hikma),Atracurium besilate 10mg/ml (5ml) Ampoule IV,أمبول,50mg,,علبة,أمبولة,5,0,28000,5600,28000,1
14-AC0-008,Atracurium-hameln in - (Hamlen),Atracurium besilate 10mg/ml (5ml) Ampoule IV,أمبول,10mg,,علبة,أمبولة,10,0,35500,3550,35500,1
14-AC0-008,Atracurium-hameln in - (Hamlen),Atracurium besilate 10mg/ml (5ml) Ampoule IV,أمبول,10mg,,علبة,أمبولة,10,0,50000,5000,50000,1
14-AC0-008,atracurium medis 50mg vial (Les Lab. Medis),Atracurium besilate 10mg/ml (5ml) Ampoule IV,فيال,50mg,,علبة,فيال,50,0,144000,2880,144000,1
14-AC0-011,ROCURAL injection (.KWALITY PHARMA),Rocuronium bromide 10mg/ml (5ml) Vial IV,فيال,10mg,,علبة,فيال,1,0,3000,3000,3000,1
14-AC0-011,RASARON 50mg/5ml Injection (Rasan),Rocuronium bromide 10mg/ml (5ml) Vial IV,فيال,50mg,,علبة,فيال,1,0,4500,4500,4500,1
14-AC0-011,Myocron (VEM llac San),Rocuronium bromide 10mg/ml (5ml) Vial IV,فيال,10mg,,علبة,فيال,1,0,6000,6000,6000,1
14-AC0-011,ROCUNEER 10mg/ml amp (Pioneer),Rocuronium bromide 10mg/ml (5ml) Vial IV,أمبول,10mg,,علبة,أمبولة,5,0,26000,5200,26000,1
14-AC0-011,RASARON 50mg/5ml Injection (Rasan),Rocuronium bromide 10mg/ml (5ml) Vial IV,فيال,50mg,,علبة,فيال,10,0,38000,3800,38000,1
14-AC0-011,rimexa 50mg/5ml sol. For i.v inj (MS pharma),Rocuronium bromide 10mg/ml (5ml) Vial IV,فيال,50mg,,علبة,فيال,10,0,46000,4600,46000,1
14-AC0-011,Rucoron 50mg/5ml solu. (Hikma Farma),Rocuronium bromide 10mg/ml (5ml) Vial IV,فيال,50mg,,علبة,فيال,10,0,57000,5700,57000,1
14-AC0-011,Rocuronium - hameln - 10mg/ml,Rocuronium bromide 10mg/ml (5ml) Vial IV,فيال,10mg,,علبة,فيال,10,0,59000,5900,59000,1
14-AC0-011,Rocalm 10mg/ml (Hikma),Rocuronium bromide 10mg/ml (5ml) Vial IV,فيال,10mg,,علبة,فيال,10,0,63000,6300,63000,1
14-AC0-011,Rocuronium - hameln - 10mg/ml (Hamlen),Rocuronium bromide 10mg/ml (5ml) Vial IV,فيال,10mg,,علبة,فيال,10,0,84000,8400,84000,1
14-AC0-011,"Esmeron vial 10mg/ml (N.V. Organon ,oss)",Rocuronium bromide 10mg/ml (5ml) Vial IV,فيال,10mg,,علبة,فيال,10,0,98000,9800,98000,1
14-AC0-011,biomadex 100mg/ml amp (Pioneer),Rocuronium bromide 10mg/ml (5ml) Vial IV,أمبول,100mg,,علبة,أمبولة,5,0,297000,59400,297000,1
14-AC0-011,sumadix 200mg/2ml vial (MS pharma),Rocuronium bromide 10mg/ml (5ml) Vial IV,فيال,200mg,,علبة,فيال,10,0,385000,38500,385000,1
14-AC0-011,sugammadex anfarm i.v inj. (Anfarm hellas S.A),Rocuronium bromide 10mg/ml (5ml) Vial IV,حقن,10mg,,علبة,حقنة,10,0,719000,71900,719000,1
14-AC0-011,Bridion 2ml vial (MSD),Rocuronium bromide 10mg/ml (5ml) Vial IV,فيال,2ml,,علبة,فيال,10,0,1231000,123100,1231000,1
14-AD0-029,"talinat 0.5mg/10ml i.m,i.v (VEM llac San)",Fentanyl (as citrate)50mcg/ml ( 2ml) Ampoule,أمبول,0.5mg,,علبة,أمبولة,10,0,8750,875,8750,1
14-AD0-029,"fentaver 0.1mg/2ml inj for i.m, i.v (Osel ilac)",Fentanyl (as citrate)50mcg/ml ( 2ml) Ampoule,أمبول,0.1mg,,علبة,أمبولة,10,0,9250,925,9250,1
14-AD0-029,Talinat 0.1mg/2ml (VEM llac San),Fentanyl (as citrate)50mcg/ml ( 2ml) Ampoule,أمبول,0.1mg,,علبة,أمبولة,10,0,9250,925,9250,1
14-AD0-029,fentanyl citrate 50mg/ml inj. (Martindale),Fentanyl (as citrate)50mcg/ml ( 2ml) Ampoule,أمبول,50mg,,علبة,أمبولة,10,0,11000,1100,11000,1
14-AD0-029,Fentanyl-hameln inj. (2ml) (Hamlen),Fentanyl (as citrate)50mcg/ml ( 2ml) Ampoule,أمبول,2ml,,علبة,أمبولة,10,0,17000,1700,17000,1
14-AD0-029,fentanyl medis 0.5mg/10ml solu. For inj amp (Les Lab. Medis),Fentanyl (as citrate)50mcg/ml ( 2ml) Ampoule,أمبول,0.5mg,,علبة,أمبولة,10,0,18000,1800,18000,1
14-AD0-029,Fentanyl-hameln (Hamlen),Fentanyl (as citrate)50mcg/ml ( 2ml) Ampoule,أمبول,50mcg,,علبة,أمبولة,10,0,37000,3700,37000,1
14-AD0-034,Ketorolac 30mg/ml amp (Alborz Darou),"ketorolac tormetamol 30mg/ml (1ml ampoule) I.V infusion I.M IM, slow I.V injection",أمبول,30mg,,علبة,أمبولة,10,0,7500,750,7500,1
14-AD0-034,ketoneer 30mg/ml inj (Pioneer),"ketorolac tormetamol 30mg/ml (1ml ampoule) I.V infusion I.M IM, slow I.V injection",أمبول,30mg,,علبة,أمبولة,5,0,10500,2100,10500,1
14-AD0-034,monrolac 30 (Diamond),"ketorolac tormetamol 30mg/ml (1ml ampoule) I.V infusion I.M IM, slow I.V injection",أمبول,30mg,,علبة,أمبولة,5,0,10750,2150,10750,1
14-AD0-034,Ketro ampoules (Huons),"ketorolac tormetamol 30mg/ml (1ml ampoule) I.V infusion I.M IM, slow I.V injection",أمبول,30mg,,علبة,أمبولة,10,0,19000,1900,19000,1
14-AD0-034,Ketorolac- vitapure solution for injection (Myungmoon),"ketorolac tormetamol 30mg/ml (1ml ampoule) I.V infusion I.M IM, slow I.V injection",أمبول,30mg,,علبة,أمبولة,10,0,19000,1900,19000,1
14-AD0-034,Ketorolac trometamol (Laboratorios Normon),"ketorolac tormetamol 30mg/ml (1ml ampoule) I.V infusion I.M IM, slow I.V injection",أمبول,30mg,,علبة,أمبولة,100,0,115000,1150,115000,1
14-B00-055,lidocaine-alpha 2% VIAL (ALPHA-Aleppo),"Anhydrous Lidocaine Hydrochloride (20mg/ml) IV or (I.V , I.M ) (50 ml vial)",فيال,2%,,علبة,فيال,1,0,2000,2000,2000,1
14-B00-055,LIDOCAINE-P 2% vial 50ml sterile solution for injection (Pioneer),"Anhydrous Lidocaine Hydrochloride (20mg/ml) IV or (I.V , I.M ) (50 ml vial)",فيال,2%,,علبة,فيال,1,0,2500,2500,2500,1
14-B00-055,rasacaine 2% vial (Rasan),"Anhydrous Lidocaine Hydrochloride (20mg/ml) IV or (I.V , I.M ) (50 ml vial)",فيال,2%,,علبة,فيال,1,0,3000,3000,3000,1
14-B00-055,Lidocaine - 2% solution for inj (Pioneer),"Anhydrous Lidocaine Hydrochloride (20mg/ml) IV or (I.V , I.M ) (50 ml vial)",فيال,2%,,علبة,فيال,1,0,3250,3250,3250,1
14-B00-055,lidocaine Hcl inj (Qatar pharma),"Anhydrous Lidocaine Hydrochloride (20mg/ml) IV or (I.V , I.M ) (50 ml vial)",فيال,20mg,,علبة,فيال,1,0,4500,4500,4500,1
14-B00-055,lignocaine vial 50ml i.m only (Psychotropics),"Anhydrous Lidocaine Hydrochloride (20mg/ml) IV or (I.V , I.M ) (50 ml vial)",فيال,50ml,,علبة,فيال,1,0,4500,4500,4500,1
14-B00-055,lido injection BP 20mg/ml I.M. use (Brussels),"Anhydrous Lidocaine Hydrochloride (20mg/ml) IV or (I.V , I.M ) (50 ml vial)",فيال,20mg,,علبة,فيال,1,0,4500,4500,4500,1
14-B00-055,Lidocain B-Braun 2% (B.Braun melsungen Ag),"Anhydrous Lidocaine Hydrochloride (20mg/ml) IV or (I.V , I.M ) (50 ml vial)",فيال,2%,,علبة,فيال,20,0,17750,887.5,17750,1
14-B00-055,Zylodine 1000mg/50ml (MS pharma),"Anhydrous Lidocaine Hydrochloride (20mg/ml) IV or (I.V , I.M ) (50 ml vial)",فيال,1000mg,,علبة,فيال,25,0,63000,2520,63000,1
07-E00-010,xylogel 2% (Sina Darou lab),Lidocaine Hydrochloride 2% gel,جل,2%,,تيوب,تيوب,1,0,750,750,750,1
07-E00-010,lidocaine 2% topical gel (Al Exandria),Lidocaine Hydrochloride 2% gel,جل,2%,,تيوب,تيوب,1,0,1250,1250,1250,1
07-E00-010,Lidocan-k 2% jelly (Al_kindi),Lidocaine Hydrochloride 2% gel,جل,2%,,تيوب,تيوب,1,0,1500,1500,1500,1
07-E00-010,XYLOCANE 2% (Al hayat),Lidocaine Hydrochloride 2% gel,جل,2%,,تيوب,تيوب,1,0,1500,1500,1500,1
07-E00-010,Lido-RX (Sama Alfayhaa),Lidocaine Hydrochloride 2% gel,جل,2%,,تيوب,تيوب,1,0,2000,2000,2000,1
07-E00-010,Xylophil gel (Philadelphia),Lidocaine Hydrochloride 2% gel,جل,2%,,تيوب,تيوب,1,0,2500,2500,2500,1
07-E00-010,Liocaine 2% gel (Hayat pharma),Lidocaine Hydrochloride 2% gel,جل,2%,,تيوب,تيوب,1,0,5000,5000,5000,1
14-B00-038,betolina spinal heavy 20mg/4ml solu. For spinal inj (MS pharma),Anhydrous Bupivacain Hydrochloride 5mg + glucose( monohydrate or anhydrous) 80mg/ml (4ml ) Vial or Ampoule for spinal anesthesia,فيال,20mg,,علبة,فيال,5,0,13000,2600,13000,1
14-B00-038,Bupivacaine aguettant 5mg/ml for spinal anaesthesia. (Cenexi),Anhydrous Bupivacain Hydrochloride 5mg + glucose( monohydrate or anhydrous) 80mg/ml (4ml ) Vial or Ampoule for spinal anesthesia,أمبول,5mg,,علبة,أمبولة,5,0,23000,4600,23000,1
14-B00-038,bupicaine rachianesthesia 20mg/4ml solu. For inj. (Unimed),Anhydrous Bupivacain Hydrochloride 5mg + glucose( monohydrate or anhydrous) 80mg/ml (4ml ) Vial or Ampoule for spinal anesthesia,أمبول,20mg,,علبة,أمبولة,20,0,46000,2300,46000,1
14-B00-023,Lidocaine 2% (Caspian Tamin),"Lidocaine Hydrochloride 20mg/ml (2%) IV or (I.V , I.M ) (5ml Ampoule)",أمبول,2%,,علبة,أمبولة,5,0,0,0,0,1
14-B00-023,lidocaine inj 2%(20MG/ML) I.V (Strisun drug ltd),"Lidocaine Hydrochloride 20mg/ml (2%) IV or (I.V , I.M ) (5ml Ampoule)",أمبول,2%,,علبة,أمبولة,5,0,0,0,0,1
14-B00-023,Lidocaine 2% sol.for inj (Pioneer),"Lidocaine Hydrochloride 20mg/ml (2%) IV or (I.V , I.M ) (5ml Ampoule)",أمبول,2%,,علبة,أمبولة,1,0,250,250,250,1
14-B00-023,LIDOCAINE 2% - 2% inj. (Pioneer),"Lidocaine Hydrochloride 20mg/ml (2%) IV or (I.V , I.M ) (5ml Ampoule)",أمبول,2%,,علبة,أمبولة,5,0,2000,400,2000,1
14-B00-023,LIDOCAINE 2% (Pioneer),"Lidocaine Hydrochloride 20mg/ml (2%) IV or (I.V , I.M ) (5ml Ampoule)",أمبول,2%,,علبة,أمبولة,50,0,11750,235,11750,1
14-B00-015,"Huons Lidocaine HCl 2% with epinephrine inj. (1:80,000)",Lidocaine Hydrochloride 2% (20 mg/ml) + Epinephrine (as bitartrate) 1: 80000 ( 0.0125 mg / ml) cartridges (1.7- 2.2 ) ml,أمبول,2%,,علبة,أمبولة,1,0,750,750,750,1
14-B00-015,Huons lidocaine Hcl 2% with epinephrine,Lidocaine Hydrochloride 2% (20 mg/ml) + Epinephrine (as bitartrate) 1: 80000 ( 0.0125 mg / ml) cartridges (1.7- 2.2 ) ml,حقن,2%,,علبة,حقنة,50,0,24250,485,24250,1
14-B00-015,HUONS LIDOCAINE HCL 2% with Epinephrine Inj,Lidocaine Hydrochloride 2% (20 mg/ml) + Epinephrine (as bitartrate) 1: 80000 ( 0.0125 mg / ml) cartridges (1.7- 2.2 ) ml,أمبول,2%,,علبة,أمبولة,50,0,24250,485,24250,1
14-B00-015,LIDOCAINE 2% E-80 - plastic cartridge (New Stetic),Lidocaine Hydrochloride 2% (20 mg/ml) + Epinephrine (as bitartrate) 1: 80000 ( 0.0125 mg / ml) cartridges (1.7- 2.2 ) ml,أمبول,2%,,علبة,أمبولة,50,0,25500,510,25500,1
14-B00-015,Lidocaine - 2%E-80 (New Stetic),Lidocaine Hydrochloride 2% (20 mg/ml) + Epinephrine (as bitartrate) 1: 80000 ( 0.0125 mg / ml) cartridges (1.7- 2.2 ) ml,أمبول,2%,,علبة,أمبولة,50,0,28000,560,28000,1
14-B00-015,Persocaine E dental cartridge (Darou-Pakhsh Co.),Lidocaine Hydrochloride 2% (20 mg/ml) + Epinephrine (as bitartrate) 1: 80000 ( 0.0125 mg / ml) cartridges (1.7- 2.2 ) ml,أمبول,2%,,علبة,أمبولة,50,0,28000,560,28000,1
14-B00-015,octocaine 100mg inj. Carpoules (Novocol pharmaceutical of canada),Lidocaine Hydrochloride 2% (20 mg/ml) + Epinephrine (as bitartrate) 1: 80000 ( 0.0125 mg / ml) cartridges (1.7- 2.2 ) ml,أمبول,100mg,,علبة,أمبولة,50,0,44000,880,44000,1
14-B00-040,pass,Lidocaine Hydrochloride 2% ( 1.8 ml ) carpule,pass,2%,,علبة,قطعة,1,0,0,0,0,1
14-B00-044,anhydrous lidocaine hydrochloride 20mg/ml (.KWALITY PHARMA),"Anhydrous lidocaine Hydrochloride 20 mg /ml ( 20 ml vial ) IV or (I.V , I.M )",فيال,20mg,,علبة,فيال,1,0,0,0,0,1
14-B00-044,"Lidocaine HCL Anhydrous 20mg/,ml 2% (.sunny pharma)","Anhydrous lidocaine Hydrochloride 20 mg /ml ( 20 ml vial ) IV or (I.V , I.M )",فيال,20mg,,علبة,فيال,1,0,0,0,0,1
14-DB0-004,adrenal 1mg/ml (Pioneer),"Adrenaline 1mg/ml(1/1000), (1ml.Ampoule) s.c,i.m I.V",أمبول,1mg,,علبة,أمبولة,5,0,10500,2100,10500,1
14-DB0-004,Aronep 1mg/ml (Tabuk pharma),"Adrenaline 1mg/ml(1/1000), (1ml.Ampoule) s.c,i.m I.V",أمبول,1mg,,علبة,أمبولة,10,0,14750,1475,14750,1
14-DB0-004,Adrenaline Osel ampoule For inj. (Osel ilac),"Adrenaline 1mg/ml(1/1000), (1ml.Ampoule) s.c,i.m I.V",أمبول,1mg,,علبة,أمبولة,10,0,17750,1775,17750,1
14-DB0-004,adrenaline aguettant 1mg/ml sol. for inj. (Lab.Aguettant),"Adrenaline 1mg/ml(1/1000), (1ml.Ampoule) s.c,i.m I.V",أمبول,1mg,,علبة,أمبولة,10,0,28000,2800,28000,1
14-DB0-003,ATROLEN 1mg / ml 1ml ampoule for I.M / slow I.V / (Gland pharma),"Atropine sulphate 1mg/ml (1ml ampoule) I.M,I.V,S.C Injection",أمبول,1mg,,علبة,أمبولة,10,0,8750,875,8750,1
14-DB0-003,Atropine sulphate Osel 1mg/1ml im iv sc amp. (Osel ilac),"Atropine sulphate 1mg/ml (1ml ampoule) I.M,I.V,S.C Injection",أمبول,1mg,,علبة,أمبولة,10,0,11250,1125,11250,1
14-DB0-003,"Atropine 1mg/ml IM,IV,SC (Psychotropics)","Atropine sulphate 1mg/ml (1ml ampoule) I.M,I.V,S.C Injection",أمبول,1mg,,علبة,أمبولة,10,0,14500,1450,14500,1
14-DB0-003,Atropine (sulfate) aguettant inj (Lab Aguttant),"Atropine sulphate 1mg/ml (1ml ampoule) I.M,I.V,S.C Injection",أمبول,1mg,,علبة,أمبولة,10,0,15250,1525,15250,1
14-DB0-003,Atropine sulfate monico inj (Monico spa),"Atropine sulphate 1mg/ml (1ml ampoule) I.M,I.V,S.C Injection",أمبول,1mg,,علبة,أمبولة,10,0,15250,1525,15250,1
14-DA0-001,ipnodisMesis 5mg/ml solu.for (Les Lab. Medis),"Midazolam 5mg /ml (1 ml ampoule) I.V., I.M. injection or rectal adminstration",أمبول,5mg,,علبة,أمبولة,10,0,12250,1225,12250,1
14-DA0-001,zolag 5mg/1ml (Mefarilac),"Midazolam 5mg /ml (1 ml ampoule) I.V., I.M. injection or rectal adminstration",أمبول,5mg,,علبة,أمبولة,5,0,13250,2650,13250,1
14-DA0-001,hikma midazolam 5mg/ml (Hikma pharmaceutical 40),"Midazolam 5mg /ml (1 ml ampoule) I.V., I.M. injection or rectal adminstration",أمبول,5mg,,علبة,أمبولة,10,0,13750,1375,13750,1
14-DA0-001,Midazolam-hameln inj - (Hamlen),"Midazolam 5mg /ml (1 ml ampoule) I.V., I.M. injection or rectal adminstration",أمبول,5mg,,علبة,أمبولة,10,0,14500,1450,14500,1
14-DA0-001,Midazolam-hameln inj. (1ml) (Hamlen),"Midazolam 5mg /ml (1 ml ampoule) I.V., I.M. injection or rectal adminstration",أمبول,1ml,,علبة,أمبولة,10,0,23000,2300,23000,1
15-AB0-043,tixota 10mg - pfs (Nano Alvand),Methotrexate 50mg /ml (10mg/0.2 ml),فيال,10mg,,علبة,فيال,1,0,13000,13000,13000,1
15-AB0-043,Methotrexate 50mg/5mlvial (Sandoz (manuf.Ebewe- Austria),Methotrexate 50mg /ml (10mg/0.2 ml),فيال,50mg,,علبة,فيال,1,0,13250,13250,13250,1
15-AB0-043,tixota 15mg - pfs (Nano Alvand),Methotrexate 50mg /ml (10mg/0.2 ml),فيال,15mg,,علبة,فيال,1,0,13750,13750,13750,1
15-AB0-043,tixota 20mg - pfs (Nano Alvand),Methotrexate 50mg /ml (10mg/0.2 ml),فيال,20mg,,علبة,فيال,1,0,16000,16000,16000,1
15-AB0-043,mizotra 50mg/2ml inj (Thymoorgan),Methotrexate 50mg /ml (10mg/0.2 ml),فيال,50mg,,علبة,فيال,10,0,17250,1725,17250,1
15-AB0-043,Metoject - 50mg/ml sol. For inj. (Oncotec),Methotrexate 50mg /ml (10mg/0.2 ml),فيال,50mg,,علبة,فيال,1,0,30500,30500,30500,1
15-AB0-043,Metoject - 50mg/ml sol. For inj. (Oncotec),Methotrexate 50mg /ml (10mg/0.2 ml),فيال,50mg,,علبة,فيال,1,0,34250,34250,34250,1
15-AB0-043,Metoject 50mg/ml - 50mg/ml PFS (Oncotec pharma),Methotrexate 50mg /ml (10mg/0.2 ml),فيال,50mg,,علبة,فيال,1,0,38000,38000,38000,1
15-AB0-043,Metoject 50mg\ml solution for injection PFS (Oncotec),Methotrexate 50mg /ml (10mg/0.2 ml),فيال,50mg,,علبة,فيال,1,0,41000,41000,41000,1
15-AB0-043,"Methotrexate ""ebewe"" 1000mg",Methotrexate 50mg /ml (10mg/0.2 ml),فيال,1000mg,,علبة,فيال,1,0,52000,52000,52000,1
15-AB0-043,Tixota 10mg - pfs (Nano Alvand),Methotrexate 50mg /ml (10mg/0.2 ml),فيال,10mg,,علبة,فيال,5,0,52000,10400,52000,1
15-AB0-043,Tixota 15mg - pfs (Nano Alvand),Methotrexate 50mg /ml (10mg/0.2 ml),فيال,15mg,,علبة,فيال,5,0,56000,11200,56000,1
15-AB0-043,tixota 20mg - pfs (Nano Alvand),Methotrexate 50mg /ml (10mg/0.2 ml),فيال,20mg,,علبة,فيال,5,0,66000,13200,66000,1
15-AB0-010,methotrexate 2.5mg (Remedica),Methotrexate 2.5mg Tablet,حبوب,2.5mg,,علبة,شريط,3,0,5250,1750,5250,1
15-AB0-010,Methotrexate”Ebewe” (Haupt pharma AMAREG GmbH/GERMANY),Methotrexate 2.5mg Tablet,حبوب,2.5mg,,علبة,شريط,50,0,14000,280,14000,1
15-AB0-010,methotrexate 2.5mg (Remedica),Methotrexate 2.5mg Tablet,حبوب,2.5mg,,علبة,شريط,10,0,15250,1525,15250,1
15-AF0-020,"LYO-Drol 500mg/8ml vial i.m,i.v (Vianex)","Methylprednisolone (as sodium succinate or as hemisuccinate )500 mg with solvent ( water for injection with Benzyl alcohol 9mg/ml I.V,I.M injection vial or ampoule",فيال,500mg,,علبة,فيال,1,0,25750,25750,25750,1
15-AG0-014,avomin 1mg tab (Genepharma),Anastrozole 1mg. tablet,حبوب,1mg,,علبة,شريط,4,0,18000,4500,18000,1
15-AG0-014,Anastrozole 1 mg tablet (Intas),Anastrozole 1mg. tablet,حبوب,1 mg,,علبة,شريط,4,0,20000,5000,20000,1
15-AG0-014,anasvitae 1mg Film Coated Tablets (SAG manufacturing),Anastrozole 1mg. tablet,حبوب,1mg,,علبة,شريط,4,0,30750,7687.5,30750,1
15-AG0-014,Anastrozole pharmacare 1mg tablet (Pharmacare premium),Anastrozole 1mg. tablet,حبوب,1mg,,علبة,شريط,3,0,48000,16000,48000,1
15-AG0-015,arimidex 1mg tab (astra zeneca),Anastrozole 1mg. tablet,حبوب,1mg,,علبة,شريط,2,0,73000,36500,73000,1
15-AG0-014,anastrozole tab 1 mg (Sinphar pharmaceutical),Anastrozole 1mg. tablet,حبوب,1 mg,,علبة,شريط,3,0,14500,4833.33,14500,1
15-AG0-014,Anastrozole 1 mg tablet (Onko ilac sanayi),Anastrozole 1mg. tablet,حبوب,1 mg,,علبة,شريط,2,0,20000,10000,20000,1
15-AG0-014,anastrozole neapolis 1mg f.c.tab (Neapolis pharma),Anastrozole 1mg. tablet,حبوب,1mg,,علبة,شريط,3,0,21250,7083.33,21250,1
15-AG0-008,flobex 2.5mg tab (Synthon),Letrozol 2.5mg Tablet,حبوب,2.5mg,,علبة,شريط,3,0,20250,6750,20250,1
15-AG0-008,Letu 2.5mg (onko ilac),Letrozol 2.5mg Tablet,حبوب,2.5mg,,علبة,شريط,3,0,20250,6750,20250,1
15-AG0-008,letoza 2.5mg tab (Sama Alfayhaa),Letrozol 2.5mg Tablet,حبوب,2.5mg,,علبة,شريط,3,0,22500,7500,22500,1
15-AG0-008,letrozole pharmacare - 2.5mg (IPI),Letrozol 2.5mg Tablet,حبوب,2.5mg,,علبة,شريط,3,0,22500,7500,22500,1
15-AG0-008,Letrozole 2.5mg tab (Intas),Letrozol 2.5mg Tablet,حبوب,2.5mg,,علبة,شريط,2,0,24250,12125,24250,1
15-AG0-008,femaplex 2.5 mg tab (Genepharma),Letrozol 2.5mg Tablet,حبوب,2.5 mg,,علبة,شريط,3,0,28000,9333.33,28000,1
15-AG0-008,lefftara 2.5mg tab (APM),Letrozol 2.5mg Tablet,حبوب,2.5mg,,علبة,شريط,3,0,28000,9333.33,28000,1
15-AG0-008,letrozale neopolis 2.5 mg (Neapolis pharma),Letrozol 2.5mg Tablet,حبوب,2.5 mg,,علبة,شريط,3,0,28000,9333.33,28000,1
15-AG0-008,Apo-letrozole 2.5mg tab (APOTEX),Letrozol 2.5mg Tablet,حبوب,2.5mg,,علبة,شريط,3,0,28000,9333.33,28000,1
15-AG0-008,Letrasan - 2.5mg f.c.t (DEVA),Letrozol 2.5mg Tablet,حبوب,2.5mg,,علبة,شريط,3,0,28000,9333.33,28000,1
15-AG0-008,etofem 2.5mg f.c.t (MS pharma),Letrozol 2.5mg Tablet,حبوب,2.5mg,,علبة,شريط,3,0,33000,11000,33000,1
15-AG0-008,letrostar f.c tab 2.5mg (Synthon),Letrozol 2.5mg Tablet,حبوب,2.5mg,,علبة,شريط,3,0,35500,11833.33,35500,1
15-AG0-008,Letro-Denk 2.5 (Haupt Pharma minster),Letrozol 2.5mg Tablet,حبوب,2.5mg,,علبة,شريط,3,0,37000,12333.33,37000,1
15-AG0-008,Letrozole Pharmacare 2.5mg tab (Pharmacare premium),Letrozol 2.5mg Tablet,حبوب,2.5mg,,علبة,شريط,3,0,41000,13666.67,41000,1
15-AG0-008,Letrozle Tablets 2.5mg (Sinphar pharmaceutical),Letrozol 2.5mg Tablet,حبوب,2.5mg,,علبة,شريط,10,0,65000,6500,65000,1
15-B00-001,Imuran 50mg tab (Excello GmbH),Azathioprine 50mg Tablet,حبوب,50mg,,علبة,شريط,5,0,49000,9800,49000,1
15-B00-024,Rolitac - 1mg cap (Lek pharma),Tacrolimus 1mg Capsule,كبسول,1mg,,علبة,شريط,1,0,31000,31000,31000,1
15-B00-024,Pangraf cap (Panacea),Tacrolimus 1mg Capsule,كبسول,1mg,,علبة,شريط,6,0,53000,8833.33,53000,1
15-B00-024,tacromus MDI 1mg cap,Tacrolimus 1mg Capsule,كبسول,1mg,,علبة,شريط,6,0,108000,18000,108000,1
15-B00-024,Rolitac - 1mg cap (Lek pharma),Tacrolimus 1mg Capsule,كبسول,1mg,,علبة,شريط,10,0,235000,23500,235000,1
15-B00-024,Prograf 1mg capsule (Astellas),Tacrolimus 1mg Capsule,كبسول,1mg,,علبة,شريط,10,0,375000,37500,375000,1
16-B00-004,Immunorho 300 microgram (1500 IU)/ 2ml injectable solution for IM use PFS (KEDRION S.P.A),Anti D immunoglobulin ( 1500 IU ) solution for IV or( IV/ IM) injection vial or ampoule,حقن,1500 IU,,علبة,حقنة,1,0,84000,84000,84000,1
16-B00-004,winrho SDF 1500U IV/IM INJ (Emergent Biosolutions),Anti D immunoglobulin ( 1500 IU ) solution for IV or( IV/ IM) injection vial or ampoule,حقن,1500U,,علبة,حقنة,1,0,100000,100000,100000,1
16-B00-004,Rhophylac 300 PFS (CSL Behring),Anti D immunoglobulin ( 1500 IU ) solution for IV or( IV/ IM) injection vial or ampoule,حقن,1500 IU,,علبة,حقنة,1,0,101000,101000,101000,1
06-IB0-017,Prolia 60mg solution for injection in pre-filled syringe (Amgen),Denosumab 60 mg /1 ml,حقن,60mg,,علبة,حقنة,1,0,308000,308000,308000,1
05-AG0-050,Rame-zithro (Tenth of Ramadan),Azithromycin (as dihydrate ) or ( as monohydrate) or base(anhydrous) 200mg/5ml ( 22.5ml ) powder for oral suspention,حقن,200mg,,علبة,حقنة,1,0,2500,2500,2500,1
05-AG0-050,rame-zithro 200mg/ 5ml (Rameda),Azithromycin (as dihydrate ) or ( as monohydrate) or base(anhydrous) 200mg/5ml ( 22.5ml ) powder for oral suspention,حقن,200mg,,علبة,حقنة,1,0,3500,3500,3500,1
05-AG0-050,Yenizethro oral suspension,Azithromycin (as dihydrate ) or ( as monohydrate) or base(anhydrous) 200mg/5ml ( 22.5ml ) powder for oral suspention,حقن,200mg,,علبة,حقنة,1,0,3750,3750,3750,1
05-AG0-050,Zomax 200mg/5ml susp. (APM),Azithromycin (as dihydrate ) or ( as monohydrate) or base(anhydrous) 200mg/5ml ( 22.5ml ) powder for oral suspention,حقن,200mg,,علبة,حقنة,1,0,4500,4500,4500,1
05-AG0-050,zithrobru oral susp (Brawn lab.),Azithromycin (as dihydrate ) or ( as monohydrate) or base(anhydrous) 200mg/5ml ( 22.5ml ) powder for oral suspention,حقن,200mg,,علبة,حقنة,1,0,4500,4500,4500,1
05-AG0-050,Azicure (UPM),Azithromycin (as dihydrate ) or ( as monohydrate) or base(anhydrous) 200mg/5ml ( 22.5ml ) powder for oral suspention,حقن,200mg,,علبة,حقنة,1,0,4500,4500,4500,1
05-AG0-050,Zithrocin susp. 200 mg/ 5ml (Unique),Azithromycin (as dihydrate ) or ( as monohydrate) or base(anhydrous) 200mg/5ml ( 22.5ml ) powder for oral suspention,حقن,200 mg,,علبة,حقنة,1,0,4750,4750,4750,1
05-AG0-050,MAZIT 200mg/5ml (neopharma),Azithromycin (as dihydrate ) or ( as monohydrate) or base(anhydrous) 200mg/5ml ( 22.5ml ) powder for oral suspention,حقن,200mg,,علبة,حقنة,1,0,5250,5250,5250,1
05-AG0-050,Jazithromycin susp. (Al jazeera),Azithromycin (as dihydrate ) or ( as monohydrate) or base(anhydrous) 200mg/5ml ( 22.5ml ) powder for oral suspention,حقن,200mg,,علبة,حقنة,1,0,5750,5750,5750,1
05-AG0-050,mazit 200mg/5ml (neopharma),Azithromycin (as dihydrate ) or ( as monohydrate) or base(anhydrous) 200mg/5ml ( 22.5ml ) powder for oral suspention,حقن,200mg,,علبة,حقنة,1,0,5750,5750,5750,1
05-AG0-050,ZITRONEER 200mg (Pioneer),Azithromycin (as dihydrate ) or ( as monohydrate) or base(anhydrous) 200mg/5ml ( 22.5ml ) powder for oral suspention,حقن,200mg,,علبة,حقنة,1,0,5750,5750,5750,1
05-AG0-050,Zithroriv 200mg/5ml (Tenth of Ramadan),Azithromycin (as dihydrate ) or ( as monohydrate) or base(anhydrous) 200mg/5ml ( 22.5ml ) powder for oral suspention,حقن,200mg,,علبة,حقنة,1,0,5750,5750,5750,1
05-AG0-050,Zomax 200mg/5ml susp. (APM),Azithromycin (as dihydrate ) or ( as monohydrate) or base(anhydrous) 200mg/5ml ( 22.5ml ) powder for oral suspention,حقن,200mg,,علبة,حقنة,1,0,6500,6500,6500,1
05-AG0-050,ADAMAKS 200mg/5ml susp (World medicine),Azithromycin (as dihydrate ) or ( as monohydrate) or base(anhydrous) 200mg/5ml ( 22.5ml ) powder for oral suspention,حقن,200mg,,علبة,حقنة,1,0,6750,6750,6750,1
05-AG0-050,Azeltin 200mg/5ml susp (Biofarm),Azithromycin (as dihydrate ) or ( as monohydrate) or base(anhydrous) 200mg/5ml ( 22.5ml ) powder for oral suspention,حقن,200mg,,علبة,حقنة,1,0,6750,6750,6750,1
05-AG0-050,Azi-once susp 200mg/5ml (.Jamjoom ph),Azithromycin (as dihydrate ) or ( as monohydrate) or base(anhydrous) 200mg/5ml ( 22.5ml ) powder for oral suspention,حقن,200mg,,علبة,حقنة,1,0,7000,7000,7000,1
05-AG0-050,Azicure DS 200mg/5ml powder for susp. (United pharmaceutical),Azithromycin (as dihydrate ) or ( as monohydrate) or base(anhydrous) 200mg/5ml ( 22.5ml ) powder for oral suspention,حقن,200mg,,علبة,حقنة,1,0,7250,7250,7250,1
05-AG0-050,Azitro (Deva holding),Azithromycin (as dihydrate ) or ( as monohydrate) or base(anhydrous) 200mg/5ml ( 22.5ml ) powder for oral suspention,حقن,200mg,,علبة,حقنة,1,0,7250,7250,7250,1
05-AG0-050,AwaZitro 200mg (Awamedica),Azithromycin (as dihydrate ) or ( as monohydrate) or base(anhydrous) 200mg/5ml ( 22.5ml ) powder for oral suspention,حقن,200mg,,علبة,حقنة,1,0,7250,7250,7250,1
05-AG0-050,AZITHROMYCIN-MDI 200mg/5ml,Azithromycin (as dihydrate ) or ( as monohydrate) or base(anhydrous) 200mg/5ml ( 22.5ml ) powder for oral suspention,حقن,200mg,,علبة,حقنة,1,0,7750,7750,7750,1
05-AG0-050,Azi-once susp 200mg/5ml (.Jamjoom ph),Azithromycin (as dihydrate ) or ( as monohydrate) or base(anhydrous) 200mg/5ml ( 22.5ml ) powder for oral suspention,حقن,200mg,,علبة,حقنة,1,0,8500,8500,8500,1
05-AG0-050,Zomax 200mg /5ml powder for oral suspension (30ml) (APM),Azithromycin (as dihydrate ) or ( as monohydrate) or base(anhydrous) 200mg/5ml ( 22.5ml ) powder for oral suspention,حقن,200mg,,علبة,حقنة,1,0,8500,8500,8500,1
05-AG0-050,AZOMYCIN 200 mg/5ml Oral Susp. (Julphar),Azithromycin (as dihydrate ) or ( as monohydrate) or base(anhydrous) 200mg/5ml ( 22.5ml ) powder for oral suspention,حقن,200 mg,,علبة,حقنة,1,0,8750,8750,8750,1
05-AG0-050,"Zithromax (pos) 200mg (Haupt Pharma Latina SRL. Address: Strada statale 156 km 47,600,)",Azithromycin (as dihydrate ) or ( as monohydrate) or base(anhydrous) 200mg/5ml ( 22.5ml ) powder for oral suspention,حقن,200mg,,علبة,حقنة,1,0,20750,20750,20750,1
05-AB0-079,"ceftriaxone 0.5gm/vial i.m,i.v inj (Strisun)",Ceftriaxone 500mg +solvent (2ml )1% lidocaine hydrochloride im,فيال,0.5gm,,علبة,فيال,1,0,1000,1000,1000,1
05-AB0-079,cobact IM+lidocaine 3.5ml (Codilapharma),Ceftriaxone 500mg +solvent (2ml )1% lidocaine hydrochloride im,فيال,3.5ml,,علبة,فيال,1,0,1500,1500,1500,1
05-AB0-079,"euroxon 500gm vial i.m,i.v (Europa biocare)",Ceftriaxone 500mg +solvent (2ml )1% lidocaine hydrochloride im,فيال,500gm,,علبة,فيال,1,0,1750,1750,1750,1
05-AB0-079,Triaxone 500mg Vial for IM (Tabuk pharma),Ceftriaxone 500mg +solvent (2ml )1% lidocaine hydrochloride im,فيال,500mg,,علبة,فيال,1,0,2250,2250,2250,1
05-AB0-079,triaxone 500mg I.V/I.M injection (Tabuk pharma),Ceftriaxone 500mg +solvent (2ml )1% lidocaine hydrochloride im,فيال,500mg,,علبة,فيال,1,0,2250,2250,2250,1
05-AB0-079,one-ceft(0.5gm i.m) (Pharma vision),Ceftriaxone 500mg +solvent (2ml )1% lidocaine hydrochloride im,فيال,0.5gm,,علبة,فيال,1,0,2500,2500,2500,1
05-AB0-079,PIOXONE 500mg (Pioneer),Ceftriaxone 500mg +solvent (2ml )1% lidocaine hydrochloride im,فيال,500mg,,علبة,فيال,1,0,2500,2500,2500,1
05-AB0-079,Xoraxon (Medical union),Ceftriaxone 500mg +solvent (2ml )1% lidocaine hydrochloride im,فيال,500mg,,علبة,فيال,1,0,2500,2500,2500,1
05-AB0-079,Samixon 500 mg IM (Hikma),Ceftriaxone 500mg +solvent (2ml )1% lidocaine hydrochloride im,فيال,500 mg,,علبة,فيال,1,0,2750,2750,2750,1
05-AB0-079,Samixon 500 mg IV (Hikma),Ceftriaxone 500mg +solvent (2ml )1% lidocaine hydrochloride im,فيال,500 mg,,علبة,فيال,1,0,2750,2750,2750,1
05-AB0-079,Rameceftrax 0.5g I.M. inj (Rameda),Ceftriaxone 500mg +solvent (2ml )1% lidocaine hydrochloride im,فيال,0.5g,,علبة,فيال,1,0,2750,2750,2750,1
05-AB0-079,Desefin 0.5gm I.M vial (DEVA),Ceftriaxone 500mg +solvent (2ml )1% lidocaine hydrochloride im,فيال,0.5gm,,علبة,فيال,1,0,2750,2750,2750,1
05-AB0-079,"ceftriaxone -SDI 500mg i.v,i.m vial",Ceftriaxone 500mg +solvent (2ml )1% lidocaine hydrochloride im,فيال,500mg,,علبة,فيال,1,0,2750,2750,2750,1
05-AB0-079,forsef 0.5 gm IV/IM (Pharmavision),Ceftriaxone 500mg +solvent (2ml )1% lidocaine hydrochloride im,فيال,0.5 gm,,علبة,فيال,1,0,2750,2750,2750,1
05-AB0-079,"Novosef 0.5 gm IM, IV (zentiva)",Ceftriaxone 500mg +solvent (2ml )1% lidocaine hydrochloride im,فيال,0.5 gm,,علبة,فيال,1,0,3000,3000,3000,1
05-AB0-079,CEFTRIAXONE BP (I.M. I.V.) 500 mg powder for injection (LDP),Ceftriaxone 500mg +solvent (2ml )1% lidocaine hydrochloride im,فيال,500 mg,,علبة,فيال,1,0,3500,3500,3500,1
05-AB0-079,CEFTRIAXONE BP 500mg powder with solvent for (LDP Lab. Torlan SA.),Ceftriaxone 500mg +solvent (2ml )1% lidocaine hydrochloride im,فيال,500mg,,علبة,فيال,1,0,3500,3500,3500,1
05-AB0-085,Samaxime powder for susp. (SDI),Cefixime or cefixime as trihydrate 100mg/5ml powder for oral Suspension,حقن,100mg,,علبة,حقنة,1,0,3000,3000,3000,1
05-AB0-085,cefix 100mg/5ml dry susp (Pharma International),Cefixime or cefixime as trihydrate 100mg/5ml powder for oral Suspension,حقن,100mg,,علبة,حقنة,1,0,4000,4000,4000,1
05-AB0-085,Supixime 100mg/5ml suspension (Micro Lab),Cefixime or cefixime as trihydrate 100mg/5ml powder for oral Suspension,حقن,100mg,,علبة,حقنة,1,0,4750,4750,4750,1
05-AB0-085,Cefim (Zynova),Cefixime or cefixime as trihydrate 100mg/5ml powder for oral Suspension,حقن,100mg,,علبة,حقنة,1,0,5000,5000,5000,1
05-AB0-085,betixim 100 powder for susp (Middle East Pharmaceutical co.),Cefixime or cefixime as trihydrate 100mg/5ml powder for oral Suspension,حقن,100mg,,علبة,حقنة,1,0,5500,5500,5500,1
05-AB0-085,Zimaks 100mg/5ml suspension (Bilim),Cefixime or cefixime as trihydrate 100mg/5ml powder for oral Suspension,حقن,100mg,,علبة,حقنة,1,0,5750,5750,5750,1
05-AB0-085,Acacime 100mg/5ml susp. (ACAI),Cefixime or cefixime as trihydrate 100mg/5ml powder for oral Suspension,حقن,100mg,,علبة,حقنة,1,0,5750,5750,5750,1
05-AB0-085,Mixif 100mg/5ml susp (DAD),Cefixime or cefixime as trihydrate 100mg/5ml powder for oral Suspension,حقن,100mg,,علبة,حقنة,1,0,6000,6000,6000,1
05-AB0-085,cefixim MDI powder for oral susp.,Cefixime or cefixime as trihydrate 100mg/5ml powder for oral Suspension,حقن,100mg,,علبة,حقنة,1,0,6000,6000,6000,1
05-AB0-085,PIOCEFIXIME 100mg (Pioneer),Cefixime or cefixime as trihydrate 100mg/5ml powder for oral Suspension,حقن,100mg,,علبة,حقنة,1,0,6000,6000,6000,1
05-AB0-085,fixef 100mg/5ml susp. (DEVA),Cefixime or cefixime as trihydrate 100mg/5ml powder for oral Suspension,حقن,100mg,,علبة,حقنة,1,0,6500,6500,6500,1
05-AB0-085,Winex oral susp (Tabuk),Cefixime or cefixime as trihydrate 100mg/5ml powder for oral Suspension,حقن,100mg,,علبة,حقنة,1,0,6750,6750,6750,1
05-AB0-085,Cefix - 100mg/5ml susp. (Pharma International),Cefixime or cefixime as trihydrate 100mg/5ml powder for oral Suspension,حقن,100mg,,علبة,حقنة,1,0,7000,7000,7000,1
05-AB0-085,Neocef 20mg/ml (Lab Atral),Cefixime or cefixime as trihydrate 100mg/5ml powder for oral Suspension,حقن,20mg,,علبة,حقنة,1,0,8000,8000,8000,1
05-AB0-085,Suprax 100mg /5ml susp (jazeera pharmaceutical),Cefixime or cefixime as trihydrate 100mg/5ml powder for oral Suspension,حقن,100mg,,علبة,حقنة,1,0,8750,8750,8750,1
05-AB0-085,Cefixima Neocef susp (Lab Atral),Cefixime or cefixime as trihydrate 100mg/5ml powder for oral Suspension,حقن,100mg,,علبة,حقنة,1,0,9000,9000,9000,1
05-AB0-085,Suprax 100mg/5ml susp (jazeera pharmaceutical),Cefixime or cefixime as trihydrate 100mg/5ml powder for oral Suspension,حقن,100mg,,علبة,حقنة,1,0,12000,12000,12000,1
04-F00-017,ANTI-VOMIT (Al_kindi),Ondansetron (as Hydrochloride) 4mg/5ml Suger Free Syrup,شراب,4mg,,عبوة,عبوة,1,0,3750,3750,3750,1
04-F00-017,STOP VOMIT syrup (SDI),Ondansetron (as Hydrochloride) 4mg/5ml Suger Free Syrup,شراب,4mg,,عبوة,عبوة,1,0,3750,3750,3750,1
04-F00-017,Vomiset (Al hayat),Ondansetron (as Hydrochloride) 4mg/5ml Suger Free Syrup,شراب,4mg,,عبوة,عبوة,1,0,3750,3750,3750,1
04-F00-017,Vomit end syrup (Dubai),Ondansetron (as Hydrochloride) 4mg/5ml Suger Free Syrup,شراب,4mg,,عبوة,عبوة,1,0,3750,3750,3750,1
04-F00-017,ONDANZ (Sama Alfayhaa),Ondansetron (as Hydrochloride) 4mg/5ml Suger Free Syrup,شراب,4mg,,عبوة,عبوة,1,0,3750,3750,3750,1
04-F00-017,ON-FUMET (Aswar alkhalej),Ondansetron (as Hydrochloride) 4mg/5ml Suger Free Syrup,شراب,4mg,,عبوة,عبوة,1,0,3750,3750,3750,1
04-F00-017,vomido syrup (API),Ondansetron (as Hydrochloride) 4mg/5ml Suger Free Syrup,شراب,4mg,,عبوة,عبوة,1,0,7250,7250,7250,1
04-G00-019,Paracetamol - MDI - 250,Paracetamol 250mg/5ml Syrup (100 ml),شراب,250mg,,عبوة,عبوة,1,0,1250,1250,1250,1
04-G00-019,Antipyrol syrup - (SDI),Paracetamol 250mg/5ml Syrup (100 ml),شراب,250mg,,عبوة,عبوة,1,0,1500,1500,1500,1
04-G00-019,Dr-Panadolz 250mg/5ml susp (Dijla),Paracetamol 250mg/5ml Syrup (100 ml),حقن,250mg,,علبة,حقنة,1,0,1750,1750,1750,1
04-G00-019,PARAMOL 250mg (Al_kindi),Paracetamol 250mg/5ml Syrup (100 ml),حقن,250mg,,علبة,حقنة,1,0,2000,2000,2000,1
04-G00-019,ASPARADOL 250mg (Aswar alkhalej),Paracetamol 250mg/5ml Syrup (100 ml),حقن,250mg,,علبة,حقنة,1,0,2250,2250,2250,1
04-G00-019,PANADAIN 250mg/5ml (WadiAlrafidain),Paracetamol 250mg/5ml Syrup (100 ml),حقن,250mg,,علبة,حقنة,1,0,2250,2250,2250,1
04-G00-019,Safadol Child - 250mg/5ml oral susp. (Al safa),Paracetamol 250mg/5ml Syrup (100 ml),حقن,250mg,,علبة,حقنة,1,0,2250,2250,2250,1
04-G00-019,Safadol child oral suspension 250mg/5ml(raspberry flavoured) (Al safa),Paracetamol 250mg/5ml Syrup (100 ml),حقن,250mg,,علبة,حقنة,1,0,2250,2250,2250,1
04-G00-019,HAYADOL 250mg (Al hayat),Paracetamol 250mg/5ml Syrup (100 ml),حقن,250mg,,علبة,حقنة,1,0,2250,2250,2250,1
04-G00-019,parapain 250 oral susp (Al mansour),Paracetamol 250mg/5ml Syrup (100 ml),حقن,250mg,,علبة,حقنة,1,0,2500,2500,2500,1
04-G00-019,Acetamol 250mg (Sama Alfayhaa),Paracetamol 250mg/5ml Syrup (100 ml),حقن,250mg,,علبة,حقنة,1,0,2500,2500,2500,1
04-G00-019,Piodol 250mg (Pioneer),Paracetamol 250mg/5ml Syrup (100 ml),حقن,250mg,,علبة,حقنة,1,0,3250,3250,3250,1
04-G00-019,Panadol children`s Elixir (Aspen Pharma pty ltd),Paracetamol 250mg/5ml Syrup (100 ml),شراب,250mg,,عبوة,عبوة,1,0,7750,7750,7750,1
06-E00-008,Afrazone Syrup (Al Afrah),Dexamethasone 0.5mg/5ml solution oral,شراب,0.5mg,,عبوة,عبوة,1,0,1250,1250,1250,1
06-E00-008,DIXSON-D (Dijla),Dexamethasone 0.5mg/5ml solution oral,شراب,0.5mg,,عبوة,عبوة,1,0,1250,1250,1250,1
06-E00-008,SteroDex (Al mansour),Dexamethasone 0.5mg/5ml solution oral,شراب,0.5mg,,عبوة,عبوة,1,0,1250,1250,1250,1
06-E00-008,Dexaphar oral syrup (Dubai),Dexamethasone 0.5mg/5ml solution oral,شراب,0.5mg,,عبوة,عبوة,1,0,1250,1250,1250,1
06-E00-008,ASDOXEN (Aswar alkhalej),Dexamethasone 0.5mg/5ml solution oral,شراب,0.5mg,,عبوة,عبوة,1,0,1250,1250,1250,1
06-E00-008,MDIXAN - syrup,Dexamethasone 0.5mg/5ml solution oral,شراب,0.5mg,,عبوة,عبوة,1,0,1500,1500,1500,1
06-E00-008,Dexacure (Pioneer),Dexamethasone 0.5mg/5ml solution oral,شراب,0.5mg,,عبوة,عبوة,1,0,1500,1500,1500,1
06-E00-008,Dexamethasone 0.5mg/5ml (WadiAlrafidain),Dexamethasone 0.5mg/5ml solution oral,شراب,0.5mg,,عبوة,عبوة,1,0,1500,1500,1500,1
06-E00-008,Dexamethasone elixir (Middle east),Dexamethasone 0.5mg/5ml solution oral,شراب,0.5mg,,عبوة,عبوة,1,0,1500,1500,1500,1
06-E00-008,Dexon 0.5mg Syrup (SDI),Dexamethasone 0.5mg/5ml solution oral,شراب,0.5mg,,عبوة,عبوة,1,0,1500,1500,1500,1
06-E00-008,Awzaron Elixir (Al_kindi),Dexamethasone 0.5mg/5ml solution oral,شراب,0.5mg,,عبوة,عبوة,1,0,1500,1500,1500,1
06-E00-008,Dexazon (Sama Alfayhaa),Dexamethasone 0.5mg/5ml solution oral,شراب,0.5mg,,عبوة,عبوة,1,0,1500,1500,1500,1
06-E00-008,DEXOYAT (Al hayat),Dexamethasone 0.5mg/5ml solution oral,شراب,0.5mg,,عبوة,عبوة,1,0,1500,1500,1500,1
05-AB0-006,Cefixime 400mg cap (Al furat),Cefixime trihydrate (eq. cefixime anhydrous 400mg ) Capsule or tablet oral,كبسول,400mg,,علبة,شريط,1,0,2000,2000,2000,1
05-AB0-006,samaxime 400cap (SDI),Cefixime trihydrate (eq. cefixime anhydrous 400mg ) Capsule or tablet oral,كبسول,400mg,,علبة,شريط,1,0,3250,3250,3250,1
05-AB0-006,Supixime 400mg cap (Micro Lab),Cefixime trihydrate (eq. cefixime anhydrous 400mg ) Capsule or tablet oral,كبسول,400mg,,علبة,شريط,1,0,4500,4500,4500,1
05-AB0-006,Fixim 400mg cap (Ajanta),Cefixime trihydrate (eq. cefixime anhydrous 400mg ) Capsule or tablet oral,كبسول,400mg,,علبة,شريط,1,0,4500,4500,4500,1
05-AB0-006,Xinfal 400mg tab (Aurobindo),Cefixime trihydrate (eq. cefixime anhydrous 400mg ) Capsule or tablet oral,حبوب,400mg,,علبة,شريط,1,0,4500,4500,4500,1
05-AB0-006,BETIXIM 400 (Middle East Pharmaceutical co.),Cefixime trihydrate (eq. cefixime anhydrous 400mg ) Capsule or tablet oral,كبسول,400mg,,علبة,شريط,1,0,4500,4500,4500,1
05-AB0-006,Magnacef-400 - 400 mg cap (RAM PHARMA),Cefixime trihydrate (eq. cefixime anhydrous 400mg ) Capsule or tablet oral,كبسول,400 mg,,علبة,شريط,1,0,4500,4500,4500,1
05-AB0-006,Mixif 400mg (DAD),Cefixime trihydrate (eq. cefixime anhydrous 400mg ) Capsule or tablet oral,كبسول,400mg,,علبة,شريط,1,0,4500,4500,4500,1
05-AB0-006,Fixef 400mg FCT (DEVA),Cefixime trihydrate (eq. cefixime anhydrous 400mg ) Capsule or tablet oral,حبوب,400mg,,علبة,شريط,1,0,4750,4750,4750,1
05-AB0-006,cefivan 400mg tab (Psychotropics),Cefixime trihydrate (eq. cefixime anhydrous 400mg ) Capsule or tablet oral,حبوب,400mg,,علبة,شريط,1,0,5000,5000,5000,1
05-AB0-006,Winex - 400mg cap. (Tabuk),Cefixime trihydrate (eq. cefixime anhydrous 400mg ) Capsule or tablet oral,كبسول,400mg,,علبة,شريط,1,0,5000,5000,5000,1
05-AB0-006,Cefim (Zynova),Cefixime trihydrate (eq. cefixime anhydrous 400mg ) Capsule or tablet oral,كبسول,400mg,,علبة,شريط,1,0,5000,5000,5000,1
05-AB0-006,Acacime - 400mg (ACAI),Cefixime trihydrate (eq. cefixime anhydrous 400mg ) Capsule or tablet oral,كبسول,400mg,,علبة,شريط,1,0,5500,5500,5500,1
05-AB0-006,cefixim 400 MDI cap,Cefixime trihydrate (eq. cefixime anhydrous 400mg ) Capsule or tablet oral,كبسول,400mg,,علبة,شريط,1,0,5500,5500,5500,1
05-AB0-006,PIOCEFIXIME 400mg (Pioneer),Cefixime trihydrate (eq. cefixime anhydrous 400mg ) Capsule or tablet oral,كبسول,400mg,,علبة,شريط,1,0,5500,5500,5500,1
05-AB0-006,SURAXIM 400mg capsule (UPM),Cefixime trihydrate (eq. cefixime anhydrous 400mg ) Capsule or tablet oral,كبسول,400mg,,علبة,شريط,1,0,5750,5750,5750,1
05-AB0-006,cefix 400mg cap (Pharma International),Cefixime trihydrate (eq. cefixime anhydrous 400mg ) Capsule or tablet oral,كبسول,400mg,,علبة,شريط,1,0,6500,6500,6500,1
05-AB0-006,Zimaks - 400 mg f.c.t (Pharmavision),Cefixime trihydrate (eq. cefixime anhydrous 400mg ) Capsule or tablet oral,حبوب,400 mg,,علبة,شريط,1,0,7250,7250,7250,1
05-AB0-006,Xinfal 400mg F.C.T (Aurobindo),Cefixime trihydrate (eq. cefixime anhydrous 400mg ) Capsule or tablet oral,حبوب,400mg,,علبة,شريط,2,0,8750,4375,8750,1
05-AB0-006,Neocef 400mg (Lab Atral),Cefixime trihydrate (eq. cefixime anhydrous 400mg ) Capsule or tablet oral,كبسول,400mg,,علبة,شريط,1,0,9500,9500,9500,1
05-AB0-006,Suprax 400mg cap (jazeera pharmaceutical),Cefixime trihydrate (eq. cefixime anhydrous 400mg ) Capsule or tablet oral,كبسول,400mg,,علبة,شريط,1,0,13500,13500,13500,1
05-AB0-006,Fixim 400mg cap (Ajanta),Cefixime trihydrate (eq. cefixime anhydrous 400mg ) Capsule or tablet oral,كبسول,400mg,,علبة,شريط,10,0,38000,3800,38000,1
10-AA0-049,Zeloxim ampoule I.M injection (Idol ilac dolum san ve tic As /),Meloxicam 15mg 1.5ml Ampoule injection,أمبول,15mg,,علبة,أمبولة,3,0,2750,916.67,2750,1
10-AA0-049,medexaflam 15mg/1.5ml IM inj (GPI),Meloxicam 15mg 1.5ml Ampoule injection,أمبول,15mg,,علبة,أمبولة,3,0,3500,1166.67,3500,1
10-AA0-049,Mobitil Amp 15mg/1.5 I.M ml (MUP),Meloxicam 15mg 1.5ml Ampoule injection,أمبول,15mg,,علبة,أمبولة,3,0,4500,1500,4500,1
10-AA0-049,Mobitil Amp 15mg/1.5 I.M ml (MUP),Meloxicam 15mg 1.5ml Ampoule injection,أمبول,15mg,,علبة,أمبولة,3,0,4500,1500,4500,1
10-AA0-049,melox 15mg/1.5ml solu. For i.m inj. (Medochemie),Meloxicam 15mg 1.5ml Ampoule injection,أمبول,15mg,,علبة,أمبولة,5,0,7250,1450,7250,1
10-AA0-049,Meloxicam G.L.15mg/1.5ml (G.L pharma),Meloxicam 15mg 1.5ml Ampoule injection,أمبول,15mg,,علبة,أمبولة,5,0,10500,2100,10500,1
10-AA0-049,Hyporic - 300 (SDI),Meloxicam 15mg 1.5ml Ampoule injection,حبوب,15mg,,علبة,شريط,3,0,2750,916.67,2750,1
10-AA0-049,PILORIC 300mg (Pioneer),Meloxicam 15mg 1.5ml Ampoule injection,حبوب,300mg,,علبة,شريط,3,0,3000,1000,3000,1
10-AA0-049,goutex 300mg tab (Joswe),Meloxicam 15mg 1.5ml Ampoule injection,حبوب,300mg,,علبة,شريط,3,0,3750,1250,3750,1
10-AA0-049,Zyloric 300mg tab (Aspen Bad Oldesloe GmbH),Meloxicam 15mg 1.5ml Ampoule injection,حبوب,300mg,,علبة,شريط,2,0,12250,6125,12250,1
10-AA0-049,hyporic 300mg tab (SDI),Meloxicam 15mg 1.5ml Ampoule injection,حبوب,300mg,,علبة,شريط,50,0,34000,680,34000,1
06-K00-011,Fenolip 200mg cap (LAB. Pharmacare),Fenofibrate Micronized 200mg Capsule,كبسول,200mg,,علبة,شريط,3,0,9750,3250,9750,1
06-K00-011,Fastikol 200mg cap (DAD),Fenofibrate Micronized 200mg Capsule,كبسول,200mg,,علبة,شريط,3,0,12000,4000,12000,1
06-K00-011,Trigless 200mg (Joswe),Fenofibrate Micronized 200mg Capsule,كبسول,200mg,,علبة,شريط,3,0,12000,4000,12000,1
06-K00-011,Lipanthyl 200 M capsules (Recipharm fontanie),Fenofibrate Micronized 200mg Capsule,كبسول,200mg,,علبة,شريط,2,0,21500,10750,21500,1
15-AF0-043,alymsys 100mg/4ml i.v (Universal),Bevacizumab 100 mg 4 ml vial concentrate for solution injection IV infusion,فيال,100mg,,علبة,فيال,1,0,170000,170000,170000,1
15-AF0-043,zirabev 100mg/4ml conc. For sol. For i.v (Pharmacia and upjohn),Bevacizumab 100 mg 4 ml vial concentrate for solution injection IV infusion,فيال,100mg,,علبة,فيال,1,0,331000,331000,331000,1
15-AF0-043,Avastin vial 100mg/4ml (F. Hoffman-La Roche Ltd. (Roche Diagnostic GmbH)),Bevacizumab 100 mg 4 ml vial concentrate for solution injection IV infusion,فيال,100mg,,علبة,فيال,1,0,365000,365000,365000,1
15-AF0-043,mvasi 100mg/4ml vial (Amgen),Bevacizumab 100 mg 4 ml vial concentrate for solution injection IV infusion,فيال,100mg,,علبة,فيال,1,0,372000,372000,372000,1
15-AF0-043,alymsys 400mg/16ml i.v (Universal),Bevacizumab 100 mg 4 ml vial concentrate for solution injection IV infusion,فيال,400mg,,علبة,فيال,1,0,407000,407000,407000,1
15-AF0-043,Stivant - 400mg vial (Aryogen),Bevacizumab 100 mg 4 ml vial concentrate for solution injection IV infusion,فيال,400mg,,علبة,فيال,1,0,482000,482000,482000,1
15-AF0-043,"BEVAAS (""M/s HETERO BIOPHARMA LIMITED -)",Bevacizumab 100 mg 4 ml vial concentrate for solution injection IV infusion,فيال,100 mg,,علبة,فيال,1,0,964000,964000,964000,1
15-AF0-043,zirabev 400mg/16ml conc. For sol. For i.v (Pharmacia and upjohn),Bevacizumab 100 mg 4 ml vial concentrate for solution injection IV infusion,فيال,400mg,,علبة,فيال,1,0,1282000,1282000,1282000,1
15-AF0-043,Avastin vial 400mg/16ml (F. Hoffman-La Roche Ltd.),Bevacizumab 100 mg 4 ml vial concentrate for solution injection IV infusion,فيال,400mg,,علبة,فيال,1,0,1378000,1378000,1378000,1
15-AF0-043,mvasi 400mg/16ml vial (Amgen),Bevacizumab 100 mg 4 ml vial concentrate for solution injection IV infusion,فيال,400mg,,علبة,فيال,1,0,1485000,1485000,1485000,1
04-J00-063,Pregalin cap 75mg (Sama Alfayhaa),Pregabalin 75 mg capsule,كبسول,75mg,,علبة,شريط,2,0,3000,1500,3000,1
04-J00-063,xyar 75 cap. (Zynova),Pregabalin 75 mg capsule,كبسول,75 mg,,علبة,شريط,2,0,4250,2125,4250,1
04-J00-063,regapen 75 mg cap (ilko ilac sanayi ve tic A.S),Pregabalin 75 mg capsule,كبسول,75 mg,,علبة,شريط,1,0,4250,4250,4250,1
04-J00-063,Neurexal 75 mg Cap (Pharmaline),Pregabalin 75 mg capsule,كبسول,75 mg,,علبة,شريط,2,0,4750,2375,4750,1
04-J00-063,Pregesican (ADWIA),Pregabalin 75 mg capsule,كبسول,75 mg,,علبة,شريط,2,0,5500,2750,5500,1
04-J00-063,pregasaf - 75mg (Al safa),Pregabalin 75 mg capsule,كبسول,75mg,,علبة,شريط,1,0,5750,5750,5750,1
04-J00-063,aplene 75mg cap (Ajanta),Pregabalin 75 mg capsule,كبسول,75mg,,علبة,شريط,2,0,5750,2875,5750,1
04-J00-063,Pregamel 75mg (Middle east),Pregabalin 75 mg capsule,كبسول,75mg,,علبة,شريط,4,0,7500,1875,7500,1
04-J00-063,lyrikine 75mg cap (Al_kindi),Pregabalin 75 mg capsule,كبسول,75mg,,علبة,شريط,2,0,7500,3750,7500,1
04-J00-063,Aciryl 75mg tab (Opalia),Pregabalin 75 mg capsule,حبوب,75mg,,علبة,شريط,1,0,8750,8750,8750,1
04-J00-063,neurica 75mg cap (AL-taqaddom pharmaceutical Industries),Pregabalin 75 mg capsule,كبسول,75mg,,علبة,شريط,2,0,8750,4375,8750,1
04-J00-063,Epigab 75 mg cap (DAD),Pregabalin 75 mg capsule,كبسول,75 mg,,علبة,شريط,2,0,8750,4375,8750,1
04-J00-063,pregab 75mg cap (SIP ibn albaytar),Pregabalin 75 mg capsule,كبسول,75mg,,علبة,شريط,2,0,8750,4375,8750,1
04-J00-063,lypre 75mg cap (Biofarm),Pregabalin 75 mg capsule,كبسول,75mg,,علبة,شريط,2,0,9250,4625,9250,1
04-J00-063,paden 75 mg cap (Bilim),Pregabalin 75 mg capsule,كبسول,75 mg,,علبة,شريط,2,0,9250,4625,9250,1
04-J00-063,Pegaset 75mg cap (Aurobindo),Pregabalin 75 mg capsule,كبسول,75mg,,علبة,شريط,4,0,9500,2375,9500,1
04-J00-063,Alyse 75mg cap (ABDi iBRAHiM),Pregabalin 75 mg capsule,كبسول,75mg,,علبة,شريط,1,0,10000,10000,10000,1
04-J00-063,Galica 75mg (JPM),Pregabalin 75 mg capsule,كبسول,75mg,,علبة,شريط,2,0,10000,5000,10000,1
04-J00-063,Prelynca75mg (Pharmathen),Pregabalin 75 mg capsule,كبسول,75mg,,علبة,شريط,2,0,10000,5000,10000,1
04-J00-063,Prex - 75mg cap (JPI),Pregabalin 75 mg capsule,كبسول,75mg,,علبة,شريط,2,0,10500,5250,10500,1
04-J00-063,nervica - 75mg cap (Joswe),Pregabalin 75 mg capsule,كبسول,75mg,,علبة,شريط,2,0,10500,5250,10500,1
04-J00-063,Regal 75 mg cap (Awamedica),Pregabalin 75 mg capsule,كبسول,75 mg,,علبة,شريط,3,0,10500,3500,10500,1
04-J00-063,Neo gaba 75 mg cap (UPM),Pregabalin 75 mg capsule,كبسول,75 mg,,علبة,شريط,2,0,10750,5375,10750,1
04-J00-063,Zega - 75mg cap (Pharma International),Pregabalin 75 mg capsule,كبسول,75mg,,علبة,شريط,2,0,11000,5500,11000,1
04-J00-063,Lyrgaba (Middle east(avalon pharma)),Pregabalin 75 mg capsule,كبسول,75 mg,,علبة,شريط,4,0,13250,3312.5,13250,1
04-J00-063,Nervax (Tabuk),Pregabalin 75 mg capsule,كبسول,75 mg,,علبة,شريط,2,0,13250,6625,13250,1
04-J00-063,algecia 75mg cap (Elpen),Pregabalin 75 mg capsule,كبسول,75mg,,علبة,شريط,4,0,13500,3375,13500,1
04-J00-063,regapen - 75 mg cap (ilko ilac sanayi ve tic A.S),Pregabalin 75 mg capsule,كبسول,75 mg,,علبة,شريط,4,0,13500,3375,13500,1
04-J00-063,Pregadex 75mg cap (Spimaco),Pregabalin 75 mg capsule,كبسول,75mg,,علبة,شريط,3,0,14000,4666.67,14000,1
04-J00-063,hexgabalin 75mg cap (Global Napi pharmaceuticals),Pregabalin 75 mg capsule,كبسول,75mg,,علبة,شريط,3,0,14250,4750,14250,1
04-J00-063,prelica 75mg cap (HUMANIS SAGLIK ANONIM SIRKETI/Turkey),Pregabalin 75 mg capsule,كبسول,75mg,,علبة,شريط,4,0,15250,3812.5,15250,1
04-J00-063,prex - 75mg cap (JPI),Pregabalin 75 mg capsule,كبسول,75mg,,علبة,شريط,4,0,15250,3812.5,15250,1
04-J00-063,Egzysta 75 cap (Adamed pharma),Pregabalin 75 mg capsule,كبسول,75 mg,,علبة,شريط,4,0,15250,3812.5,15250,1
04-J00-063,PREGAROK (UROK),Pregabalin 75 mg capsule,كبسول,75 mg,,علبة,شريط,3,0,15500,5166.67,15500,1
04-J00-063,Prenudol 75mg (Meditop Pharmaceutical/Hungar y),Pregabalin 75 mg capsule,كبسول,75mg,,علبة,شريط,6,0,17000,2833.33,17000,1
04-J00-063,nervica - 75mg cap (Joswe),Pregabalin 75 mg capsule,كبسول,75mg,,علبة,شريط,3,0,17750,5916.67,17750,1
04-J00-063,Lyrica - 75mg Hard capsule (Pfizer manufacturing Deutschland GmbH),Pregabalin 75 mg capsule,كبسول,75mg,,علبة,شريط,2,0,17750,8875,17750,1
04-J00-063,Pregaline 75mg (Sama Alfayhaa),Pregabalin 75 mg capsule,كبسول,75mg,,علبة,شريط,3,0,19000,6333.33,19000,1
04-J00-063,Pregafix 75mg (Pioneer),Pregabalin 75 mg capsule,كبسول,75mg,,علبة,شريط,3,0,19000,6333.33,19000,1
04-J00-063,gabex 75mg cap (.Jamjoom ph),Pregabalin 75 mg capsule,كبسول,75mg,,علبة,شريط,3,0,19750,6583.33,19750,1
04-J00-063,Pregabalin sandoz 75mg (Lek pharma),Pregabalin 75 mg capsule,كبسول,75mg,,علبة,شريط,4,0,20250,5062.5,20250,1
04-J00-063,pregabnor 75mg cap (Lab. Normon),Pregabalin 75 mg capsule,كبسول,75mg,,علبة,شريط,4,0,25000,6250,25000,1
04-J00-063,dyrelia 75mg cap (Acino),Pregabalin 75 mg capsule,كبسول,75mg,,علبة,شريط,4,0,25500,6375,25500,1
04-J00-063,Gabline (Lab sothema),Pregabalin 75 mg capsule,كبسول,75 mg,,علبة,شريط,8,0,25500,3187.5,25500,1
04-J00-063,Pregabalin 75mg cap (Sobhan Darou),Pregabalin 75 mg capsule,كبسول,75mg,,علبة,شريط,4,0,25750,6437.5,25750,1
04-J00-063,pregabalin cap 75mg (Sobhan Darou),Pregabalin 75 mg capsule,كبسول,75mg,,علبة,شريط,4,0,25750,6437.5,25750,1
04-J00-063,Pregalox - 75mg hard cap (Atlantic pharama),Pregabalin 75 mg capsule,كبسول,75mg,,علبة,شريط,4,0,28250,7062.5,28250,1
04-J00-063,PMS-pregabalin 75mg cap (Pharmascience),Pregabalin 75 mg capsule,كبسول,75mg,,علبة,شريط,4,0,33000,8250,33000,1
04-J00-063,Zega - 75mg cap (Pharma International),Pregabalin 75 mg capsule,كبسول,75mg,,علبة,شريط,5,0,33000,6600,33000,1
04-J00-063,Lyrica - 75mg Hard capsule (Pfizer manufacturing Deutschland GmbH),Pregabalin 75 mg capsule,كبسول,75mg,,علبة,شريط,4,0,52000,13000,52000,1
09-AB0-018,Neuro-Forte (Pioneer),Thiamine hydrochloride (Vitamin B1) 200mg + pyridoxine hydrochloride (Vitamin B6)50mg + cyanocobolamine(Vitamin B12) 1000mcg,حبوب,200mg,,علبة,شريط,2,0,3750,1875,3750,1
09-AB0-018,Trilagavit - f.c.tab (Lagap),Thiamine hydrochloride (Vitamin B1) 200mg + pyridoxine hydrochloride (Vitamin B6)50mg + cyanocobolamine(Vitamin B12) 1000mcg,حبوب,200mg,,علبة,شريط,1,0,4750,4750,4750,1
09-AB0-018,Neurorubine-Forte f.c.tab (Acino pharma),Thiamine hydrochloride (Vitamin B1) 200mg + pyridoxine hydrochloride (Vitamin B6)50mg + cyanocobolamine(Vitamin B12) 1000mcg,حبوب,200mg,,علبة,شريط,2,0,7000,3500,7000,1
09-AB0-018,Trilagavit - f.c.tab (Lagap),Thiamine hydrochloride (Vitamin B1) 200mg + pyridoxine hydrochloride (Vitamin B6)50mg + cyanocobolamine(Vitamin B12) 1000mcg,حبوب,200mg,,علبة,شريط,2,0,9250,4625,9250,1
09-AB0-018,Neurobion coated tab (P&G Health Austria Gmbh),Thiamine hydrochloride (Vitamin B1) 200mg + pyridoxine hydrochloride (Vitamin B6)50mg + cyanocobolamine(Vitamin B12) 1000mcg,حبوب,200mg,,علبة,شريط,3,0,13500,4500,13500,1
05-B00-004,Acloherp 400 tab (Aurobindo),Acyclovir 400mg Tablet,حبوب,400mg,,علبة,شريط,2,0,2750,1375,2750,1
05-B00-004,Viramed 400 F.C tab (Medico lab),Acyclovir 400mg Tablet,حبوب,400mg,,علبة,شريط,2,0,5250,2625,5250,1
05-B00-004,CYCLOVIRIN 400 mg TABLETS (WadiAlrafidain),Acyclovir 400mg Tablet,حبوب,400 mg,,علبة,شريط,3,0,5750,1916.67,5750,1
05-B00-004,ACIC 400mg tab (Hexal AG),Acyclovir 400mg Tablet,حبوب,400mg,,علبة,شريط,7,0,9000,1285.71,9000,1
12-C00-015,Miconaz oral gel 2% (MUP),Miconazole(base) 2% oral Gel mouth,جل,2%,,تيوب,تيوب,1,0,2500,2500,2500,1
12-C00-015,Mycoheal oral gel (DAD),Miconazole(base) 2% oral Gel mouth,جل,2%,,تيوب,تيوب,1,0,3500,3500,3500,1
12-C00-015,Candizol 2% oral gel (UPM),Miconazole(base) 2% oral Gel mouth,جل,2%,,تيوب,تيوب,1,0,4000,4000,4000,1
12-C00-015,Micozole oral gel (Jerash),Miconazole(base) 2% oral Gel mouth,جل,2%,,تيوب,تيوب,1,0,4000,4000,4000,1
12-C00-015,Daktarin 2% oral gel (Janssen Pharmaceutical N.V),Miconazole(base) 2% oral Gel mouth,جل,2%,,تيوب,تيوب,1,0,8500,8500,8500,1
13-I00-012,ketovid shampoo 2% (Hovid),Ketoconazole 2% Shampoo topical,أمبول,2%,,علبة,أمبولة,1,0,4500,4500,4500,1
13-I00-012,Ketoral medical shampoo (Recordati),Ketoconazole 2% Shampoo topical,أمبول,2%,,علبة,أمبولة,1,0,4500,4500,4500,1
13-I00-012,Philazole shampoo (pheladelphia),Ketoconazole 2% Shampoo topical,أمبول,2%,,علبة,أمبولة,1,0,4500,4500,4500,1
13-I00-012,Ketonaz shampoo (Pharmaline),Ketoconazole 2% Shampoo topical,أمبول,2%,,علبة,أمبولة,1,0,5250,5250,5250,1
13-I00-012,Kenazol - 2% shampoo (Pharma International),Ketoconazole 2% Shampoo topical,أمبول,2%,,علبة,أمبولة,1,0,5250,5250,5250,1
13-I00-012,KENAZOLE 2% SHAMPOO (Pharma International),Ketoconazole 2% Shampoo topical,أمبول,2%,,علبة,أمبولة,1,0,5250,5250,5250,1
13-I00-012,dando free shampoo (UPM),Ketoconazole 2% Shampoo topical,أمبول,2%,,علبة,أمبولة,1,0,5250,5250,5250,1
13-I00-012,botaderm medical 2% w/w shampoo (Meicair Bioscience),Ketoconazole 2% Shampoo topical,أمبول,2%,,علبة,أمبولة,1,0,8750,8750,8750,1
12-B00-027,RISONEL 0.05% - Nasal Spray (ABDi iBRAHiM),Mometasone furoate monohydrate eq. 50mcg Mometasone furoate / Metered dose Spray Nasal,بخاخ,0.05%,,عبوة,عبوة,1,0,6750,6750,6750,1
12-B00-027,norhinose nasal spray (Amirya),Mometasone furoate monohydrate eq. 50mcg Mometasone furoate / Metered dose Spray Nasal,بخاخ,50mcg,,عبوة,عبوة,1,0,8750,8750,8750,1
12-B00-027,Sinocort - metered dose nasal spray (API),Mometasone furoate monohydrate eq. 50mcg Mometasone furoate / Metered dose Spray Nasal,بخاخ,50mcg,,عبوة,عبوة,1,0,8750,8750,8750,1
12-B00-027,Etacid 0.05% Nasal Spray (18g/140 dose) (World medicine),Mometasone furoate monohydrate eq. 50mcg Mometasone furoate / Metered dose Spray Nasal,بخاخ,0.05%,,عبوة,عبوة,1,0,9750,9750,9750,1
12-B00-027,nazofix nasal spray 0.05% (Recordati),Mometasone furoate monohydrate eq. 50mcg Mometasone furoate / Metered dose Spray Nasal,بخاخ,0.05%,,عبوة,عبوة,1,0,9750,9750,9750,1
12-B00-027,Sinocort - metered dose nasal spray (API),Mometasone furoate monohydrate eq. 50mcg Mometasone furoate / Metered dose Spray Nasal,بخاخ,50mcg,,عبوة,عبوة,1,0,10000,10000,10000,1
12-B00-027,Avocom aqueous 0.05% nasal spray (Middle east(avalon pharma)),Mometasone furoate monohydrate eq. 50mcg Mometasone furoate / Metered dose Spray Nasal,بخاخ,0.05%,,عبوة,عبوة,1,0,11000,11000,11000,1
12-B00-027,momecon 0.05%nasal spray (Bilim),Mometasone furoate monohydrate eq. 50mcg Mometasone furoate / Metered dose Spray Nasal,بخاخ,0.05%,,عبوة,عبوة,1,0,11000,11000,11000,1
12-B00-027,Aresil Nasal spray 0.05% (DAD),Mometasone furoate monohydrate eq. 50mcg Mometasone furoate / Metered dose Spray Nasal,بخاخ,0.05%,,عبوة,عبوة,1,0,11000,11000,11000,1
12-B00-027,Risonel 0.05% nasal spray (ABDi iBRAHiM),Mometasone furoate monohydrate eq. 50mcg Mometasone furoate / Metered dose Spray Nasal,بخاخ,0.05%,,عبوة,عبوة,1,0,11000,11000,11000,1
12-B00-027,alivio aqueous 0.05%W/W nasal spray (Pharma International),Mometasone furoate monohydrate eq. 50mcg Mometasone furoate / Metered dose Spray Nasal,بخاخ,0.05%,,عبوة,عبوة,1,0,11500,11500,11500,1
12-B00-027,Tabunex 0.05% Aqueous Nasal spray (Tabuk),Mometasone furoate monohydrate eq. 50mcg Mometasone furoate / Metered dose Spray Nasal,بخاخ,0.05%,,عبوة,عبوة,1,0,11500,11500,11500,1
12-B00-027,Laconex nasal spray susp 50mcg (Farmea),Mometasone furoate monohydrate eq. 50mcg Mometasone furoate / Metered dose Spray Nasal,بخاخ,50mcg,,عبوة,عبوة,1,0,11500,11500,11500,1
12-B00-027,Mometix AQ 0.05 % nasal spray (Drogsan),Mometasone furoate monohydrate eq. 50mcg Mometasone furoate / Metered dose Spray Nasal,بخاخ,0.05%,,عبوة,عبوة,1,0,12750,12750,12750,1
12-B00-027,Monaliz0.05% nasal spray (DEVA),Mometasone furoate monohydrate eq. 50mcg Mometasone furoate / Metered dose Spray Nasal,بخاخ,0.05%,,عبوة,عبوة,1,0,13000,13000,13000,1
12-B00-027,APO – MOMETASONE Aqueous Nasal Spray 140 metered spray (APOTEX),Mometasone furoate monohydrate eq. 50mcg Mometasone furoate / Metered dose Spray Nasal,بخاخ,50mcg,,عبوة,عبوة,1,0,13500,13500,13500,1
12-B00-027,NASONEX NASAL SPRAY (Organon),Mometasone furoate monohydrate eq. 50mcg Mometasone furoate / Metered dose Spray Nasal,بخاخ,50mcg,,عبوة,عبوة,1,0,14500,14500,14500,1
12-A00-006,Dewax Ear Drop 0.5% (API),Dioctyl sodium sulphosuccinate 5% drop otic (ear),قطرة أذن,0.50%,,عبوة,قطرة,1,0,2750,2750,2750,1
12-A00-006,waxsol ear drops - 0.5% ear drop (Riyadhpharma),Dioctyl sodium sulphosuccinate 5% drop otic (ear),قطرة أذن,0.50%,,عبوة,قطرة,1,0,4500,4500,4500,1
12-C00-010,Kenalogain oral paste 0.1% (WadiAlrafidain),Triamcinolone acetonid 0.1% paste,جل,0.10%,,تيوب,تيوب,1,0,1500,1500,1500,1
12-C00-010,denti-cort dental paste (Domina),Triamcinolone acetonid 0.1% paste,معجون فموي,0.10%,,تيوب,تيوب,1,0,3000,3000,3000,1
12-C00-010,Kenalog in orabase oint. (Unipharma (under license from BMS)),Triamcinolone acetonid 0.1% paste,مرهم,0.10%,,تيوب,تيوب,1,0,3500,3500,3500,1
12-C00-010,Trialog dental paste (Ultra medica),Triamcinolone acetonid 0.1% paste,معجون فموي,0.10%,,تيوب,تيوب,1,0,4500,4500,4500,1
13-F00-015,retinoid 0.05% cream (Domina),Tretinoin (Retinoic acid) 0.05% Cream topical,كريم,0.05%,,تيوب,تيوب,1,0,3500,3500,3500,1
13-F00-015,ACNE-OFF 0.05% (Sama Alfayhaa),Tretinoin (Retinoic acid) 0.05% Cream topical,كريم,0.05%,,تيوب,تيوب,1,0,4500,4500,4500,1
13-F00-015,A-Ret cream (Medpharma),Tretinoin (Retinoic acid) 0.05% Cream topical,كريم,0.05%,,تيوب,تيوب,1,0,4500,4500,4500,1
13-F00-015,Smooderm cream 0.05% (DAD),Tretinoin (Retinoic acid) 0.05% Cream topical,كريم,0.05%,,تيوب,تيوب,30,0,4750,158.33,4750,1
13-F00-015,Acnederm 0.05% (Al hayat),Tretinoin (Retinoic acid) 0.05% Cream topical,كريم,0.05%,,تيوب,تيوب,1,0,5000,5000,5000,1
13-F00-015,Acretin 0.05% cream (.Jamjoom ph),Tretinoin (Retinoic acid) 0.05% Cream topical,كريم,0.05%,,تيوب,تيوب,1,0,5500,5500,5500,1
05-AG0-052,Azidic 250mg (Dijla),Azithromycin (as dihydrate)or (as monohydrate) eq. base anhydrous Azithromycin 250mg tablet or capsule oral,كبسول,250mg,,علبة,شريط,1,0,1750,1750,1750,1
05-AG0-052,azithromycin 250 tab (Al furat),Azithromycin (as dihydrate)or (as monohydrate) eq. base anhydrous Azithromycin 250mg tablet or capsule oral,حبوب,250mg,,علبة,شريط,1,0,2000,2000,2000,1
05-AG0-052,Zithrocin 250 mg (Unique),Azithromycin (as dihydrate)or (as monohydrate) eq. base anhydrous Azithromycin 250mg tablet or capsule oral,كبسول,250 mg,,علبة,شريط,1,0,2500,2500,2500,1
05-AG0-052,xenocin 250mg tab (Al jazeera),Azithromycin (as dihydrate)or (as monohydrate) eq. base anhydrous Azithromycin 250mg tablet or capsule oral,حبوب,250mg,,علبة,شريط,1,0,2500,2500,2500,1
05-AG0-052,azithrosam-250tab (SDI),Azithromycin (as dihydrate)or (as monohydrate) eq. base anhydrous Azithromycin 250mg tablet or capsule oral,حبوب,250mg,,علبة,شريط,1,0,2500,2500,2500,1
05-AG0-052,azotic-250 f.c.t (Al mansour),Azithromycin (as dihydrate)or (as monohydrate) eq. base anhydrous Azithromycin 250mg tablet or capsule oral,حبوب,250mg,,علبة,شريط,1,0,3000,3000,3000,1
05-AG0-052,Xithromin 250 (Jedco),Azithromycin (as dihydrate)or (as monohydrate) eq. base anhydrous Azithromycin 250mg tablet or capsule oral,كبسول,250mg,,علبة,شريط,1,0,3000,3000,3000,1
05-AG0-052,ZAHA 250 - 250mg FCT (Ajanta),Azithromycin (as dihydrate)or (as monohydrate) eq. base anhydrous Azithromycin 250mg tablet or capsule oral,حبوب,250mg,,علبة,شريط,1,0,3000,3000,3000,1
05-AG0-052,ipizomax tripack 250mg cap,Azithromycin (as dihydrate)or (as monohydrate) eq. base anhydrous Azithromycin 250mg tablet or capsule oral,كبسول,250mg,,علبة,شريط,1,0,3000,3000,3000,1
05-AG0-052,Azomycin 250 mg cap. (Julphar),Azithromycin (as dihydrate)or (as monohydrate) eq. base anhydrous Azithromycin 250mg tablet or capsule oral,كبسول,250 mg,,علبة,شريط,1,0,4500,4500,4500,1
05-AG0-052,Zetron 250 mg cap (Tabuk),Azithromycin (as dihydrate)or (as monohydrate) eq. base anhydrous Azithromycin 250mg tablet or capsule oral,كبسول,250 mg,,علبة,شريط,1,0,4500,4500,4500,1
05-AG0-052,Azicure 250mg cap (UPM),Azithromycin (as dihydrate)or (as monohydrate) eq. base anhydrous Azithromycin 250mg tablet or capsule oral,كبسول,250mg,,علبة,شريط,1,0,4500,4500,4500,1
05-AG0-052,azitro 250mg (Deva holding),Azithromycin (as dihydrate)or (as monohydrate) eq. base anhydrous Azithromycin 250mg tablet or capsule oral,حبوب,250mg,,علبة,شريط,1,0,4500,4500,4500,1
05-AG0-052,ZITRONEER 250mg (Pioneer),Azithromycin (as dihydrate)or (as monohydrate) eq. base anhydrous Azithromycin 250mg tablet or capsule oral,كبسول,250mg,,علبة,شريط,1,0,4500,4500,4500,1
05-AG0-052,azithromycin-MDI,Azithromycin (as dihydrate)or (as monohydrate) eq. base anhydrous Azithromycin 250mg tablet or capsule oral,كبسول,250mg,,علبة,شريط,1,0,4500,4500,4500,1
05-AG0-052,azimac 250mg f.c tab (Riyadhpharma),Azithromycin (as dihydrate)or (as monohydrate) eq. base anhydrous Azithromycin 250mg tablet or capsule oral,حبوب,250mg,,علبة,شريط,1,0,4750,4750,4750,1
05-AG0-052,AZOX 250mg tab (JPM),Azithromycin (as dihydrate)or (as monohydrate) eq. base anhydrous Azithromycin 250mg tablet or capsule oral,حبوب,250mg,,علبة,شريط,1,0,5000,5000,5000,1
05-AG0-052,Azi-once 250mg cap (Jamjoom),Azithromycin (as dihydrate)or (as monohydrate) eq. base anhydrous Azithromycin 250mg tablet or capsule oral,كبسول,250mg,,علبة,شريط,1,0,5750,5750,5750,1
05-AG0-052,azithro-Denk 250mg tab (Denk pharma),Azithromycin (as dihydrate)or (as monohydrate) eq. base anhydrous Azithromycin 250mg tablet or capsule oral,حبوب,250mg,,علبة,شريط,1,0,7250,7250,7250,1
05-AG0-052,ZAHA 250 - 250mg FCT (Ajanta pharma),Azithromycin (as dihydrate)or (as monohydrate) eq. base anhydrous Azithromycin 250mg tablet or capsule oral,حبوب,250mg,,علبة,شريط,10,0,25250,2525,25250,1
05-AG0-052,azithromycin 250 tab (Al furat),Azithromycin (as dihydrate)or (as monohydrate) eq. base anhydrous Azithromycin 250mg tablet or capsule oral,حبوب,250mg,,علبة,شريط,25,0,35000,1400,35000,1
11-D00-002,ZETANIDE 250mg tab (Ajanta),Acetazolamide 250mg Tablet,حبوب,250mg,,علبة,شريط,3,0,6500,2166.67,6500,1
11-D00-002,alphanova ophthalmic solu. (Orchidia),Acetazolamide 250mg Tablet,قطرة عين,250mg,,عبوة,قطرة,1,0,4500,4500,4500,1
11-D00-002,Brado eye drop (API),Acetazolamide 250mg Tablet,قطرة عين,250mg,,عبوة,قطرة,1,0,9750,9750,9750,1
11-D00-002,rimonal 0.2% eye drop (World medicine pharma),Acetazolamide 250mg Tablet,قطرة عين,0.20%,,عبوة,قطرة,1,0,9750,9750,9750,1
11-D00-002,BRIMO 0.2% ophthalmic solution (Jamjoom),Acetazolamide 250mg Tablet,قطرة عين,0.20%,,عبوة,قطرة,1,0,9750,9750,9750,1
11-D00-002,Rimopure eye drop (Rafarm),Acetazolamide 250mg Tablet,قطرة عين,250mg,,عبوة,قطرة,1,0,13000,13000,13000,1
11-D00-002,Brimogan sterile eye drop solution 0.2% w/v (Cooper),Acetazolamide 250mg Tablet,قطرة عين,0.20%,,عبوة,قطرة,1,0,13000,13000,13000,1
11-D00-002,Bglau 2mg/ml eye drops (lab. Edol),Acetazolamide 250mg Tablet,قطرة عين,2mg,,عبوة,قطرة,1,0,13750,13750,13750,1
11-D00-002,Brimontal eye drop solution (Rafarm),Acetazolamide 250mg Tablet,قطرة عين,250mg,,عبوة,قطرة,1,0,14250,14250,14250,1
11-D00-002,Predol (lab. Edol),Acetazolamide 250mg Tablet,Predol,250mg,,علبة,قطعة,1,0,9500,9500,9500,1
06-F00-005,Duphaston 10mg (Abbott),Dydrogesterone 10mg Tablet,حبوب,10mg,,علبة,شريط,1,0,14500,14500,14500,1
06-F00-030,Gestophil 400 mg suppositories for rectal or vaginal use (Philadelphia),Progesterone 400mg Suppository or Pessaries vaginal,تحاميل,400 mg,,علبة,تحميلة,3,0,23000,7666.67,23000,1
06-F00-030,progesta 400mg pessaries (Joriver),Progesterone 400mg Suppository or Pessaries vaginal,تحاميل,400mg,,علبة,تحميلة,3,0,23000,7666.67,23000,1
06-F00-030,Cyclogest 400 mg pessaries (Accord),Progesterone 400mg Suppository or Pessaries vaginal,تحاميل,400 mg,,علبة,تحميلة,3,0,38000,12666.67,38000,1
10-AA0-028,ponstamic cap 500mg (Al jazeera),Mefenamic acid 500mg tablet,حبوب,500mg,,علبة,شريط,1,0,750,750,750,1
10-AA0-028,Monstan - 500mg (Al_kindi),Mefenamic acid 500mg tablet,حبوب,500mg,,علبة,شريط,1,0,750,750,750,1
10-AA0-028,Mefril - 500 Tablets (Micro Lab),Mefenamic acid 500mg tablet,حبوب,500mg,,علبة,شريط,1,0,750,750,750,1
10-AA0-028,Ponstidin - 500mg tab (SDI),Mefenamic acid 500mg tablet,حبوب,500mg,,علبة,شريط,1,0,750,750,750,1
10-AA0-028,Monstan - 500mg (Al_kindi),Mefenamic acid 500mg tablet,حبوب,500mg,,علبة,شريط,2,0,1250,625,1250,1
10-AA0-028,furalgin forte - tab (Al furat),Mefenamic acid 500mg tablet,حبوب,500mg,,علبة,شريط,1,0,1500,1500,1500,1
10-AA0-028,Piostan - 500mg tab (Pioneer),Mefenamic acid 500mg tablet,حبوب,500mg,,علبة,شريط,1,0,1500,1500,1500,1
10-AA0-028,Ponstidin - 500mg tab (SDI),Mefenamic acid 500mg tablet,حبوب,500mg,,علبة,شريط,2,0,1500,750,1500,1
10-AA0-028,Mefenadain 500mg caplet (WadiAlrafidain),Mefenamic acid 500mg tablet,كبسول,500mg,,علبة,شريط,2,0,2000,1000,2000,1
10-AA0-028,ponstale 500mg caplet (IPI),Mefenamic acid 500mg tablet,كبسول,500mg,,علبة,شريط,3,0,2000,666.67,2000,1
10-AA0-028,Painex Forte 500mg Film Coated Caplets (Joswe),Mefenamic acid 500mg tablet,كبسول,500mg,,علبة,شريط,2,0,2750,1375,2750,1
10-AA0-028,PIOSTAN 500mg (Pioneer),Mefenamic acid 500mg tablet,حبوب,500mg,,علبة,شريط,2,0,2750,1375,2750,1
10-AA0-028,fendol D.S 500mg tab (Hikma),Mefenamic acid 500mg tablet,حبوب,500mg,,علبة,شريط,2,0,3000,1500,3000,1
10-AA0-028,Asponsten 500mg (Aswar alkhalej),Mefenamic acid 500mg tablet,حبوب,500mg,,علبة,شريط,2,0,3000,1500,3000,1
10-AA0-028,fenam forte 500mg tab (JPI),Mefenamic acid 500mg tablet,حبوب,500mg,,علبة,شريط,2,0,3500,1750,3500,1
10-AA0-028,Piostan - 500mg tab (Pioneer),Mefenamic acid 500mg tablet,حبوب,500mg,,علبة,شريط,5,0,4250,850,4250,1
10-AA0-028,Mefril - 500 FCT (Micro Lab),Mefenamic acid 500mg tablet,حبوب,500mg,,علبة,شريط,10,0,5750,575,5750,1
10-AA0-028,Meflam 500 mg tablet (Ajanta),Mefenamic acid 500mg tablet,حبوب,500 mg,,علبة,شريط,10,0,6500,650,6500,1
10-AA0-028,mefstan 500mg tab (Brawn lab.),Mefenamic acid 500mg tablet,حبوب,500mg,,علبة,شريط,10,0,6500,650,6500,1
10-AA0-028,Ponstan Forte 500 (Pfizer),Mefenamic acid 500mg tablet,حبوب,500mg,,علبة,شريط,2,0,6500,3250,6500,1
10-AA0-028,Ponstamic 500mg (Al jazeera),Mefenamic acid 500mg tablet,حبوب,500mg,,علبة,شريط,10,0,9250,925,9250,1
10-AA0-028,MEFENADAIN - 500mg caplet (WadiAlrafidain),Mefenamic acid 500mg tablet,كبسول,500mg,,علبة,شريط,10,0,9250,925,9250,1
10-AA0-028,furalgin forte - tab (Al furat),Mefenamic acid 500mg tablet,حبوب,500mg,,علبة,شريط,10,0,13000,1300,13000,1
10-AA0-028,Piostan - 500mg tab (Pioneer),Mefenamic acid 500mg tablet,حبوب,500mg,,علبة,شريط,50,0,35000,700,35000,1
10-D00-007,myofix 150mg F.C.T (Pioneer),tolperisone hydrochloride 150 mg Tablet,حبوب,150mg,,علبة,شريط,2,0,7000,3500,7000,1
10-D00-007,Miderizone (Meditop Pharmaceutical/Hungar),tolperisone hydrochloride 150 mg Tablet,حبوب,150 mg,,علبة,شريط,3,0,13500,4500,13500,1
10-D00-007,Stiffano tablets (Joswe),tolperisone hydrochloride 150 mg Tablet,حبوب,150 mg,,علبة,شريط,3,0,14500,4833.33,14500,1
10-D00-007,Mydocalm 150mg f.c.tab (Labatec farmaceutica S.A),tolperisone hydrochloride 150 mg Tablet,حبوب,150mg,,علبة,شريط,3,0,21500,7166.67,21500,1
07-F00-015,Tyra 5mg tab (DAD),Tadalafil 5mg Tablet,حبوب,5mg,,علبة,شريط,1,0,3750,3750,3750,1
07-F00-015,tada 5 tab (Dubai),Tadalafil 5mg Tablet,حبوب,5mg,,علبة,شريط,3,0,7500,2500,7500,1
07-F00-015,Samalafil-5 F.C.tab (SDI),Tadalafil 5mg Tablet,حبوب,5mg,,علبة,شريط,3,0,10750,3583.33,10750,1
07-F00-015,Herox 5mg tab (Tabuk pharma),Tadalafil 5mg Tablet,حبوب,5mg,,علبة,شريط,1,0,13250,13250,13250,1
07-F00-015,ciatuff 5mg tab (Aurobindo),Tadalafil 5mg Tablet,حبوب,5mg,,علبة,شريط,4,0,13250,3312.5,13250,1
07-F00-015,Diamonrecta (Eva pharma),Tadalafil 5mg Tablet,حبوب,5mg,,علبة,شريط,3,0,15500,5166.67,15500,1
07-F00-015,arista 5mg f.c. tab (Word Medicine),Tadalafil 5mg Tablet,حبوب,5mg,,علبة,شريط,2,0,17750,8875,17750,1
07-F00-015,Upsysto 5 mg film coated tablet (Acino Pharmaceuticals FZ-LLC - United Arab Emirates),Tadalafil 5mg Tablet,حبوب,5 mg,,علبة,شريط,1,0,17750,17750,17750,1
07-F00-015,Tyra 5mg F.C. tab (DAD),Tadalafil 5mg Tablet,حبوب,5mg,,علبة,شريط,4,0,23000,5750,23000,1
07-F00-015,dandafive 5mg F.C.tab (Julphar),Tadalafil 5mg Tablet,حبوب,5mg,,علبة,شريط,2,0,24500,12250,24500,1
07-F00-015,zaeer 5mg FCT (Global pharma),Tadalafil 5mg Tablet,حبوب,5mg,,علبة,شريط,2,0,25500,12750,25500,1
07-F00-015,Tadagaran - 5mg FCT (ABDi iBRAHiM),Tadalafil 5mg Tablet,حبوب,5mg,,علبة,شريط,2,0,31750,15875,31750,1
07-F00-015,teldana 5mg soft cap (GAP),Tadalafil 5mg Tablet,كبسول,5mg,,علبة,شريط,2,0,33000,16500,33000,1
07-F00-015,FLYNTA (ilko ilac sanayi ve tic A.S),Tadalafil 5mg Tablet,حبوب,5mg,,علبة,شريط,4,0,33000,8250,33000,1
07-F00-015,Lifta 5mg f.c.t (ABDi iBRAHiM),Tadalafil 5mg Tablet,حبوب,5mg,,علبة,شريط,2,0,33000,16500,33000,1
07-F00-015,Talys 5mg F.C.tab. (Pharmaline),Tadalafil 5mg Tablet,حبوب,5mg,,علبة,شريط,3,0,35500,11833.33,35500,1
07-F00-015,link 5mg tab (Joswe),Tadalafil 5mg Tablet,حبوب,5mg,,علبة,شريط,3,0,35500,11833.33,35500,1
07-F00-015,Savimale 5mg (Savvy Pharma),Tadalafil 5mg Tablet,حبوب,5mg,,علبة,شريط,3,0,35500,11833.33,35500,1
07-F00-015,Herox - 5mg F.C.T (Tabuk pharma),Tadalafil 5mg Tablet,حبوب,5mg,,علبة,شريط,3,0,35500,11833.33,35500,1
07-F00-015,adams 5mg f.c.tab (Pharma International),Tadalafil 5mg Tablet,حبوب,5mg,,علبة,شريط,3,0,35500,11833.33,35500,1
07-F00-015,Redex 5mg f.c.t (AL-taqaddom pharmaceutical Industries),Tadalafil 5mg Tablet,حبوب,5mg,,علبة,شريط,3,0,35500,11833.33,35500,1
07-F00-015,tango 5mg (UPM),Tadalafil 5mg Tablet,حبوب,5mg,,علبة,شريط,3,0,35500,11833.33,35500,1
07-F00-015,titanafil 5mg f.c.t (Acino),Tadalafil 5mg Tablet,حبوب,5mg,,علبة,شريط,2,0,36000,18000,36000,1
07-F00-015,epal tab 5mg (Huons),Tadalafil 5mg Tablet,حبوب,5mg,,علبة,شريط,3,0,36250,12083.33,36250,1
07-F00-015,tadanor 5mg tab (Lab.Normon),Tadalafil 5mg Tablet,حبوب,5mg,,علبة,شريط,2,0,41000,20500,41000,1
07-F00-015,Cialis - 5mg f.c. tab (Lilly del Caribe),Tadalafil 5mg Tablet,حبوب,5mg,,علبة,شريط,2,0,101000,50500,101000,1
07-F00-015,Butamol - (Al_kindi),Tadalafil 5mg Tablet,حبوب,5mg,,علبة,شريط,1,0,250,250,250,1
07-F00-015,Salbutamol - 2mg tab (Al safa),Tadalafil 5mg Tablet,حبوب,2mg,,علبة,شريط,1,0,500,500,500,1
07-F00-015,Butamol - (Al_kindi),Tadalafil 5mg Tablet,حبوب,5mg,,علبة,شريط,2,0,500,250,500,1
07-F00-015,Salbutamol - 2mg tab (Al safa),Tadalafil 5mg Tablet,حبوب,2mg,,علبة,شريط,3,0,1000,333.33,1000,1
07-F00-015,Butalin 2mg tab (Julphar),Tadalafil 5mg Tablet,حبوب,2mg,,علبة,شريط,1,0,1500,1500,1500,1
07-F00-015,BUTAMOL - 2mg tab. (Al_kindi),Tadalafil 5mg Tablet,حبوب,2mg,,علبة,شريط,50,0,11250,225,11250,1
07-F00-015,Salbutamol - 2mg tab (Al safa),Tadalafil 5mg Tablet,حبوب,2mg,,علبة,شريط,100,0,24250,242.5,24250,1
07-F00-015,Esofag 40mg tab (Micro Lab),Tadalafil 5mg Tablet,حبوب,40mg,,علبة,شريط,3,0,5250,1750,5250,1
07-F00-015,NEXIMASH,Tadalafil 5mg Tablet,كبسول,5mg,,علبة,شريط,2,0,6500,3250,6500,1
07-F00-015,Esmoloc 40 tab (Ajanta pharma),Tadalafil 5mg Tablet,حبوب,5mg,,علبة,شريط,3,0,6500,2166.67,6500,1
07-F00-015,esoma - 40mg cap (Medical),Tadalafil 5mg Tablet,كبسول,40mg,,علبة,شريط,2,0,7250,3625,7250,1
07-F00-015,Awanex 40mg e.c cap (Awamedica),Tadalafil 5mg Tablet,كبسول,40mg,,علبة,شريط,2,0,7500,3750,7500,1
07-F00-015,Esopraz 40 - 40mg cap. (Pioneer),Tadalafil 5mg Tablet,كبسول,40mg,,علبة,شريط,2,0,7500,3750,7500,1
07-F00-015,pumpinox 40mg E.C.tab (Pharma International),Tadalafil 5mg Tablet,حبوب,40mg,,علبة,شريط,1,0,8750,8750,8750,1
07-F00-015,Novera 40mg D.R.cap (AL-taqaddom pharmaceutical),Tadalafil 5mg Tablet,كبسول,40mg,,علبة,شريط,1,0,8750,8750,8750,1
07-F00-015,esomeloden enteric coated (Evapharma),Tadalafil 5mg Tablet,حبوب,5mg,,علبة,شريط,2,0,9000,4500,9000,1
07-F00-015,Esomeprazole TAD 40mg (KRKA),Tadalafil 5mg Tablet,كبسول,40mg,,علبة,شريط,1,0,10000,10000,10000,1
07-F00-015,Gordex 40mg cap (Julphar),Tadalafil 5mg Tablet,كبسول,40mg,,علبة,شريط,2,0,10000,5000,10000,1
07-F00-015,Emanera 40 mg (KRKA),Tadalafil 5mg Tablet,كبسول,40 mg,,علبة,شريط,2,0,10000,5000,10000,1
07-F00-015,esoma - 40mg cap (Medical),Tadalafil 5mg Tablet,كبسول,40mg,,علبة,شريط,4,0,13000,3250,13000,1
07-F00-015,esopraz 40mg cap (Pioneer),Tadalafil 5mg Tablet,كبسول,40mg,,علبة,شريط,4,0,13750,3437.5,13750,1
07-F00-015,Nexon 40mg GRT (Theragen ETEX),Tadalafil 5mg Tablet,حبوب,40mg,,علبة,شريط,2,0,14000,7000,14000,1
07-F00-015,ESOROK 40mg (UROK),Tadalafil 5mg Tablet,كبسول,40mg,,علبة,شريط,3,0,15000,5000,15000,1
07-F00-015,pumpinox 40mg tab (Pharma International),Tadalafil 5mg Tablet,حبوب,40mg,,علبة,شريط,1,0,15250,15250,15250,1
07-F00-015,NOVERA 40 - 40mg delayed release cap (AL-taqaddom pharmaceutical),Tadalafil 5mg Tablet,كبسول,40mg,,علبة,شريط,1,0,15250,15250,15250,1
07-F00-015,Nexium 40mg tablet (AstraZeneca),Tadalafil 5mg Tablet,حبوب,40mg,,علبة,شريط,2,0,16250,8125,16250,1
07-F00-015,ESOLINA (INPHARMASCI/Fance),Tadalafil 5mg Tablet,كبسول,5mg,,علبة,شريط,4,0,17750,4437.5,17750,1
02-C00-022,Penta - 40mg E.C.tab (ALPHA-Aleppo),pantoprazole 40mg enteric coated tablet,حبوب,40mg,,علبة,شريط,2,0,0,0,0,1
02-C00-022,proton 40mg f.c. tab (Spimaco),pantoprazole 40mg enteric coated tablet,حبوب,40mg,,علبة,شريط,1,0,4500,4500,4500,1
02-C00-022,protofix 40mg tab (Rameda),pantoprazole 40mg enteric coated tablet,حبوب,40mg,,علبة,شريط,1,0,4500,4500,4500,1
02-C00-022,pantodar 40mg E.C.T (DAD),pantoprazole 40mg enteric coated tablet,حبوب,40mg,,علبة,شريط,1,0,5500,5500,5500,1
02-C00-022,Pantoprazole TAD 40mg gastro-resistant tab (KRKA),pantoprazole 40mg enteric coated tablet,حبوب,40mg,,علبة,شريط,1,0,5500,5500,5500,1
02-C00-022,Razon - 40mg ECT (JPM),pantoprazole 40mg enteric coated tablet,حبوب,40mg,,علبة,شريط,1,0,5500,5500,5500,1
02-C00-022,panref 40mg ECT (Biofarma Ilac Sanayi ve Tic A.S.),pantoprazole 40mg enteric coated tablet,حبوب,40mg,,علبة,شريط,1,0,5500,5500,5500,1
02-C00-022,Futapan (Future pharma),pantoprazole 40mg enteric coated tablet,حبوب,40mg,,علبة,شريط,1,0,5500,5500,5500,1
02-C00-022,Protech 40 E.C. tab (Drogsan),pantoprazole 40mg enteric coated tablet,حبوب,40mg,,علبة,شريط,1,0,5500,5500,5500,1
02-C00-022,Panocer 40mg tab (ilko ilac sanayi ve tic A.S),pantoprazole 40mg enteric coated tablet,حبوب,40mg,,علبة,شريط,2,0,6500,3250,6500,1
02-C00-022,Inipant 40mg gastro resistance tablet (Special products),pantoprazole 40mg enteric coated tablet,حبوب,40mg,,علبة,شريط,2,0,6500,3250,6500,1
02-C00-022,ULCOREKS - 40mg EC tab. (Bilim),pantoprazole 40mg enteric coated tablet,حبوب,40mg,,علبة,شريط,1,0,6750,6750,6750,1
02-C00-022,topraz 40mg GRT (Aurobindo),pantoprazole 40mg enteric coated tablet,حبوب,40mg,,علبة,شريط,3,0,7250,2416.67,7250,1
02-C00-022,Pantomax (Saja Pharmaceutical/egypt),pantoprazole 40mg enteric coated tablet,حبوب,40mg,,علبة,شريط,1,0,7250,7250,7250,1
02-C00-022,proton 40mg e.c. tab (Spimaco),pantoprazole 40mg enteric coated tablet,حبوب,40mg,,علبة,شريط,2,0,7750,3875,7750,1
02-C00-022,PantoNor - 40 mg G.R.T (Laboratorios Normon),pantoprazole 40mg enteric coated tablet,حبوب,40 mg,,علبة,شريط,1,0,8000,8000,8000,1
02-C00-022,Panto-Denk 40mg tab (Allphamed Pharbil),pantoprazole 40mg enteric coated tablet,حبوب,40mg,,علبة,شريط,1,0,8000,8000,8000,1
02-C00-022,Panum 40mg (Unique),pantoprazole 40mg enteric coated tablet,حبوب,40mg,,علبة,شريط,3,0,9250,3083.33,9250,1
02-C00-022,REPRAT 40 mg gastro- resistant tablet (Sofarimex),pantoprazole 40mg enteric coated tablet,حبوب,40 mg,,علبة,شريط,2,0,10500,5250,10500,1
02-C00-022,pantactive 40mg E.C.tab (HUMANIS SAGLIK ANONIM SIRKETI/Turkey),pantoprazole 40mg enteric coated tablet,حبوب,40mg,,علبة,شريط,2,0,10750,5375,10750,1
02-C00-022,ProNix 40mg gastro resistance caplet (Sama Alfayhaa),pantoprazole 40mg enteric coated tablet,حبوب,40mg,,علبة,شريط,3,0,11250,3750,11250,1
02-C00-022,pantodar 40mg tab (DAD),pantoprazole 40mg enteric coated tablet,حبوب,40mg,,علبة,شريط,1,0,11500,11500,11500,1
02-C00-022,Controloc 40mg G.R.tab (Takeda),pantoprazole 40mg enteric coated tablet,حبوب,40mg,,علبة,شريط,1,0,12750,12750,12750,1
02-C00-022,PANTOMAX (Saja),pantoprazole 40mg enteric coated tablet,حبوب,40mg,,علبة,شريط,2,0,14000,7000,14000,1
02-C00-022,Panto-Denk 40mg tab (Allphamed Pharbil),pantoprazole 40mg enteric coated tablet,حبوب,40mg,,علبة,شريط,2,0,14250,7125,14250,1
01-F00-009,Awadilazim SR 90mg (Awamedica),Diltiazem Hydrochloride 90mg sustained release Capsule or sustained release Table,حبوب,90mg,,علبة,شريط,3,0,4250,1416.67,4250,1
01-F00-009,Bi.tildiem SR 90 (Sanofi),Diltiazem Hydrochloride 90mg sustained release Capsule or sustained release Table,حبوب,90mg,,علبة,شريط,2,0,11750,5875,11750,1
01-F00-009,Selotil 500mg f.c.t (Pioneer),Diltiazem Hydrochloride 90mg sustained release Capsule or sustained release Table,حبوب,500mg,,علبة,شريط,5,0,49000,9800,49000,1
01-F00-009,mycept 500tab (Panacea Biotec),Diltiazem Hydrochloride 90mg sustained release Capsule or sustained release Table,حبوب,90mg,,علبة,شريط,3,0,51000,17000,51000,1
01-F00-009,mycophenolate mofetil 500mg tab (Intas),Diltiazem Hydrochloride 90mg sustained release Capsule or sustained release Table,حبوب,500mg,,علبة,شريط,5,0,55000,11000,55000,1
01-F00-009,Imunocell 500mg FCT (Benta S.A.L),Diltiazem Hydrochloride 90mg sustained release Capsule or sustained release Table,حبوب,500mg,,علبة,شريط,5,0,61000,12200,61000,1
01-F00-009,myora 500mg tab (APM),Diltiazem Hydrochloride 90mg sustained release Capsule or sustained release Table,حبوب,500mg,,علبة,شريط,5,0,61000,12200,61000,1
01-F00-009,mycophenolate mofetil tillomed 500mg (Emcure),Diltiazem Hydrochloride 90mg sustained release Capsule or sustained release Table,حبوب,500mg,,علبة,شريط,5,0,61000,12200,61000,1
01-F00-009,Cellcept 500 mg cap (F. Hoffman-La Roche Ltd.),Diltiazem Hydrochloride 90mg sustained release Capsule or sustained release Table,كبسول,500 mg,,علبة,شريط,5,0,90000,18000,90000,1
01-F00-009,Lamucon 500 mg f.c. tab (Lek pharma),Diltiazem Hydrochloride 90mg sustained release Capsule or sustained release Table,حبوب,500 mg,,علبة,شريط,5,0,110000,22000,110000,1
01-F00-009,Mofetab 500mg tab (Tabuk pharma),Diltiazem Hydrochloride 90mg sustained release Capsule or sustained release Table,حبوب,500mg,,علبة,شريط,15,0,167000,11133.33,167000,1
01-F00-009,NOPAIN D.S .Tab (Hikma pharmaceuticals),Diltiazem Hydrochloride 90mg sustained release Capsule or sustained release Table,حبوب,90mg,,علبة,شريط,1,0,3500,3500,3500,1
01-F00-009,NAPROKIN 500mg (Al_kindi),Diltiazem Hydrochloride 90mg sustained release Capsule or sustained release Table,حبوب,500mg,,علبة,شريط,2,0,4750,2375,4750,1
01-F00-009,NAPRON 500mg (Pioneer),Diltiazem Hydrochloride 90mg sustained release Capsule or sustained release Table,حبوب,500mg,,علبة,شريط,2,0,4750,2375,4750,1
01-F00-009,Inaprol fort (Bilim),Diltiazem Hydrochloride 90mg sustained release Capsule or sustained release Table,حبوب,90mg,,علبة,شريط,2,0,7000,3500,7000,1
01-F00-009,"naproxen Normon 500mg tab (Laboratorios NORMON, S.A)",Diltiazem Hydrochloride 90mg sustained release Capsule or sustained release Table,حبوب,500mg,,علبة,شريط,4,0,13750,3437.5,13750,1
10-D00-008,Parozon (ALPHA-Aleppo),Chlorzoxazone 250 mg + Paracetamol 300 mg Capsule,كبسول,250 mg,,علبة,شريط,20,0,1750,87.5,1750,1
10-D00-008,jaxelon cap (Al jazeera),Chlorzoxazone 250 mg + Paracetamol 300 mg Capsule,كبسول,250 mg,,علبة,شريط,2,0,3750,1875,3750,1
10-D00-008,paraxone cap (Jazeera pharma),Chlorzoxazone 250 mg + Paracetamol 300 mg Capsule,كبسول,250 mg,,علبة,شريط,3,0,4500,1500,4500,1
10-D00-008,Relaxiged cap (Jedco),Chlorzoxazone 250 mg + Paracetamol 300 mg Capsule,كبسول,250 mg,,علبة,شريط,3,0,5250,1750,5250,1
10-D00-008,Relaxofay (Sama Alfayhaa),Chlorzoxazone 250 mg + Paracetamol 300 mg Capsule,كبسول,250 mg,,علبة,شريط,3,0,5750,1916.67,5750,1
10-D00-008,TAKAMOL RELAX (UROK),Chlorzoxazone 250 mg + Paracetamol 300 mg Capsule,كبسول,250 mg,,علبة,شريط,3,0,5750,1916.67,5750,1
10-D00-008,Relaxon (.Jamjoom ph),Chlorzoxazone 250 mg + Paracetamol 300 mg Capsule,كبسول,250 mg,,علبة,شريط,3,0,6500,2166.67,6500,1
10-D00-008,takamol relax cap (UROK),Chlorzoxazone 250 mg + Paracetamol 300 mg Capsule,كبسول,250 mg,,علبة,شريط,10,0,28000,2800,28000,1
07-C00-060,BIDKIN (Al Afrah),Sodium Bicarbonate 10gm powder external use,أكياس فوار,10gm,,علبة,كيس,10,0,1500,150,1500,1
07-C00-060,Sodium bicarbonate powder (WadiAlrafidain),Sodium Bicarbonate 10gm powder external use,أكياس فوار,10gm,,علبة,كيس,10,0,1500,150,1500,1
05-AG0-044,ticopex 200mg (MS pharma),"Teicoplanin 200mg vial injection IM , IV , I.V infusion and oral",فيال,200mg,,علبة,فيال,1,0,20250,20250,20250,1
05-AG0-044,TEICODIS (Medis),"Teicoplanin 200mg vial injection IM , IV , I.V infusion and oral",فيال,200mg,,علبة,فيال,1,0,20250,20250,20250,1
05-AG0-044,TARGOCID 200mg/3ml powder and solvent for (Sanofi),"Teicoplanin 200mg vial injection IM , IV , I.V infusion and oral",فيال,200mg,,علبة,فيال,1,0,29250,29250,29250,1
05-AG0-044,Teicoplanin 200mg inj. (Lek pharma),"Teicoplanin 200mg vial injection IM , IV , I.V infusion and oral",فيال,200mg,,علبة,فيال,1,0,150000,150000,150000,1
02-C00-035,Olega (Bioventure healthcare),OMEGA 3 1000 MG SOFT GELS,كبسول,1000 MG,,علبة,شريط,1,0,9250,9250,9250,1
02-C00-035,omega 3 fish oil (THE protein lab),OMEGA 3 1000 MG SOFT GELS,كبسول,1000 MG,,علبة,شريط,1,0,9250,9250,9250,1
02-C00-035,LYNAE fish oil omega-3 1000mg (Boscogen),OMEGA 3 1000 MG SOFT GELS,كبسول,1000mg,,علبة,شريط,1,0,10000,10000,10000,1
02-C00-035,LYNAE fish oil omega-3 1000mg (Boscogen),OMEGA 3 1000 MG SOFT GELS,كبسول,1000mg,,علبة,شريط,1,0,10000,10000,10000,1
02-C00-035,Cure pharma OMEGA 3 1000mg CAPSULE (Power Health products LTD/uk),OMEGA 3 1000 MG SOFT GELS,كبسول,1000mg,,علبة,شريط,1,0,10750,10750,10750,1
02-C00-035,Omega 3 softgel cap (Sante Naturelle (A.G) Ltee),OMEGA 3 1000 MG SOFT GELS,كبسول,1000 MG,,علبة,شريط,1,0,14500,14500,14500,1
02-C00-035,ADRIEN Gagnon omega 3 (Sante Naturelle (A.G) Ltee),OMEGA 3 1000 MG SOFT GELS,كبسول,1000 MG,,علبة,شريط,1,0,14500,14500,14500,1
02-C00-035,LYNAE fish oil omega-3 1000mg (Boscogen),OMEGA 3 1000 MG SOFT GELS,كبسول,1000mg,,علبة,شريط,1,0,23000,23000,23000,1
02-C00-035,LYNAE fish oil omega-3 1000mg (Boscogen),OMEGA 3 1000 MG SOFT GELS,كبسول,1000mg,,علبة,شريط,1,0,23000,23000,23000,1
02-C00-035,viva fish oil 18/12 (1000mg)soft gels (Viva pharmaceutical/Canad a),OMEGA 3 1000 MG SOFT GELS,كبسول,1000mg,,علبة,شريط,1,0,31250,31250,31250,1
02-C00-035,viva fish oil 18/12 (1000mg)soft gels (Viva pharmaceutical/Canad),OMEGA 3 1000 MG SOFT GELS,كبسول,1000mg,,علبة,شريط,1,0,31250,31250,31250,1
02-C00-035,Viva Omega 369 Softgels (Viva pharmaceutical/Canad),OMEGA 3 1000 MG SOFT GELS,كبسول,1000 MG,,علبة,شريط,1,0,32750,32750,32750,1
02-C00-035,Omacor (Catalent Germany Eberbach/Germany),OMEGA 3 1000 MG SOFT GELS,كبسول,1000 MG,,علبة,شريط,4,0,34250,8562.5,34250,1
03-H00-003,Brustil (Brawn lab.),Dimetindene Maleate Oral drops,قطرات فموية,,,عبوة,عبوة,1,0,2250,2250,2250,1
03-H00-003,Fenestedil (Al_kindi),Dimetindene Maleate Oral drops,قطرات فموية,,,عبوة,عبوة,1,0,2500,2500,2500,1
03-H00-003,Fenisdain (WadiAlrafidain),Dimetindene Maleate Oral drops,قطرات فموية,,,عبوة,عبوة,1,0,2500,2500,2500,1
03-H00-003,Venostic (Aswar alkhalej),Dimetindene Maleate Oral drops,قطرات فموية,,,عبوة,عبوة,1,0,2500,2500,2500,1
03-H00-003,Finistil-Kids oral drop (SDI),Dimetindene Maleate Oral drops,قطرات فموية,,,عبوة,عبوة,1,0,2750,2750,2750,1
03-H00-003,DIJ-FINESTEEL (Dijla),Dimetindene Maleate Oral drops,قطرات فموية,,,عبوة,عبوة,1,0,2750,2750,2750,1
03-H00-003,fencil oral drops 0.1% (API),Dimetindene Maleate Oral drops,قطرات فموية,0.10%,,عبوة,عبوة,1,0,3000,3000,3000,1
03-H00-003,fencil oral drops 0.1% (API),Dimetindene Maleate Oral drops,قطرات فموية,0.10%,,عبوة,عبوة,1,0,3000,3000,3000,1
03-H00-003,Jostil drop (Jerash Pharma),Dimetindene Maleate Oral drops,قطرات فموية,,,عبوة,عبوة,1,0,5000,5000,5000,1
03-H00-003,Jostil drop (Jerash Pharma),Dimetindene Maleate Oral drops,قطرات فموية,,,عبوة,عبوة,1,0,5000,5000,5000,1
03-H00-003,LEVOGYL 5mg/ml )100ml( solution for IV only (Unique),Dimetindene Maleate Oral drops,فيال,5mg,,علبة,فيال,1,0,3750,3750,3750,1
03-H00-003,levofloxacin Hikma 500mg/100ml,Dimetindene Maleate Oral drops,فيال,500mg,,علبة,فيال,1,0,5750,5750,5750,1
03-H00-003,LEVOX NS Injection 100 ml (Al mansour),Dimetindene Maleate Oral drops,فيال,100 ml,,علبة,فيال,1,0,9250,9250,9250,1
03-H00-003,Levoneer 500mg (Pioneer),Dimetindene Maleate Oral drops,فيال,500mg,,علبة,فيال,1,0,13000,13000,13000,1
03-H00-003,robur 100ml (Gulf inject),Dimetindene Maleate Oral drops,فيال,100ml,,علبة,فيال,1,0,13250,13250,13250,1
03-H00-003,loxamox sol. For i.v inf.bag (MS pharma),Dimetindene Maleate Oral drops,فيال,,,علبة,فيال,1,0,14500,14500,14500,1
03-H00-003,Levodis 5mg/ml inj (Les Lab. Medis),Dimetindene Maleate Oral drops,فيال,5mg,,علبة,فيال,1,0,15250,15250,15250,1
03-H00-003,floxilevo 500mg/100ml vial (DEVA),Dimetindene Maleate Oral drops,فيال,500mg,,علبة,فيال,1,0,17250,17250,17250,1
03-H00-003,Levoxipolin 500mg/100ml (Polifarma ilac san/ turkey),Dimetindene Maleate Oral drops,فيال,500mg,,علبة,فيال,1,0,17250,17250,17250,1
03-H00-003,lavoxin 500mg vial (Tabuk),Dimetindene Maleate Oral drops,فيال,500mg,,علبة,فيال,1,0,17250,17250,17250,1
03-H00-003,Levofloxacin cooper inf.vial,Dimetindene Maleate Oral drops,فيال,,,علبة,فيال,1,0,17250,17250,17250,1
03-H00-003,levoflox-Denk 5mg/ml inj (Solupharm),Dimetindene Maleate Oral drops,فيال,5mg,,علبة,فيال,1,0,17250,17250,17250,1
03-H00-003,Matador 500mg/100ml IV infusion (Pharmathen),Dimetindene Maleate Oral drops,فيال,500mg,,علبة,فيال,1,0,20250,20250,20250,1
03-H00-003,Ravivo 500mg/100ml sol. (Mefar ilac san),Dimetindene Maleate Oral drops,فيال,500mg,,علبة,فيال,1,0,21750,21750,21750,1
03-H00-003,Lefort 500mg/100ml solution for infusion (Hikma farmaceutica),Dimetindene Maleate Oral drops,فيال,500mg,,علبة,فيال,1,0,37000,37000,37000,1
03-H00-003,Levoject 500mg/100ml (.Unimed lab),Dimetindene Maleate Oral drops,فيال,500mg,,علبة,فيال,1,0,65000,65000,65000,1
03-H00-003,levofloxacin norman 5mg/ml i.v (Lab.Normon),Dimetindene Maleate Oral drops,فيال,5mg,,علبة,فيال,1,0,106000,106000,106000,1
03-H00-003,vita zinc (vita pharma),Dimetindene Maleate Oral drops,شراب,,,عبوة,عبوة,1,0,4000,4000,4000,1
03-H00-003,ZINCOMAX 15mg/5ml (Pioneer),Dimetindene Maleate Oral drops,شراب,15mg,,عبوة,عبوة,1,0,4000,4000,4000,1
03-H00-003,Prota Zinc syrup (Protem pharma),Dimetindene Maleate Oral drops,شراب,,,عبوة,عبوة,1,0,4750,4750,4750,1
03-H00-003,Zincovef C syrup (Vefa ilac. Sanayi),Dimetindene Maleate Oral drops,شراب,,,عبوة,عبوة,1,0,7000,7000,7000,1
03-H00-003,ZINCONIC LIQUID (unirex healthcare),Dimetindene Maleate Oral drops,شراب,,,عبوة,عبوة,1,0,8000,8000,8000,1
03-H00-003,Nutrigen zinc (Vivatinell),Dimetindene Maleate Oral drops,شراب,,,عبوة,عبوة,1,0,10500,10500,10500,1
22-222-222,centrozon (unirex healthcare),multivitamin tab,حبوب,,,علبة,شريط,1,0,5750,5750,5750,1
22-222-222,VIT - ALL 30 film coated tablet (Protem pharma),multivitamin tab,حبوب,,,علبة,شريط,1,0,7000,7000,7000,1
22-222-222,vitap GS softgel cap (Vefa ilac),multivitamin tab,كبسول,,,علبة,شريط,3,0,7000,2333.33,7000,1
22-222-222,Centraid multivitamin/multimineral with lutein (Invatech Pharma),multivitamin tab,حبوب,,,علبة,شريط,30,0,7250,241.67,7250,1
22-222-222,Supra VIT complete tab (Kendy pharma),multivitamin tab,حبوب,,,علبة,شريط,30,0,8750,291.67,8750,1
22-222-222,unimas centrumas tab (mas pharma),multivitamin tab,حبوب,,,علبة,شريط,1,0,10500,10500,10500,1
22-222-222,Glovit capsule (Global pharma),multivitamin tab,كبسول,,,علبة,شريط,2,0,10500,5250,10500,1
22-222-222,Vita Thrive Essential Multivitamin & Mineral Tablet (Liquidsun Ltd),multivitamin tab,حبوب,,,علبة,شريط,1,0,10750,10750,10750,1
22-222-222,centamin multivitamins (pharmaceutical),multivitamin tab,حبوب,,,علبة,شريط,1,0,14250,14250,14250,1
22-222-222,Centrum silver with lutein (Pfizer),multivitamin tab,حبوب,,,علبة,شريط,1,0,20000,20000,20000,1
22-222-222,BIO-BETIC (ALFA VITAMINS),multivitamin tab,حبوب,,,علبة,شريط,1,0,20250,20250,20250,1
22-222-222,viva vitaplex soft gels (viva pharmaceutical),multivitamin tab,كبسول,,,علبة,شريط,90,0,34750,386.11,34750,1
22-222-222,Centrum silver with lutein (Pfizer),multivitamin tab,حبوب,,,علبة,شريط,1,0,45000,45000,45000,1
22-222-222,"centrum energy tablet (""Pfizer Consumer Manufacturing Italy S.R.L - Via)",multivitamin tab,حبوب,,,علبة,شريط,1,0,57000,57000,57000,1
02-L00-002,DOMPERIDIN (WadiAlrafidain),Domperidone 10mg/10ml Suspension,حقن,10mg,,علبة,حقنة,1,0,2000,2000,2000,1
02-L00-002,MDIPERDON oral susp,Domperidone 10mg/10ml Suspension,حقن,10mg,,علبة,حقنة,1,0,2000,2000,2000,1
02-L00-002,Domperidone MDI susp,Domperidone 10mg/10ml Suspension,حقن,10mg,,علبة,حقنة,11,0,2500,227.27,2500,1
02-L00-002,Motidon (Pioneer),Domperidone 10mg/10ml Suspension,حقن,10mg,,علبة,حقنة,1,0,2500,2500,2500,1
02-L00-002,Domperide suspension (DAD),Domperidone 10mg/10ml Suspension,حقن,10mg,,علبة,حقنة,1,0,3500,3500,3500,1
02-L00-002,domper susp. (Opaliapharma),Domperidone 10mg/10ml Suspension,حقن,10mg,,علبة,حقنة,1,0,3500,3500,3500,1
02-L00-002,Dompy oral susp (Jamjoom),Domperidone 10mg/10ml Suspension,حقن,10mg,,علبة,حقنة,1,0,4500,4500,4500,1
02-L00-002,Gastromotil oral susp (Eipico),Domperidone 10mg/10ml Suspension,حقن,10mg,,علبة,حقنة,1,0,4500,4500,4500,1
02-L00-002,Prokinin oral solution (Tabuk),Domperidone 10mg/10ml Suspension,حقن,10mg,,علبة,حقنة,1,0,4500,4500,4500,1
02-L00-002,Motilium 1mg/ml OS (Janssen Pharmaceutical N.V),Domperidone 10mg/10ml Suspension,حقن,1mg,,علبة,حقنة,1,0,9750,9750,9750,1
02-L00-002,Ringers injection USP 39 (El fath for drugs and cosmetic industry (FIPCO),Domperidone 10mg/10ml Suspension,فيال,10mg,,علبة,فيال,1,0,2000,2000,2000,1
02-L00-002,Ringers Solution (Pioneer),Domperidone 10mg/10ml Suspension,فيال,10mg,,علبة,فيال,1,0,2250,2250,2250,1
02-L00-002,Ringer solution (PSI),Domperidone 10mg/10ml Suspension,فيال,10mg,,علبة,فيال,1,0,2500,2500,2500,1
02-L00-002,Ringer's solution (Vioser),Domperidone 10mg/10ml Suspension,فيال,10mg,,علبة,فيال,1,0,3250,3250,3250,1
02-L00-002,Ringer B. Braun solution for IV infusion (B.Braun melsungen Ag),Domperidone 10mg/10ml Suspension,فيال,10mg,,علبة,فيال,1,0,3500,3500,3500,1
02-L00-002,Ringer solution (Vioser),Domperidone 10mg/10ml Suspension,فيال,10mg,,علبة,فيال,1,0,5000,5000,5000,1
02-L00-002,Colchicum -Dispert 0.5 (Recordati),Domperidone 10mg/10ml Suspension,حبوب,10mg,,علبة,شريط,50,0,14500,290,14500,1
33-333-333,Acti-D3 Oral Drop (Napco Pharma),d3 400iu oral drop,قطرات فموية,400iu,,عبوة,عبوة,1,0,3000,3000,3000,1
33-333-333,well baby vit. D drop (Laleham),d3 400iu oral drop,قطرات فموية,400iu,,عبوة,عبوة,30,0,12250,408.33,12250,1
33-333-333,Active D3 drop (Queisser pharma),d3 400iu oral drop,قطرات فموية,400iu,,عبوة,عبوة,30,0,13750,458.33,13750,1
15-AF0-011,pass,Octreotide 0.05mg/ml Injection vial or ampoule,pass,0.05mg,,علبة,قطعة,1,0,0,0,0,1
09-CF0-003,Magnesium Sulphate 20% (Pioneer),Magnesium sulphate 20% (10 or 20ml) Ampoule,أمبول,20%,,علبة,أمبولة,20,0,20750,1037.5,20750,1
09-AB0-017,3V Inj. (Julphar),Thiamine hydrochloride (Vitamin B1)100mg + pyridoxine hydrochloride(Vitamin B6) 100mg +cyanocobolamine(Vitamin B12 )1000mcg+nicotinamide (Vitamin B3)9mg /2ml ampoule,أمبول,100mg,,علبة,أمبولة,3,0,3000,1000,3000,1
09-AB0-017,Ancopir amp (Haupt pharma Wulfing GmbH),Thiamine hydrochloride (Vitamin B1)100mg + pyridoxine hydrochloride(Vitamin B6) 100mg +cyanocobolamine(Vitamin B12 )1000mcg+nicotinamide (Vitamin B3)9mg /2ml ampoule,أمبول,100mg,,علبة,أمبولة,5,0,7000,1400,7000,1
09-AB0-017,NEUROBION ampoules IM use. (Cenexi),Thiamine hydrochloride (Vitamin B1)100mg + pyridoxine hydrochloride(Vitamin B6) 100mg +cyanocobolamine(Vitamin B12 )1000mcg+nicotinamide (Vitamin B3)9mg /2ml ampoule,أمبول,100mg,,علبة,أمبولة,3,0,7250,2416.67,7250,1
08-DOO-012,enox 2000 anti-Xa IU/0.2ml (Atabay),enoxaparin 2000 i.u(20mg/0.2ml),حقن,0.2ml,,علبة,حقنة,2,0,7500,3750,7500,1
08-DOO-012,medaparin anti-xa (Les Laboratories MEDIS),enoxaparin 2000 i.u(20mg/0.2ml),حقن,2000 i.u,,علبة,حقنة,2,0,7500,3750,7500,1
08-DOO-012,ENOXAMED 2000IU (Unimed),enoxaparin 2000 i.u(20mg/0.2ml),حقن,2000IU,,علبة,حقنة,2,0,7500,3750,7500,1
08-DOO-012,Inhixa 2000 IU solution for injection in PFS . (Shenzhew Techdow),enoxaparin 2000 i.u(20mg/0.2ml),حقن,2000 IU,,علبة,حقنة,2,0,10250,5125,10250,1
08-DOO-012,Clexane 2000IU (20mg)/0.2ml solution for injection in aPFS (sanofi winthrop industries),enoxaparin 2000 i.u(20mg/0.2ml),حقن,2000IU,,علبة,حقنة,2,0,10750,5375,10750,1
15-B00-053,Mycept S- 360mg (MS panacea Biotic),Mycophenolic acid as sod. Salt i.e. Mycophenolic acid as mycophenolate sod. Tab. 360mg,حبوب,360mg,,علبة,شريط,3,0,39000,13000,39000,1
15-B00-053,mycophenolic acid 360mg gastro-resistant tab (Intes pharmaceul),Mycophenolic acid as sod. Salt i.e. Mycophenolic acid as mycophenolate sod. Tab. 360mg,حبوب,360mg,,علبة,شريط,12,0,143000,11916.67,143000,1
15-B00-053,MAR-mycohenolic acid 360mg tab (Emcure),Mycophenolic acid as sod. Salt i.e. Mycophenolic acid as mycophenolate sod. Tab. 360mg,حبوب,360mg,,علبة,شريط,12,0,157000,13083.33,157000,1
15-B00-053,mycophenodim-MDI 360mg tab,Mycophenolic acid as sod. Salt i.e. Mycophenolic acid as mycophenolate sod. Tab. 360mg,حبوب,360mg,,علبة,شريط,12,0,159000,13250,159000,1
15-B00-053,Apo-Mycophenolic acid 360mg (Apotex),Mycophenolic acid as sod. Salt i.e. Mycophenolic acid as mycophenolate sod. Tab. 360mg,حبوب,360mg,,علبة,شريط,12,0,385000,32083.33,385000,1
44-444-444,Cyclosaf (safa),Cyclosporine (Microemulsion)100mg/ml oral Solution,bottle,100mg,,علبة,قطعة,1,0,106000,106000,106000,1
44-444-444,MDI-cyclo oral,Cyclosporine (Microemulsion)100mg/ml oral Solution,bottle,100mg,,علبة,قطعة,1,0,106000,106000,106000,1
44-444-444,saclorin 50ml oral solu (pioneer),Cyclosporine (Microemulsion)100mg/ml oral Solution,bottle,50ml,,علبة,قطعة,1,0,117000,117000,117000,1
11-EA0-005,EYLEA 114.3mg/ml (catalent),aflibercept 30.1mg/0.263ml,فيال,114.3mg,,علبة,فيال,1,0,1287000,1287000,1287000,1
11-EA0-005,Eylea 40 mg/ml solution for injection in vial Intravitreous (Bayer),aflibercept 30.1mg/0.263ml,فيال,40 mg,,علبة,فيال,1,0,1288000,1288000,1288000,1
11-EA0-005,ximluci 10mg/ml (TEN23 health valais AG),Ranibizumab 10 mg / ml (2.3mg/0.23ml )- ml for intravitreal vial OR Pfs 11-EA0-004 v y }{ | v € v }{ | „ † v v Ranibizumab 10 mg / ml (2.3mg/0.23ml )- ml for intravitreal vial OR Pfs 11-EA0-004 v y }{ | v € v }{ | „ † v v,فيال,10mg,,علبة,فيال,1,0,752000,752000,752000,1
11-EA0-005,Lucentis (Novartis),Ranibizumab 10 mg / ml (2.3mg/0.23ml )- ml for intravitreal vial OR Pfs 11-EA0-004 v y }{ | v € v }{ | „ † v v Ranibizumab 10 mg / ml (2.3mg/0.23ml )- ml for intravitreal vial OR Pfs 11-EA0-004 v y }{ | v € v }{ | „ † v v,فيال,10 mg,,علبة,فيال,1,0,2069000,2069000,2069000,1
11-EA0-006,Nebunta 5 mg tablet (Ajanta),faricimab 6mg/0.05ml,حبوب,5 mg,,علبة,شريط,3,0,7750,2583.33,7750,1
11-EA0-006,Nebilok (Torrent pharmaceutical),faricimab 6mg/0.05ml,حبوب,6mg,,علبة,شريط,3,0,8250,2750,8250,1
11-EA0-006,nebimac 5 (Macleods),faricimab 6mg/0.05ml,حبوب,6mg,,علبة,شريط,4,0,8250,2062.5,8250,1
11-EA0-006,nebilong 5mg (Microlab),faricimab 6mg/0.05ml,حبوب,5mg,,علبة,شريط,3,0,9500,3166.67,9500,1
11-EA0-006,Nebstyle 5mg tab (Aurobindo),faricimab 6mg/0.05ml,حبوب,5mg,,علبة,شريط,3,0,9500,3166.67,9500,1
11-EA0-006,Nevol 5mg (pioneer),faricimab 6mg/0.05ml,حبوب,5mg,,علبة,شريط,2,0,10500,5250,10500,1
11-EA0-006,Nebeta 5mg (Abdi-Ibrahim),faricimab 6mg/0.05ml,حبوب,5mg,,علبة,شريط,2,0,11500,5750,11500,1
11-EA0-006,nebicur 5mg (Bennett),faricimab 6mg/0.05ml,حبوب,5mg,,علبة,شريط,2,0,13250,6625,13250,1
11-EA0-006,Lovidol 5mg (Salutem pharma / Germany),faricimab 6mg/0.05ml,حبوب,5mg,,علبة,شريط,2,0,14000,7000,14000,1
11-EA0-006,bivol 5mg tab (Pharmapath),faricimab 6mg/0.05ml,حبوب,5mg,,علبة,شريط,2,0,14250,7125,14250,1
11-EA0-006,iverzac 5mg tab (Ajanta),faricimab 6mg/0.05ml,حبوب,5mg,,علبة,شريط,3,0,9500,3166.67,9500,1
11-EA0-006,ivaclan 5 mg (Sama Alfayhaa),faricimab 6mg/0.05ml,حبوب,5 mg,,علبة,شريط,6,0,18250,3041.67,18250,1
11-EA0-006,bravigo 5mg tab (Genepharma),faricimab 6mg/0.05ml,حبوب,5mg,,علبة,شريط,4,0,25500,6375,25500,1
11-EA0-006,Procoralan 5 mg F.C. tab (Les Lab. Servier),faricimab 6mg/0.05ml,حبوب,5 mg,,علبة,شريط,4,0,38000,9500,38000,1
10-f00-012,fastum gel (Menarini),ketoprofen 2.5g,tube,2.5g,,علبة,قطعة,1,0,5000,5000,5000,1
10-f00-012,fastum gel (Menarini),ketoprofen 2.5g,tube,2.5g,,علبة,قطعة,1,0,11250,11250,11250,1
04-J00-071,lacoaxis-100mg (Apraz health care er),lacosamide 100mg f.c.t,حبوب,100mg,,علبة,شريط,6,0,30500,5083.33,30500,1
04-J00-071,Lacosamide 100 FC tablets (safa),lacosamide 100mg f.c.t,حبوب,100mg,,علبة,شريط,3,0,33000,11000,33000,1
04-J00-071,lacomide (Sama Alfayhaa),lacosamide 100mg f.c.t,حبوب,100mg,,علبة,شريط,6,0,45000,7500,45000,1
04-J00-071,LACOAXIS 100 (Aprazer health care),lacosamide 100mg f.c.t,حبوب,100mg,,علبة,شريط,10,0,46000,4600,46000,1
04-J00-071,losapil 100mg f.c.t (UPM),lacosamide 100mg f.c.t,حبوب,100mg,,علبة,شريط,3,0,48000,16000,48000,1
04-J00-071,Elepsi 100 mg Film coated tablets (Santa farma ilac),lacosamide 100mg f.c.t,حبوب,100 mg,,علبة,شريط,4,0,73000,18250,73000,1
04-J00-071,Genelac 100 mg (Genepharm),lacosamide 100mg f.c.t,حبوب,100 mg,,علبة,شريط,4,0,75000,18750,75000,1
04-J00-071,trepadio 100mg tab (Jazeera pharma),lacosamide 100mg f.c.t,حبوب,100mg,,علبة,شريط,6,0,77000,12833.33,77000,1
04-J00-071,lazure 100mg F.C. tab (Tabuk),lacosamide 100mg f.c.t,حبوب,100mg,,علبة,شريط,6,0,88000,14666.67,88000,1
04-J00-075,trepadio 10mg/ml syrup (Jazeera pharma),lacosamide 10mg,bottle,10mg,,علبة,قطعة,1,0,21500,21500,21500,1
04-J00-075,lacomide (Sama Alfayhaa),lacosamide 10mg,bottle,10mg,,علبة,قطعة,1,0,25750,25750,25750,1
04-J00-075,lacosamide oral solution (safa pharma),lacosamide 10mg,bottle,10mg,,علبة,قطعة,1,0,25750,25750,25750,1
04-JOO-052,onegaba 100caps (Aurobindo),gabapentin 100mg cap,حبوب,100mg,,علبة,شريط,3,0,3500,1166.67,3500,1
04-JOO-052,gabasaf 100mg (Safa Pharma),gabapentin 100mg cap,حبوب,100mg,,علبة,شريط,2,0,4500,2250,4500,1
04-JOO-052,Conventin 100 mg hard (Eva pharma),gabapentin 100mg cap,حبوب,100 mg,,علبة,شريط,3,0,5000,1666.67,5000,1
04-JOO-052,gelatin cap. gaptin 100mg (Delta pharma),gabapentin 100mg cap,حبوب,100mg,,علبة,شريط,2,0,6750,3375,6750,1
04-JOO-052,nurona 100mg cap (Pharma international),gabapentin 100mg cap,حبوب,100mg,,علبة,شريط,2,0,6750,3375,6750,1
04-JOO-052,gabatrex 100mg cap (Hikma),gabapentin 100mg cap,حبوب,100mg,,علبة,شريط,2,0,8000,4000,8000,1
04-JOO-052,gabapentin 100mg cap (Medreich),gabapentin 100mg cap,حبوب,100mg,,علبة,شريط,10,0,9250,925,9250,1
04-JOO-052,gabanet 100mg cap (Jordanian pharma),gabapentin 100mg cap,حبوب,100mg,,علبة,شريط,3,0,14000,4666.67,14000,1
04-JOO-052,Nupentin 100 mg cap (Alphapharm),gabapentin 100mg cap,حبوب,100 mg,,علبة,شريط,3,0,19750,6583.33,19750,1
04-JOO-052,GABAPENTIN ACCORD-UK,gabapentin 100mg cap,حبوب,100mg,,علبة,شريط,10,0,28000,2800,28000,1
04-JOO-052,gabasaf 100mg (Safa Pharma),gabapentin 100mg cap,حبوب,100mg,,علبة,شريط,100,0,156000,1560,156000,1
09-AD0-009,VITAMIN D3 NOVATRA (Novatra pharma PLC),"Cholecalciferol (vit. D3) 300,000 unit /ml",أمبول,000 u,,علبة,أمبولة,1,0,2000,2000,2000,1
09-AD0-009,"selovita- D3 300.000 IU/ml, IM/oral amp (Osel ilac)","Cholecalciferol (vit. D3) 300,000 unit /ml",أمبول,300.000 IU,,علبة,أمبولة,1,0,2250,2250,2250,1
09-AD0-009,"dalvit 300,000 iu/ml (oral/im) 1ml amp (Brussels Laboratories)","Cholecalciferol (vit. D3) 300,000 unit /ml",أمبول,000 iu,,علبة,أمبولة,1,0,2250,2250,2250,1
09-AD0-009,"Devit-3 I.M. / oral Ampoule (300, 000) I.U/ml (Deva)","Cholecalciferol (vit. D3) 300,000 unit /ml",amopoule,000 u,,علبة,قطعة,1,0,3750,3750,3750,1
09-AD0-009,"DIBASE 300,000 I.U./ 1 ml. solution for injection (Abiogen pharma)","Cholecalciferol (vit. D3) 300,000 unit /ml",أمبول,000 I.U,,علبة,أمبولة,2,0,12250,6125,12250,1
09-AD0-039,DIBASE 10000 IU/ml drop (Abiogen pharma),"Cholecalciferol (vit. D3) 100,000 unit /ml",أمبول,10000 IU,,علبة,أمبولة,6,0,9750,1625,9750,1
07-E00-024,Vesifix 5 mg tablet (Nobel ilac),solifenacin succinate 5mg,حبوب,5 mg,,علبة,شريط,3,0,13250,4416.67,13250,1
07-E00-024,lifance 5mg tab (Saudi pharma),solifenacin succinate 5mg,حبوب,5mg,,علبة,شريط,3,0,14500,4833.33,14500,1
07-E00-024,solivitae 5mg f.c.tab (Atlantic pharma),solifenacin succinate 5mg,حبوب,5mg,,علبة,شريط,3,0,15000,5000,15000,1
07-E00-024,bevlasin 5mg (Ilko ilak san),solifenacin succinate 5mg,حبوب,5mg,,علبة,شريط,3,0,16500,5500,16500,1
07-E00-024,fensolin 5mg tab (Jamjoom),solifenacin succinate 5mg,حبوب,5mg,,علبة,شريط,3,0,17750,5916.67,17750,1
07-E00-024,uricare 5mg F.C.T (Pharmaline),solifenacin succinate 5mg,حبوب,5mg,,علبة,شريط,3,0,18250,6083.33,18250,1
07-E00-024,sulfi 5mg (TQ pharma),solifenacin succinate 5mg,حبوب,5mg,,علبة,شريط,3,0,18250,6083.33,18250,1
07-E00-024,vesitone 5mg tab (Julphar),solifenacin succinate 5mg,حبوب,5mg,,علبة,شريط,3,0,18250,6083.33,18250,1
07-E00-024,solfesire 5mg f.c.t (Humanis saglik A.S),solifenacin succinate 5mg,حبوب,5mg,,علبة,شريط,2,0,20250,10125,20250,1
07-E00-024,solicare 5mg tab (Genepharma),solifenacin succinate 5mg,حبوب,5mg,,علبة,شريط,3,0,22250,7416.67,22250,1
07-E00-024,grisal 5mg (Delorbis pharmaceutical),solifenacin succinate 5mg,حبوب,5mg,,علبة,شريط,3,0,22250,7416.67,22250,1
07-E00-024,sanadcare 5mg F.C.T. (Savvy Pharma),solifenacin succinate 5mg,حبوب,5mg,,علبة,شريط,3,0,28750,9583.33,28750,1
07-E00-024,urilax 5mg (Tabuk),solifenacin succinate 5mg,حبوب,5mg,,علبة,شريط,3,0,30500,10166.67,30500,1
07-E00-024,Vesicare 5mg tab (Astellas),solifenacin succinate 5mg,حبوب,5mg,,علبة,شريط,3,0,46000,15333.33,46000,1
Temp-Hsm-0493,Somacita (AL Motakadema pharma),citicoline 100mg/ml citicoline 100mg/ml,bottle,100mg,,علبة,قطعة,1,0,8750,8750,8750,1
Temp-Hsm-0493,Somazina sol. 100mg/ml (Ferrer int.),citicoline 100mg/ml citicoline 100mg/ml,bottle,100mg,,علبة,قطعة,1,0,17750,17750,17750,1
Temp-Hsm-0493,Carmzina (Napco pharm),citicoline 100mg/ml citicoline 100mg/ml,bottle,100mg,,علبة,قطعة,1,0,17750,17750,17750,1
Temp-Hsm-0493,trausan 100mg/ml drop oral solu. (Faes),citicoline 100mg/ml citicoline 100mg/ml,bottle,100mg,,علبة,قطعة,1,0,22250,22250,22250,1
Temp-Hsm-0493,VITASEA SOMA COLINA SYRUP (Ayaz ilac),citicoline 100mg/ml citicoline 100mg/ml,bottle,100mg,,علبة,قطعة,1,0,25500,25500,25500,1
Temp-Hsm-0493,PROTA NEURO SYRUP (Protem pharma),citicoline 100mg/ml citicoline 100mg/ml,bottle,100mg,,علبة,قطعة,1,0,35500,35500,35500,1
07-DA0-013,cadila 0.075mg/0.03 mg (DAD/Jordan),gestodene 0.075mg+ethinyestradiol 0.03mg,حبوب,0.075mg,,علبة,شريط,1,0,5750,5750,5750,1
07-DA0-013,Tamisa 30mg (Eurofarma lab),gestodene 0.075mg+ethinyestradiol 0.03mg,حبوب,30mg,,علبة,شريط,1,0,7000,7000,7000,1
07-DA0-013,Katya 30/75 coated tab (Haupt Pharma munster gmbh),gestodene 0.075mg+ethinyestradiol 0.03mg,حبوب,0.075mg,,علبة,شريط,3,0,24750,8250,24750,1
07-DA0-013,Tamisa 20mg (Eurofarma),gestodene 0.075mg+ethinyestradiol 0.03mg,حبوب,20mg,,علبة,شريط,1,0,8750,8750,8750,1
07-DA0-006,Sunya 20/75 (Haupt Pharma munster gmbh),Gestodene 75mcg + Ethinyloestradiol 20mcg Tablet,حبوب,75mcg,,علبة,شريط,3,0,23000,7666.67,23000,1
